Date,AIQ,AIRR,AMLP,ARKG,AWAY,BATT,BETZ,BOTZ,CIBR,COPX,CORN,CPER,DBA,DIA,DRAM,ETHE,GLD,IAI,IBB,IBIT,IEF,IGV,ITA,IWM,KBE,KBWD,KRE,LITP,OIH,ONLN,PAVE,PDBC,PEJ,PPH,QQQ,REZ,RSP,SHY,SKYY,SLV,SLX,SMH,SOXX,SPY,SRVR,TIP,TLT,UNG,USO,UUP,VIXY,VNQ,VOO,WEAT,XBI,XLB,XLC,XLE,XLF,XLI,XLK,XLP,XLRE,XLU,XLV,XLY,XOP
2025-04-08,31.437000274658203,61.80604553222656,40.00251388549805,18.34000015258789,17.1200008392334,6.7652587890625,16.853322982788086,24.33272933959961,57.08211135864258,30.25408363342285,18.739999771118164,25.719999313354492,24.39037322998047,368.06842041015625,,12.0287504196167,275.20001220703125,120.00105285644531,111.7296142578125,43.59000015258789,89.53459167480469,80.13497924804688,136.41604614257812,172.09634399414062,44.21457290649414,10.16624641418457,47.05744552612305,4.364903926849365,193.36378479003906,36.715023040771484,33.4100341796875,11.753693580627441,42.5666618347168,78.22085571289062,413.1707458496094,73.58873748779297,149.2624969482422,78.22753143310547,89.45999908447266,27.139999389648438,51.684200286865234,179.3917999267578,153.70330810546875,488.3790283203125,25.148670196533203,102.48480987548828,82.5799560546875,18.280000686645508,63.34000015258789,27.317054748535156,82.83000183105469,75.4136734008789,448.8650817871094,23.350000381469727,69.47608184814453,36.119571685791016,84.5755615234375,36.548736572265625,42.949119567871094,114.28279113769531,89.14390563964844,73.30137634277344,35.2263298034668,35.050655364990234,129.58035278320312,87.11274719238281,98.64595794677734
2025-04-09,35.26932144165039,68.12938690185547,41.86639404296875,20.559999465942383,18.760000228881836,7.3740339279174805,18.44874382019043,27.291175842285156,62.89364242553711,33.84700012207031,19.049999237060547,27.739999771118164,25.11426544189453,397.0071105957031,,13.468255996704102,285.3800048828125,131.34825134277344,118.3224868774414,46.83000183105469,89.25163269042969,89.47322082519531,148.7570037841797,186.7248077392578,47.45473098754883,10.840157508850098,50.740291595458984,4.717061996459961,218.37957763671875,40.44824981689453,36.55520248413086,12.235008239746094,47.65399169921875,80.46903991699219,462.763916015625,77.46437072753906,161.19918823242188,78.1801986694336,100.22000122070312,28.059999465942383,56.54743576049805,210.176025390625,182.2484588623047,539.6682739257812,26.712759017944336,102.70105743408203,83.06600952148438,19.6200008392334,67.58000183105469,27.35573387145996,65.5,79.91261291503906,490.4947204589844,23.649999618530273,74.53250885009766,39.27583694458008,92.04822540283203,39.379302978515625,46.185943603515625,124.4329833984375,101.11209106445312,76.1431884765625,37.24983596801758,36.43177795410156,135.2125701904297,96.59762573242188,110.09703826904297
2025-04-10,33.74238586425781,65.79869079589844,40.65930938720703,19.360000610351562,18.39900016784668,7.2404961585998535,18.107276916503906,26.13956642150879,61.25449752807617,32.36528015136719,19.18000030517578,27.489999771118164,24.86331558227539,386.83941650390625,,12.413273811340332,292.3500061035156,126.6186294555664,112.84671783447266,45.16999816894531,88.6951675415039,86.47378540039062,146.0267333984375,178.87901306152344,44.65817642211914,10.281305313110352,47.62626266479492,4.578052520751953,199.2220916748047,38.82554244995117,35.32878494262695,12.042482376098633,45.18981170654297,77.79448699951172,443.0815734863281,76.06295776367188,155.7725372314453,78.17074584960938,95.86000061035156,28.280000686645508,54.352088928222656,195.60137939453125,167.3505859375,516.0206298828125,26.238794326782227,101.47875213623047,80.77600860595703,18.469999313354492,65.31999969482422,26.785219192504883,77.91000366210938,78.08847045898438,473.74853515625,23.450000762939453,71.27767944335938,38.02111053466797,88.86670684814453,36.80693054199219,44.8951301574707,121.22300720214844,96.4051742553711,76.18158721923828,36.46133804321289,36.15843200683594,131.44151306152344,92.82344055175781,101.04651641845703
2025-04-11,34.381103515625,66.99647521972656,41.32498550415039,21.030000686645508,18.736000061035156,7.545865535736084,18.289966583251953,26.675661087036133,62.14857482910156,34.399009704589844,19.579999923706055,28.510000228881836,25.3941707611084,392.9303283691406,,12.837239265441895,297.92999267578125,129.43084716796875,116.65682220458984,47.66999816894531,88.19529724121094,87.18364715576172,148.04217529296875,181.4877166748047,44.80282211303711,10.289523124694824,47.49128341674805,4.902408123016357,206.70225524902344,39.58213806152344,35.922210693359375,12.215755462646484,45.72636413574219,79.47091674804688,451.2444763183594,76.61385345458984,158.13450622558594,78.02875518798828,96.30999755859375,29.190000534057617,55.917381286621094,200.685546875,170.97332763671875,525.227783203125,26.731719970703125,101.5163803100586,81.21531677246094,18.6299991607666,66.45999908447266,26.543476104736328,75.69000244140625,79.04307556152344,482.0921630859375,24.149999618530273,73.98506927490234,39.14939498901367,89.622802734375,37.72017288208008,45.63832473754883,123.36298370361328,98.37921142578125,77.14165496826172,36.97433853149414,36.59962463378906,133.37091064453125,93.72252655029297,104.12466430664062
2025-04-14,34.66054153442383,67.50553131103516,42.32792663574219,21.350000381469727,18.94499969482422,7.717697620391846,18.488916397094727,26.844430923461914,62.337318420410156,35.19313430786133,19.420000076293945,29.399999618530273,25.365215301513672,396.36175537109375,,13.428814888000488,296.2300109863281,131.09259033203125,119.9881591796875,48.279998779296875,88.9026870727539,87.96350860595703,149.78958129882812,183.62388610839844,45.57428741455078,10.494985580444336,48.320411682128906,5.0321502685546875,207.00698852539062,39.930580139160156,36.25849151611328,12.196502685546875,45.97477722167969,80.70159912109375,454.3031005859375,78.4501953125,160.1548614501953,78.19912719726562,96.55000305175781,29.3799991607666,55.98629379272461,200.984619140625,172.10479736328125,530.3232421875,27.110891342163086,102.00528717041016,81.79481506347656,17.510000228881836,66.66000366210938,26.45644760131836,67.0,80.67819213867188,486.93719482421875,23.899999618530273,76.18480682373047,39.621131896972656,90.2218017578125,37.85404586791992,46.107723236083984,124.64894104003906,99.27693939208984,78.45696258544922,37.79134750366211,37.25661087036133,134.99819946289062,93.9942398071289,104.0472183227539
2025-04-15,34.790283203125,67.45562744140625,42.93146896362305,21.31999969482422,19.059999465942383,7.698059558868408,18.61326026916504,26.90399742126465,62.93337631225586,35.05754852294922,19.5,29.010000228881836,25.230087280273438,394.6900634765625,,13.172467231750488,297.7799987792969,131.58425903320312,119.53932189941406,47.7400016784668,89.166748046875,89.07329559326172,149.23358154296875,183.85032653808594,46.20109939575195,10.601823806762695,49.139888763427734,4.939477443695068,206.69244384765625,39.77129364013672,36.08046340942383,12.167624473571777,46.342411041259766,80.51747131347656,454.80950927734375,78.74981689453125,159.63755798339844,78.19912719726562,97.3499984741211,29.40999984741211,55.858314514160156,202.29055786132812,172.8094940185547,528.837890625,27.27204132080078,101.99588012695312,82.08456420898438,17.360000610351562,66.4800033569336,26.60149383544922,66.5,80.92393493652344,485.5710754394531,23.649999618530273,76.18480682373047,39.30988311767578,90.44764709472656,37.79667663574219,46.22506332397461,124.03050231933594,99.6390151977539,77.79450988769531,37.84834671020508,37.25181198120117,134.16995239257812,93.31745147705078,103.52450561523438
2025-04-16,33.83220291137695,66.55728912353516,42.780582427978516,20.799999237060547,18.850000381469727,7.521317958831787,18.59126091003418,26.31826400756836,61.820743560791016,35.05754852294922,19.579999923706055,29.31999969482422,25.596860885620117,387.90509033203125,,13.014713287353516,307.4700012207031,128.7228546142578,117.48465728759766,47.959999084472656,89.5534439086914,86.9237060546875,148.58824157714844,182.0882110595703,46.06609344482422,10.486764907836914,49.130245208740234,4.837536811828613,207.70486450195312,38.85540771484375,35.615604400634766,12.312018394470215,45.99464416503906,79.61627960205078,441.0954284667969,78.50818634033203,157.58795166015625,78.30325317382812,95.68000030517578,29.760000228881836,55.48421859741211,193.7471466064453,166.13967895507812,517.0828247070312,27.243602752685547,102.2779541015625,82.54255676269531,17.030000686645508,67.75,26.37908935546875,72.05000305175781,80.86721801757812,474.89837646484375,23.75,74.7813491821289,39.00349807739258,88.01240539550781,38.107460021972656,45.50142288208008,122.33226013183594,96.1770248413086,76.9592514038086,37.829349517822266,36.9161262512207,132.80572509765625,91.01538848876953,105.40237426757812
2025-04-17,33.83220291137695,67.08631134033203,43.171112060546875,20.670000076293945,18.9950008392334,7.609688758850098,18.794992446899414,26.42746925354004,61.363773345947266,35.20281219482422,19.579999923706055,29.469999313354492,25.722335815429688,382.8059997558594,,12.965414047241211,306.1199951171875,129.9126434326172,117.98336791992188,48.2599983215332,89.29878234863281,86.57376098632812,148.47903442382812,183.57467651367188,46.37468338012695,10.684009552001953,49.57373046875,4.88850736618042,215.1063995361328,39.35316848754883,35.813419342041016,12.408281326293945,46.40203094482422,81.37992858886719,441.0160217285156,79.52301025390625,158.75914001464844,78.3316650390625,95.3499984741211,29.549999237060547,56.10443115234375,191.9327850341797,165.30596923828125,517.8206176757812,27.71756935119629,102.51301574707031,81.81350708007812,17.030000686645508,69.4800033569336,26.398427963256836,69.95999908447266,82.0770034790039,475.5567932128906,23.799999237060547,75.57763671875,39.270973205566406,88.5819320678711,38.96810531616211,45.618770599365234,122.99978637695312,95.65623474121094,78.6009750366211,38.427860260009766,37.29497146606445,132.0261688232422,91.58843231201172,108.34501647949219
2025-04-21,33.16353988647461,65.0500717163086,42.27467346191406,20.43000030517578,18.777000427246094,7.530155181884766,18.532915115356445,25.980722427368164,59.8239631652832,35.183448791503906,19.510000228881836,29.790000915527344,25.703031539916992,373.2788391113281,,12.906257629394531,315.5899963378906,126.81526184082031,116.93608856201172,49.720001220703125,88.81779479980469,83.89427185058594,145.41116333007812,179.8929443359375,45.728580474853516,10.492927551269531,48.918148040771484,4.8653388023376465,209.34637451171875,38.38751220703125,34.91338348388672,12.312018394470215,45.19974899291992,80.662841796875,430.102294921875,78.04425811767578,155.56756591796875,78.28431701660156,92.16000366210938,29.790000915527344,55.021522521972656,187.2473602294922,162.41770935058594,505.4950866699219,27.262561798095703,101.98648071289062,80.38343048095703,16.020000457763672,68.62000274658203,26.147014617919922,74.0999984741211,80.36628723144531,464.2256164550781,23.450000762939453,75.15959167480469,38.672794342041016,86.58857727050781,37.94967269897461,44.640872955322266,120.2413558959961,93.18621063232422,77.85211181640625,37.629852294921875,36.412593841552734,129.1808624267578,89.14310455322266,105.0732650756836
2025-04-22,34.04178237915039,66.62716674804688,43.153358459472656,21.299999237060547,18.989999771118164,7.717697620391846,18.99776840209961,26.48703384399414,60.906795501708984,36.11315155029297,19.229999542236328,30.3799991607666,26.040847778320312,383.30487060546875,,13.97109603881836,311.1099853515625,131.24009704589844,120.1178207397461,52.08000183105469,88.88380432128906,86.14385223388672,145.11331176757812,184.54925537109375,47.21364974975586,10.816936492919922,50.48961639404297,4.907042026519775,209.97544860839844,39.75137710571289,35.83319854736328,12.340896606445312,46.680240631103516,82.14546203613281,441.39337158203125,79.70663452148438,159.40335083007812,78.3127212524414,94.55000305175781,29.5,56.66557312011719,191.3047332763672,165.57395935058594,518.6469116210938,27.651212692260742,102.36259460449219,80.83209991455078,15.779999732971191,69.37000274658203,26.29206085205078,69.58000183105469,81.92578125,475.9400634765625,23.350000381469727,77.27970123291016,39.57735824584961,88.8470687866211,38.91551208496094,46.11749267578125,122.34207153320312,95.45783233642578,78.95618438720703,38.399356842041016,37.405269622802734,131.607177734375,91.96387481689453,107.65775299072266
2025-04-23,35.01982498168945,67.88484191894531,43.286502838134766,21.770000457763672,19.225000381469727,7.923894882202148,19.02454948425293,27.291175842285156,62.2777214050293,36.955692291259766,19.09000015258789,30.3700008392334,26.03119659423828,387.2565612792969,,14.671131134033203,303.6499938964844,132.57736206054688,121.68375396728516,53.20000076293945,88.97811889648438,88.79335021972656,149.1641082763672,187.2859649658203,48.081546783447266,10.916630744934082,51.627254486083984,4.995081424713135,206.14199829101562,40.63739776611328,36.4958610534668,12.254260063171387,47.365840911865234,82.2520523071289,451.40338134765625,79.75496673583984,160.94544982910156,78.25593566894531,97.83000183105469,30.559999465942383,57.935523986816406,198.29299926757812,171.7772674560547,526.6836547851562,27.546939849853516,102.6634521484375,81.61723327636719,15.729999542236328,68.05000305175781,26.53380584716797,67.11000061035156,82.0770034790039,483.5859680175781,23.149999618530273,78.73292541503906,39.62599182128906,90.27088165283203,38.84379577636719,46.66511535644531,123.8734359741211,98.22544860839844,78.50495147705078,38.44685745239258,37.56352233886719,132.26004028320312,94.01893615722656,108.01590728759766
2025-04-24,36.12760543823242,69.901123046875,44.05867385864258,22.450000762939453,19.594999313354492,8.10063648223877,18.976726531982422,27.946401596069336,64.27449798583984,38.28245544433594,19.1299991607666,30.610000610351562,26.301450729370117,392.2157897949219,,14.464077949523926,308.07000732421875,135.9992218017578,123.87804412841797,53.2599983215332,89.45912170410156,93.18252563476562,151.7653350830078,191.03659057617188,48.9205207824707,11.074481964111328,52.494937896728516,5.274027347564697,212.2657012939453,41.64288330078125,37.57392883300781,12.350522994995117,47.872589111328125,83.42459106445312,464.1045837402344,79.70663452148438,163.66851806640625,78.35057830810547,102.0199966430664,30.559999465942383,59.51066589355469,208.32179260253906,181.6628875732422,537.769775390625,27.82184410095215,103.20879364013672,82.4771499633789,15.5,68.45999908447266,26.417766571044922,64.83999633789062,82.37947082519531,493.7476806640625,23.100000381469727,80.51461791992188,40.481929779052734,92.07768249511719,39.46536636352539,47.18339920043945,126.65147399902344,101.89079284667969,77.81371307373047,38.560855865478516,37.62106704711914,133.8776092529297,95.89122009277344,109.1581039428711
2025-04-25,36.69646072387695,69.44196319580078,43.90779113769531,22.399999618530273,19.600000381469727,8.139912605285645,19.163240432739258,28.383220672607422,64.88048553466797,37.95318603515625,19.170000076293945,30.3799991607666,26.5234432220459,392.2549133300781,,14.809165954589844,304.7300109863281,136.55972290039062,122.90059661865234,54.27000045776367,89.7986831665039,94.74224090576172,153.62191772460938,191.09564208984375,48.5058479309082,11.199100494384766,52.01288986206055,5.217496871948242,212.59007263183594,41.89176559448242,37.53436279296875,12.379402160644531,47.991817474365234,84.10293579101562,469.2783508300781,79.26205444335938,163.43429565429688,78.4168472290039,103.33000183105469,30.049999237060547,59.22517013549805,211.31248474121094,183.42959594726562,541.6553344726562,28.14413833618164,103.25579833984375,83.0846939086914,15.699999809265137,69.02999877929688,26.485454559326172,61.90999984741211,82.23767852783203,497.3838806152344,23.200000762939453,79.87759399414062,40.18040466308594,92.65704345703125,39.393646240234375,46.95848846435547,126.64167022705078,103.39859771728516,77.61209106445312,38.50385665893555,37.50597381591797,134.52072143554688,97.61528015136719,109.74856567382812
2025-04-28,36.72639846801758,69.58171081542969,43.916664123535156,22.350000381469727,19.7450008392334,8.080998420715332,19.241674423217773,28.30379867553711,65.09902954101562,37.856346130371094,18.979999542236328,30.440000534057617,26.340059280395508,393.4775695800781,,14.74014663696289,309.07000732421875,136.4515380859375,124.29695892333984,53.880001068115234,90.15707397460938,94.86221313476562,154.6048583984375,191.90286254882812,48.7662239074707,11.340336799621582,52.3213996887207,5.069219589233398,211.09600830078125,41.79220962524414,37.514583587646484,12.32164478302002,48.17066955566406,84.74249267578125,469.12945556640625,79.87093353271484,163.89300537109375,78.53044128417969,103.6500015258789,30.190000534057617,59.65833282470703,209.99656677246094,183.10205078125,541.8618774414062,28.229455947875977,103.61307525634766,83.60811614990234,16.6200008392334,67.76000213623047,26.321069717407227,62.34000015258789,82.7480697631836,497.6885681152344,22.649999618530273,80.99239349365234,40.25335693359375,93.01054382324219,39.67096710205078,47.105167388916016,127.06379699707031,103.22996520996094,77.35286712646484,38.74135208129883,37.73616409301758,135.05667114257812,97.64985656738281,111.02629852294922
2025-04-29,36.876102447509766,69.84123229980469,43.67702865600586,22.280000686645508,19.860000610351562,8.139912605285645,19.45879554748535,28.432859420776367,66.05272674560547,37.74981689453125,18.649999618530273,30.18000030517578,26.040847778320312,396.3533020019531,,14.957058906555176,306.05999755859375,138.073974609375,124.42662811279297,54.220001220703125,90.46832275390625,96.08198547363281,155.3097381591797,193.03494262695312,49.209815979003906,11.332029342651367,52.79380416870117,5.22676420211792,211.7545623779297,42.03113555908203,37.72228240966797,12.167624473571777,48.05144119262695,86.04100799560547,472.2277526855469,79.76461791992188,164.84950256347656,78.5777587890625,104.5,29.829999923706055,59.973358154296875,209.63768005371094,181.14675903320312,545.2752685546875,28.731855392456055,103.7917251586914,84.30913543701172,16.8799991607666,65.8499984741211,26.408098220825195,61.720001220703125,83.19227600097656,500.7055969238281,22.399999618530273,81.5000228881836,40.588924407958984,93.6880874633789,39.55621337890625,47.5941162109375,127.88836669921875,103.7110824584961,77.99612426757812,39.05486297607422,38.02869415283203,135.7192840576172,98.34147644042969,110.26161193847656
2025-04-30,36.796260833740234,69.5218276977539,42.81609344482422,21.989999771118164,19.799999237060547,8.012266159057617,19.1010684967041,28.353435516357422,66.1023941040039,36.61674118041992,18.739999771118164,28.540000915527344,25.876766204833984,397.4586181640625,,14.64155101776123,303.7699890136719,138.51646423339844,126.25189208984375,53.5099983215332,90.60981750488281,96.05199432373047,155.78631591796875,191.82412719726562,48.8240852355957,11.207409858703613,52.18642807006836,5.106289386749268,205.49325561523438,41.971405029296875,37.95965576171875,11.97509765625,47.70366668701172,86.69026184082031,472.168212890625,80.75045013427734,165.08375549316406,78.68190002441406,104.06999969482422,29.600000381469727,59.19563674926758,210.62461853027344,182.4668426513672,545.49169921875,29.19634437561035,103.91394805908203,83.62681579589844,16.739999771118164,63.560001373291016,26.50479507446289,63.13999938964844,83.48529052734375,500.95123291015625,22.600000381469727,82.5650634765625,40.79804611206055,93.71755981445312,38.489967346191406,47.68212127685547,128.81109619140625,104.14258575439453,78.56256866455078,39.2353630065918,37.83686828613281,136.87887573242188,97.44731903076172,107.16409301757812
2025-05-01,37.09566116333008,70.76952362060547,42.54094696044922,21.75,19.983999252319336,8.053504943847656,19.24358558654785,28.502351760864258,66.18186950683594,36.868534088134766,18.780000686645508,28.81999969482422,25.69338035583496,398.5150451660156,,15.124673843383789,297.4599914550781,138.9785919189453,124.55628204345703,54.95000076293945,90.21520233154297,96.99181365966797,157.41458129882812,193.01528930664062,49.306251525878906,11.132638931274414,52.76488494873047,5.097021579742432,211.11566162109375,42.29993438720703,38.40472412109375,12.013603210449219,47.942138671875,84.46147918701172,478.33502197265625,80.84709167480469,164.85928344726562,78.51951599121094,105.2699966430664,29.389999389648438,59.609107971191406,211.64146423339844,182.2186737060547,549.3575439453125,29.338537216186523,103.55965423583984,83.20279693603516,17.31999969482422,64.5199966430664,26.65951156616211,62.20000076293945,83.75936889648438,504.4989929199219,22.649999618530273,82.11714935302734,40.618106842041016,94.19869995117188,38.6334114074707,47.67234802246094,129.78292846679688,105.67021942138672,77.88092041015625,39.349361419677734,37.947166442871094,133.1467742919922,97.98579406738281,109.09034729003906
2025-05-02,38.083683013916016,72.91556549072266,42.966976165771484,22.670000076293945,20.316999435424805,8.218463897705078,19.655832290649414,29.0682315826416,67.23490142822266,37.65296936035156,18.809999465942383,29.100000381469727,25.925025939941406,404.0121154785156,,15.09509563446045,297.9800109863281,142.2726287841797,126.2718276977539,55.189998626708984,89.609619140625,99.45135498046875,160.2044677734375,197.3565673828125,50.51166534423828,11.28217887878418,54.220664978027344,5.134090900421143,216.6004638671875,43.43483352661133,39.22563171386719,12.071361541748047,49.53192901611328,86.30265045166016,485.4353332519531,81.79425811767578,167.76780700683594,78.36759948730469,107.05000305175781,29.1200008392334,61.53865051269531,218.3505859375,188.610595703125,557.5123291015625,29.831459045410156,103.0211181640625,82.30217742919922,18.31999969482422,64.01000213623047,26.620832443237305,59.56999969482422,84.78959655761719,511.7320861816406,23.049999237060547,83.11250305175781,41.30382537841797,95.66180419921875,39.19761657714844,48.66001510620117,132.10940551757812,107.43594360351562,78.3033447265625,39.833866119384766,38.24449157714844,134.9884796142578,99.50731658935547,111.26828002929688
2025-05-05,38.023799896240234,72.90557861328125,42.150421142578125,21.920000076293945,20.344999313354492,8.198826789855957,19.904518127441406,29.05830192565918,67.55280303955078,37.34307098388672,18.3700008392334,29.239999771118164,25.78024673461914,403.249267578125,,14.878182411193848,306.8800048828125,141.67283630371094,125.53374481201172,53.630001068115234,89.4487533569336,99.35137176513672,160.09524536132812,195.84056091308594,50.34772491455078,11.16586971282959,54.02784729003906,5.134090900421143,211.39088439941406,43.06648254394531,39.14651107788086,11.984724044799805,49.57167434692383,85.87627410888672,482.5555114746094,81.27235412597656,167.21148681640625,78.35807800292969,107.29000091552734,29.479999542236328,60.83968734741211,216.9349822998047,187.1614990234375,554.3153076171875,30.08740234375,102.91719055175781,81.84249114990234,17.979999542236328,62.369998931884766,26.57248306274414,60.790000915527344,84.6005630493164,509.0589599609375,22.600000381469727,82.26644897460938,40.99744415283203,95.88765716552734,38.489967346191406,48.34709548950195,132.17811584472656,106.86554718017578,78.23613739013672,39.78636932373047,38.148582458496094,134.6084442138672,98.45013427734375,109.34203338623047
2025-05-06,37.70444107055664,72.28172302246094,41.804264068603516,20.34000015258789,20.187999725341797,8.31665325164795,19.827999114990234,29.02851676940918,67.63227844238281,38.16624450683594,18.3700008392334,29.65999984741211,25.94432830810547,399.3170166015625,,14.631690979003906,315.4800109863281,140.6698455810547,118.29257202148438,53.970001220703125,89.67585754394531,97.94163513183594,158.98326110839844,193.70437622070312,49.83663558959961,11.107714653015137,53.46867370605469,5.146138668060303,211.3712158203125,43.20585632324219,38.770668029785156,12.157998085021973,49.1146125793457,83.34707641601562,478.0669250488281,80.66345977783203,165.97193908691406,78.42456817626953,106.58999633789062,30.219999313354492,60.75108337402344,214.92124938964844,185.3749542236328,549.6821899414062,30.115840911865234,103.2289810180664,82.11456298828125,17.3700008392334,64.5999984741211,26.408098220825195,63.150001525878906,83.94841003417969,504.7250671386719,22.700000762939453,76.81188201904297,40.70077896118164,95.8680191040039,38.49952697753906,48.07328414916992,131.0198211669922,105.97774505615234,78.10173034667969,39.5108642578125,38.61375045776367,130.89585876464844,97.59058380126953,109.5162582397461
2025-05-07,37.8142204284668,71.84754180908203,42.54094696044922,20.81999969482422,20.06999969482422,8.179187774658203,19.823217391967773,28.909387588500977,67.70181274414062,37.3043327331543,18.270000457763672,28.739999771118164,25.93467903137207,402.0656433105469,,14.710570335388184,310.75,141.997314453125,119.09049224853516,54.68000030517578,89.91239929199219,98.76148223876953,159.16195678710938,194.34423828125,50.02949905395508,11.140947341918945,53.516868591308594,5.161892890930176,209.55279541015625,43.47465133666992,38.88935852050781,12.032855987548828,49.57167434692383,84.42271423339844,479.9437561035156,80.85676574707031,167.06507873535156,78.45306396484375,107.05999755859375,29.489999771118164,60.258853912353516,219.33750915527344,188.6204833984375,551.993896484375,29.75562286376953,103.33290100097656,82.46166229248047,18.170000076293945,63.5099983215332,26.60149383544922,61.54999923706055,84.04292297363281,507.005126953125,22.75,76.99105072021484,40.477073669433594,95.6912612915039,38.51387405395508,48.356876373291016,131.6873016357422,107.0391616821289,78.22654724121094,39.48236846923828,38.72404861450195,131.89950561523438,98.35134887695312,109.66146087646484
2025-05-08,38.23338317871094,73.45457458496094,42.65633010864258,21.729999542236328,20.101999282836914,8.20864486694336,19.655832290649414,29.276710510253906,68.0594482421875,37.604549407958984,18.15999984741211,28.579999923706055,25.973285675048828,404.833740234375,,17.372671127319336,304.6300048828125,144.4063720703125,118.87106323242188,57.619998931884766,89.2121810913086,100.39118194580078,162.2695770263672,198.04563903808594,51.02275848388672,11.298798561096191,54.80876159667969,5.2082295417785645,215.60769653320312,44.709102630615234,39.611358642578125,12.167624473571777,50.17778396606445,83.07574462890625,484.8992004394531,80.15122985839844,168.4705352783203,78.29164123535156,109.2300033569336,29.459999084472656,60.39667892456055,221.2615203857422,190.30783081054688,555.8400268554688,29.43332862854004,102.96440887451172,81.54230499267578,18.06999969482422,65.5999984741211,26.823896408081055,59.150001525878906,83.71212768554688,510.3858642578125,22.549999237060547,77.67784118652344,41.01689529418945,95.91712188720703,39.02070236206055,48.7578125,133.5033416748047,108.06087493896484,78.13052368164062,39.29236602783203,38.41233444213867,130.71070861816406,99.51226806640625,113.25263214111328
2025-05-09,38.24335861206055,73.34477996826172,42.99360656738281,21.1299991607666,20.30500030517578,8.30683422088623,19.7466983795166,29.127796173095703,67.46338653564453,37.92413330078125,18.239999771118164,28.940000534057617,26.079456329345703,403.4057312011719,,19.117822647094727,306.8399963378906,144.82920837402344,116.32767486572266,58.65999984741211,89.27842712402344,99.67131805419922,162.1603546142578,197.68142700195312,50.79131317138672,11.290488243103027,54.5484619140625,5.277734279632568,218.08470153808594,44.55977249145508,39.720157623291016,12.2831392288208,49.74059295654297,82.17454528808594,484.58135986328125,80.769775390625,168.4315185546875,78.3296127319336,108.8499984741211,29.799999237060547,60.47543716430664,222.70701599121094,192.4914093017578,555.1317749023438,29.5660400390625,103.05889892578125,81.66425323486328,18.979999542236328,66.61000061035156,26.746540069580078,58.720001220703125,84.26976776123047,509.7077331542969,22.200000762939453,76.0354995727539,41.12388229370117,95.4261474609375,39.41277313232422,48.7578125,133.611328125,107.92697143554688,77.67931365966797,39.52986145019531,38.479469299316406,129.2880096435547,99.991455078125,115.03369140625
2025-05-12,39.84016036987305,76.38915252685547,43.46400833129883,22.06999969482422,20.959999084472656,8.562127113342285,20.181901931762695,30.388608932495117,69.61911010742188,38.99910354614258,18.299999237060547,28.920000076293945,26.050500869750977,414.9576416015625,,20.17280387878418,298.19000244140625,148.32972717285156,121.7336196899414,57.880001068115234,88.7106704711914,102.76073455810547,164.4538116455078,204.63143920898438,52.999637603759766,11.531417846679688,57.05510711669922,5.467714309692383,226.67559814453125,46.92912673950195,41.104827880859375,12.360150337219238,51.67814636230469,83.80253601074219,504.3233337402344,80.49915313720703,173.04808044433594,78.1871566772461,114.05999755859375,29.6299991607666,62.14902114868164,236.67356872558594,206.3173065185547,573.4775390625,29.43332862854004,102.25582122802734,80.90437316894531,18.350000381469727,67.5999984741211,27.123659133911133,51.099998474121094,84.68563079833984,526.6798706054688,21.950000762939453,79.081298828125,42.07708740234375,97.40968322753906,40.44076919555664,49.745479583740234,137.72442626953125,112.93644714355469,77.79450988769531,39.56786346435547,38.24928665161133,132.4841766357422,104.96113586425781,119.32180786132812
2025-05-13,40.628578186035156,77.15774536132812,44.32494354248047,21.959999084472656,21.450000762939453,8.670135498046875,20.45928192138672,30.805574417114258,70.28470611572266,39.57048416137695,18.18000030517578,29.40999984741211,26.426923751831055,412.29705810546875,,22.075714111328125,299.4599914550781,151.36810302734375,119.22015380859375,59.619998931884766,88.64443969726562,104.71037292480469,165.7445068359375,205.3795928955078,53.298580169677734,11.631114959716797,57.325050354003906,5.514050483703613,227.55039978027344,47.46670913696289,41.460880279541016,12.523797035217285,52.45317077636719,82.14546203613281,512.0095825195312,79.49401092529297,173.4384765625,78.16817474365234,116.44999694824219,29.93000030517578,62.798763275146484,244.79827880859375,212.163330078125,577.2647705078125,29.16790771484375,102.50147247314453,80.57603454589844,18.190000534057617,69.58999633789062,26.891584396362305,50.5,83.608154296875,530.1392211914062,22.049999237060547,77.19011688232422,41.86796569824219,98.3621826171875,41.00974655151367,49.950843811035156,138.68641662597656,115.37670135498047,76.74803924560547,39.03586196899414,38.196537017822266,128.4987335205078,106.34928131103516,123.27112579345703
2025-05-14,40.908023834228516,76.89823150634766,44.252525329589844,21.1299991607666,21.270000457763672,8.663262367248535,20.53580093383789,30.86513900756836,69.83766174316406,39.154052734375,18.1299991607666,29.0,26.282146453857422,411.3579406738281,,21.346099853515625,293.1600036621094,151.66310119628906,116.6169204711914,58.7400016784668,88.31324768066406,104.78035736083984,165.92318725585938,203.55841064453125,53.028568267822266,11.564652442932129,57.06474685668945,5.486248970031738,227.90426635742188,47.864925384521484,41.302635192871094,12.446786880493164,52.3935546875,80.19770812988281,515.078125,78.57584381103516,172.39414978027344,78.11119842529297,116.79000091552734,29.25,62.464046478271484,247.2207489013672,213.18565368652344,578.00244140625,29.082592010498047,102.39756774902344,80.04127502441406,17.399999618530273,68.7300033569336,26.949604034423828,51.72999954223633,82.7858657836914,530.7976684570312,22.25,76.01559448242188,41.483768463134766,98.872802734375,40.76111602783203,49.81393814086914,138.01890563964844,116.12565612792969,76.335205078125,38.7033576965332,38.02869415283203,125.47798156738281,106.75930786132812,122.6709976196289
2025-05-15,40.72838592529297,76.91818237304688,44.53317642211914,21.209999084472656,21.235000610351562,8.62594985961914,20.382762908935547,30.825428009033203,70.55293273925781,38.88289260864258,18.110000610351562,29.270000457763672,26.44622802734375,414.2239685058594,,20.73480224609375,297.8399963378906,152.3513946533203,118.93090057373047,58.66999816894531,88.89046478271484,104.38043212890625,169.44778442382812,204.8873748779297,53.124996185302734,11.647732734680176,57.12259292602539,5.426011562347412,225.1422119140625,47.61604309082031,41.431209564208984,12.32164478302002,52.194828033447266,82.31019592285156,515.6441040039062,80.2092056274414,173.96554565429688,78.26313781738281,116.12999725341797,29.610000610351562,62.23762130737305,246.36341857910156,211.81594848632812,580.8255615234375,29.551820755004883,102.69044494628906,80.74488067626953,16.799999237060547,67.58999633789062,26.881916046142578,50.86000061035156,84.2981185913086,533.4019165039062,22.549999237060547,77.21997833251953,41.90687561035156,99.26557159423828,40.93324661254883,50.14641571044922,139.55026245117188,116.28437042236328,77.90010833740234,39.41586685180664,38.839141845703125,127.1247787475586,106.52217864990234,121.54813385009766
2025-05-16,40.848140716552734,77.83649444580078,44.48790740966797,21.799999237060547,21.350000381469727,8.567037582397461,20.33493995666504,30.979305267333984,70.95030975341797,38.28245544433594,17.940000534057617,28.610000610351562,26.388317108154297,417.5443420410156,,21.25736427307129,294.239990234375,153.9738311767578,120.84593963623047,59.20000076293945,88.91885375976562,105.14028930664062,170.70870971679688,206.58056640625,53.202144622802734,11.722501754760742,57.112953186035156,5.393576145172119,224.3656768798828,48.103851318359375,41.93562698364258,12.263886451721191,52.910240173339844,83.43428802490234,517.8883666992188,81.40766906738281,175.67356872558594,78.2441635131836,116.88999938964844,29.299999237060547,62.51327133178711,245.65562438964844,211.53807067871094,584.5045776367188,29.824825286865234,102.86994171142578,80.96065521240234,16.709999084472656,68.0999984741211,26.959272384643555,51.290000915527344,85.34724426269531,536.8416748046875,22.350000381469727,78.6532974243164,42.334842681884766,99.943115234375,40.871089935302734,50.44956970214844,141.14053344726562,116.50259399414062,78.79297637939453,39.90987014770508,39.40980911254883,129.68751525878906,107.52996063232422,121.4319839477539
2025-05-19,40.79824447631836,77.5071029663086,44.18009567260742,21.739999771118164,21.299999237060547,8.557217597961426,20.516672134399414,30.76586151123047,71.17879486083984,38.66983413696289,18.190000534057617,29.09000015258789,26.619962692260742,419.0028991699219,,20.64606475830078,298.0299987792969,153.983642578125,122.19242858886719,59.9900016784668,88.87152862548828,104.92033386230469,172.0589599609375,205.71429443359375,53.038211822509766,11.704029083251953,56.88156509399414,5.217496871948242,221.06300354003906,48.18349075317383,41.88616943359375,12.225381851196289,52.71151351928711,84.14169311523438,518.3849487304688,81.61062622070312,175.65403747558594,78.27265167236328,116.41000366210938,29.420000076293945,62.67078399658203,245.24688720703125,210.2676239013672,585.1439208984375,29.91677474975586,102.87937927246094,80.72612762451172,15.649999618530273,68.51000213623047,26.775548934936523,51.290000915527344,85.36612701416016,537.3919677734375,22.5,79.35005187988281,42.441829681396484,100.04131317138672,40.34035873413086,50.47890090942383,141.6215362548828,116.33396911621094,79.02338409423828,39.9953727722168,39.57765197753906,130.934814453125,107.27802276611328,120.18331146240234
2025-05-20,40.6385612487793,77.29749298095703,44.28873825073242,21.8700008392334,21.190000534057617,8.571946144104004,20.355026245117188,30.964414596557617,71.33773040771484,38.69888687133789,18.5,29.239999771118164,26.68752670288086,417.9555358886719,,20.48831558227539,303.5799865722656,153.34449768066406,124.3468246459961,60.90999984741211,88.75798797607422,104.67037963867188,172.16815185546875,205.8225860595703,52.83570098876953,11.678841590881348,56.62126159667969,5.1711602210998535,218.89071655273438,48.03416442871094,41.6488037109375,12.39865493774414,52.294193267822266,84.41302490234375,516.6571655273438,81.37866973876953,175.19532775878906,78.2821273803711,116.12000274658203,30.1299991607666,62.42466735839844,244.77833557128906,209.9599151611328,583.1765747070312,29.87885856628418,102.72821807861328,80.14447784423828,16.989999771118164,68.66000366210938,26.698190689086914,50.83000183105469,84.86520385742188,535.4854125976562,23.049999237060547,81.02225494384766,42.3688850402832,99.79582214355469,39.9674072265625,50.2050895690918,141.111083984375,115.89749145507812,79.30181884765625,39.78636932373047,39.692745208740234,131.25637817382812,106.71978759765625,119.55412292480469
2025-05-21,40.139564514160156,75.58065032958984,43.70932388305664,20.709999084472656,20.850000381469727,8.611222267150879,20.039384841918945,30.438247680664062,70.19529724121094,38.91194534301758,18.709999084472656,29.209999084472656,26.716482162475586,409.9090270996094,,20.59676742553711,305.82000732421875,150.25697326660156,121.37456512451172,61.790000915527344,88.14293670654297,102.15084838867188,169.56690979003906,200.04403686523438,50.974544525146484,11.25064468383789,54.61594009399414,5.041418075561523,212.54092407226562,47.178009033203125,40.81800079345703,12.379402160644531,51.02235412597656,83.5408706665039,509.4772644042969,78.95277404785156,171.3790740966797,78.23465728759766,113.58000183105469,30.510000228881836,61.48942947387695,240.72097778320312,206.11883544921875,573.3494873046875,29.66083335876465,102.17079162597656,78.77481079101562,16.920000076293945,67.58999633789062,26.5821533203125,54.349998474121094,82.6063003540039,526.5325317382812,23.149999618530273,78.96186065673828,41.804744720458984,99.04954528808594,39.23108673095703,49.178306579589844,138.72569274902344,113.72010803222656,78.3801498413086,38.73186111450195,38.96862030029297,128.2161407470703,104.5560531616211,116.93091583251953
2025-05-22,40.219398498535156,75.28120422363281,43.510154724121094,20.81999969482422,20.75,8.522851943969727,20.113033294677734,30.527599334716797,71.04965209960938,38.94099426269531,18.610000610351562,29.229999542236328,26.44622802734375,409.97760009765625,,21.58272933959961,303.1099853515625,151.200927734375,121.10526275634766,63.22999954223633,88.47412109375,102.69074249267578,168.9811553955078,200.0341796875,51.01311492919922,11.208667755126953,54.61594009399414,5.124824047088623,212.39349365234375,47.56626510620117,40.719093322753906,12.30239200592041,51.280704498291016,83.5118179321289,510.4306335449219,78.2955551147461,170.83250427246094,78.2821273803711,114.4000015258789,30.030000686645508,60.73139572143555,240.06301879882812,204.2131805419922,573.5758666992188,29.48072624206543,102.47312927246094,79.18760681152344,16.649999618530273,67.13999938964844,26.65951156616211,53.93000030517578,82.22822570800781,526.7781372070312,23.200000762939453,78.88223266601562,41.76097869873047,98.8335189819336,39.07807922363281,49.11962890625,138.6962432861328,113.74986267089844,78.05372619628906,38.598854064941406,38.41233444213867,127.21247100830078,105.00558471679688,116.86317443847656
2025-05-23,39.87010192871094,75.59063720703125,43.75459671020508,20.920000076293945,20.886999130249023,8.616130828857422,20.191465377807617,30.34889793395996,70.5827407836914,40.08375549316406,18.520000457763672,30.389999389648438,26.19527816772461,407.5401611328125,,20.971435546875,309.75,150.64044189453125,120.93569946289062,61.83000183105469,88.7296142578125,101.91089630126953,169.82505798339844,199.40415954589844,50.80096435546875,11.225459098815918,54.37492370605469,5.189694881439209,212.57040405273438,47.10832214355469,40.74877166748047,12.379402160644531,51.32044982910156,83.62808990478516,505.7036437988281,78.47918701171875,170.14930725097656,78.3296127319336,113.37999725341797,30.450000762939453,61.213783264160156,236.70347595214844,201.0469970703125,569.6607666015625,29.528120040893555,102.56759643554688,79.31892395019531,16.829999923706055,67.98999786376953,26.46611785888672,57.470001220703125,82.31329345703125,523.2206420898438,23.100000381469727,78.6731948852539,41.67829895019531,98.38182067871094,39.202392578125,48.94361114501953,138.2446746826172,112.4950180053711,78.34173583984375,38.60835647583008,38.87270736694336,127.00785064697266,104.06204223632812,116.96964263916016
2025-05-27,40.70842361450195,77.77660369873047,44.18009567260742,21.530000686645508,21.295000076293945,8.630860328674316,20.421022415161133,31.282100677490234,71.9636001586914,40.12249755859375,18.3799991607666,29.649999618530273,26.069805145263672,414.9013671875,,22.02641487121582,304.5,153.6886749267578,122.53153991699219,62.5,89.09864044189453,103.78054809570312,174.02474975585938,204.4640655517578,51.98708724975586,11.41856861114502,55.66680908203125,5.106289386749268,216.23678588867188,48.14366912841797,41.62902069091797,12.2831392288208,52.900299072265625,84.84909057617188,517.6004638671875,79.7839584350586,173.3213653564453,78.35807800292969,115.7699966430664,30.229999542236328,62.61171340942383,244.21011352539062,207.72671508789062,581.5042724609375,29.82956314086914,102.8604965209961,80.42591094970703,17.06999969482422,67.27999877929688,26.611164093017578,51.720001220703125,83.74992370605469,533.9719848632812,22.549999237060547,78.93199920654297,42.40779113769531,99.98240661621094,39.5418701171875,49.804161071777344,140.67913818359375,115.16839599609375,79.05220031738281,39.24486541748047,39.16523361206055,128.78131103515625,107.13475036621094,118.8184585571289
2025-05-28,40.43896484375,76.67863464355469,43.8360710144043,21.100000381469727,21.347000122070312,8.60140323638916,20.358850479125977,30.855209350585938,70.94037628173828,39.68669509887695,18.239999771118164,29.209999084472656,25.789897918701172,412.52264404296875,,21.42498016357422,303.80999755859375,151.71224975585938,121.593994140625,60.790000915527344,88.85263061523438,103.06067657470703,174.2432098388672,202.30821228027344,51.21562576293945,11.384984016418457,54.76055908203125,4.985814094543457,215.03759765625,47.89479064941406,41.15427780151367,12.225381851196289,52.7413215637207,84.19013214111328,515.3065185546875,79.62931823730469,171.84756469726562,78.30113983154297,115.37999725341797,29.979999542236328,61.67647933959961,241.60821533203125,206.68458557128906,578.1400756835938,29.499683380126953,102.62429809570312,80.07881164550781,16.149999618530273,67.88999938964844,26.698190689086914,52.2400016784668,83.66486358642578,530.9254150390625,22.549999237060547,78.40444946289062,41.82905960083008,99.96276092529297,39.039825439453125,49.471675872802734,139.98219299316406,114.69224548339844,78.51456451416016,39.24486541748047,38.61854553222656,128.1186981201172,106.15169525146484,116.77604675292969
2025-05-29,40.369102478027344,76.648681640625,43.49205017089844,21.020000457763672,21.31999969482422,8.611222267150879,20.416240692138672,31.083545684814453,70.5628662109375,39.93849182128906,18.15999984741211,29.15999984741211,25.64512062072754,413.540771484375,,21.69118881225586,305.6099853515625,151.98757934570312,123.9179458618164,59.9900016784668,89.22164916992188,102.330810546875,175.04737854003906,202.90867614746094,51.64957046508789,11.46894359588623,55.23297119140625,5.0043487548828125,217.485107421875,48.12376022338867,41.17405700683594,12.167624473571777,52.7214469909668,84.79094696044922,516.3194580078125,80.39283752441406,172.2672576904297,78.38658142089844,114.48999786376953,30.299999237060547,61.70601272583008,243.3228759765625,207.52822875976562,580.4222412109375,29.793542861938477,102.91719055175781,80.81993865966797,15.989999771118164,67.19000244140625,26.553142547607422,52.310001373291016,84.42098999023438,532.9695434570312,22.799999237060547,80.08661651611328,41.98468780517578,99.1575698852539,39.33148956298828,49.725921630859375,140.1098175048828,114.88567352294922,78.83138275146484,39.605865478515625,38.88709259033203,128.9761962890625,106.1961441040039,117.29875183105469
2025-05-30,40.219398498535156,76.42909240722656,43.24761199951172,20.920000076293945,21.149999618530273,8.451173782348633,20.33780860900879,30.676511764526367,71.34767150878906,39.80290603637695,18.1200008392334,29.360000610351562,25.77059555053711,413.9225158691406,,21.06017303466797,303.6000061035156,151.9678955078125,121.40447998046875,59.459999084472656,89.4865951538086,103.63056945800781,175.97076416015625,201.87506103515625,51.30241394042969,11.368189811706543,54.837684631347656,4.902408123016357,212.9439239501953,47.974430084228516,41.05537033081055,12.071361541748047,52.9698600769043,85.2657699584961,515.505126953125,80.74077606201172,172.19894409179688,78.48153686523438,114.7699966430664,30.0,60.90859603881836,239.0063018798828,203.4092254638672,579.7730102539062,29.73287582397461,103.25732421875,80.94189453125,15.710000038146973,67.1500015258789,26.543476104736328,52.77000045776367,84.42098999023438,532.4191284179688,22.649999618530273,78.82251739501953,41.98954391479492,99.56998443603516,38.98244857788086,49.833492279052734,140.19813537597656,114.52857971191406,79.52263641357422,39.643863677978516,39.285125732421875,129.24903869628906,105.61814880371094,115.720947265625
2025-06-02,40.64854049682617,76.17955017089844,43.42867660522461,21.639999389648438,21.242000579833984,8.468847274780273,20.067121505737305,30.746004104614258,72.0728759765625,40.59702682495117,18.020000457763672,30.3700008392334,25.703031539916992,414.76434326171875,,20.724943161010742,311.6700134277344,152.1547393798828,123.38932800292969,59.36000061035156,89.18280029296875,103.92051696777344,176.96359252929688,202.50509643554688,50.95525360107422,11.242249488830566,54.43276596069336,4.6985273361206055,216.5513153076172,48.51201248168945,41.094932556152344,12.32164478302002,53.30768585205078,85.77936553955078,519.57666015625,80.91474914550781,172.33560180664062,78.416748046875,115.61000061035156,31.59000015258789,62.75938415527344,242.54530334472656,206.4761505126953,583.038818359375,29.85989761352539,102.90969848632812,80.18859100341797,16.8700008392334,69.55000305175781,26.35974884033203,52.0,84.5344009399414,535.5148315429688,22.850000381469727,80.86299133300781,42.23757553100586,100.06096649169922,39.49406051635742,49.853050231933594,140.02145385742188,115.54039001464844,79.57063293457031,39.70086669921875,39.40980911254883,129.32701110839844,105.86516571044922,117.24066925048828
2025-06-03,40.878082275390625,78.0860366821289,44.089561462402344,22.1200008392334,21.229999542236328,8.552308082580566,20.038429260253906,31.073617935180664,72.81793975830078,40.73261260986328,18.209999084472656,30.389999389648438,25.77059555053711,417.0157775878906,,21.4841365814209,308.9100036621094,152.84303283691406,124.50641632080078,60.400001525878906,89.09736633300781,104.9703140258789,178.0656280517578,205.77337646484375,51.697792053222656,11.393379211425781,55.290809631347656,4.874606609344482,223.4810333251953,49.19892501831055,41.69824981689453,12.408281326293945,53.575965881347656,85.38206481933594,523.6382446289062,79.87093353271484,173.77032470703125,78.39769744873047,117.05000305175781,31.440000534057617,63.30084228515625,248.0182647705078,212.0243682861328,586.3637084960938,29.92625617980957,102.81497955322266,80.04735565185547,16.959999084472656,69.88999938964844,26.53380584716797,50.90999984741211,84.3642807006836,538.5515747070312,22.75,81.9578857421875,42.670406341552734,99.77619171142578,39.96263122558594,49.950843811035156,141.10125732421875,117.27633666992188,79.49383544921875,39.55836486816406,39.51531219482422,129.62905883789062,106.42833709716797,119.6799545288086
2025-06-04,41.26729965209961,77.80654907226562,43.41056823730469,22.610000610351562,21.344999313354492,8.710393905639648,20.210594177246094,31.172895431518555,72.4603042602539,41.24588394165039,18.3799991607666,30.510000228881836,25.963632583618164,415.96844482421875,,21.4841365814209,310.8999938964844,152.09571838378906,124.79566955566406,59.63999938964844,89.7524185180664,104.78035736083984,178.84996032714844,205.1925506591797,51.11919021606445,11.351399421691895,54.606300354003906,4.986740589141846,220.5518798828125,49.965484619140625,41.70814514160156,12.350522994995117,53.66538619995117,85.71153259277344,525.0980834960938,79.91927337646484,173.37991333007812,78.54063415527344,117.1500015258789,31.34000015258789,63.399288177490234,250.96908569335938,215.18064880371094,586.2062377929688,30.156600952148438,103.21278381347656,81.34679412841797,16.90999984741211,69.33999633789062,26.417766571044922,51.060001373291016,84.6005630493164,538.2076416015625,23.049999237060547,82.09724426269531,42.83089828491211,100.41445922851562,39.183265686035156,49.66725158691406,141.17979431152344,117.44994354248047,78.93699645996094,39.68186569213867,38.82474899291992,129.88243103027344,106.14673614501953,116.74700927734375
2025-06-05,41.11760330200195,78.11598205566406,43.64595031738281,22.260000228881836,21.43000030517578,8.719230651855469,20.08338165283203,31.05376625061035,72.80802154541016,41.95284652709961,18.5,30.760000228881836,26.31110191345215,415.01885986328125,,20.685504913330078,309.3299865722656,152.56771850585938,124.7358169555664,57.869998931884766,89.48660278320312,104.640380859375,178.9492645263672,205.28114318847656,51.05168533325195,11.351399421691895,54.56774139404297,5.152625560760498,220.5322265625,50.36369705200195,41.747703552246094,12.408281326293945,53.46666717529297,85.67277526855469,521.1456909179688,79.6583023071289,172.91143798828125,78.45484161376953,118.01000213623047,32.45000076293945,63.33037567138672,250.52047729492188,214.27745056152344,583.373291015625,30.21942138671875,102.90969848632812,81.40328979492188,16.700000762939453,69.93000030517578,26.398427963256836,52.0,84.5344009399414,535.6918334960938,23.100000381469727,82.17686462402344,42.5780029296875,100.55193328857422,39.145023345947266,49.53034973144531,141.0816192626953,117.11763000488281,78.17852783203125,39.672359466552734,38.76240921020508,129.70701599121094,103.46923828125,116.45661163330078
2025-06-06,41.53676223754883,79.26386260986328,44.13483428955078,23.280000686645508,21.70599937438965,8.802691459655762,20.382762908935547,31.172895431518555,72.99674987792969,41.817264556884766,18.6200008392334,30.229999542236328,26.5234432220459,419.3357849121094,,20.320697784423828,305.17999267578125,154.51461791992188,126.63088989257812,59.2599983215332,88.77459716796875,105.96013641357422,180.65692138671875,208.59864807128906,52.179954528808594,11.494131088256836,55.93675231933594,5.152625560760498,225.9580535888672,50.58271026611328,42.16310501098633,12.494916915893555,54.15226364135742,86.53520965576172,526.239990234375,80.04491424560547,174.4047393798828,78.32149505615234,119.04000091552734,32.689998626708984,64.01949310302734,251.946044921875,215.71661376953125,589.3639526367188,30.095687866210938,102.36034393310547,80.36750030517578,17.18000030517578,71.37999725341797,26.53380584716797,49.779998779296875,84.94081115722656,541.165771484375,23.399999618530273,83.86897277832031,42.68986129760742,101.83828735351562,39.881343841552734,50.14641571044922,142.2694091796875,118.22367858886719,78.42815399169922,39.78636932373047,38.935054779052734,130.94454956054688,104.81293487548828,119.28309631347656
2025-06-09,41.81620407104492,79.06422424316406,43.77269744873047,23.790000915527344,21.899999618530273,8.876334190368652,20.51188850402832,31.172895431518555,72.3013687133789,42.18527603149414,18.260000228881836,30.68000030517578,26.43657684326172,419.31610107421875,,21.109468460083008,306.6199951171875,153.6788330078125,127.2592544555664,61.77000045776367,88.93597412109375,106.11009979248047,181.33206176757812,210.035888671875,52.42103958129883,11.58648681640625,56.21634292602539,5.320363998413086,229.5162811279297,51.000831604003906,42.14332962036133,12.504544258117676,54.04296112060547,86.47708129882812,527.0145874023438,79.8226089477539,174.43402099609375,78.37864685058594,118.72000122070312,33.38999938964844,64.72830963134766,256.16290283203125,220.7983856201172,589.8952026367188,30.209901809692383,102.50242614746094,80.45223236083984,16.559999465942383,72.05000305175781,26.46611785888672,49.11000061035156,85.05422973632812,541.74560546875,23.049999237060547,83.8789291381836,42.97679901123047,101.54370880126953,39.95784378051758,49.87261199951172,142.14181518554688,118.8039779663086,78.32254791259766,39.767364501953125,38.6856803894043,130.720458984375,105.65272521972656,120.2897720336914
2025-06-10,41.995845794677734,78.45535278320312,44.089561462402344,24.219999313354492,21.856000900268555,8.905790328979492,20.851442337036133,31.371450424194336,72.11261749267578,42.07874298095703,18.270000457763672,30.700000762939453,26.127716064453125,420.539794921875,,22.706729888916016,306.7099914550781,153.23635864257812,128.4561309814453,62.290000915527344,89.08784484863281,105.86014556884766,177.84719848632812,211.16798400878906,52.92249298095703,11.670445442199707,56.814083099365234,5.328704357147217,237.30116271972656,50.751949310302734,42.21255874633789,12.466038703918457,53.695194244384766,87.72714233398438,530.5003051757812,80.57646942138672,175.30267333984375,78.37864685058594,118.23999786376953,33.22999954223633,64.94489288330078,261.257080078125,225.62208557128906,593.2396850585938,30.44784927368164,102.5497817993164,80.86656951904297,16.059999465942383,71.5999984741211,26.49512481689453,48.939998626708984,85.78199768066406,544.8314819335938,22.700000762939453,84.88424682617188,43.24427795410156,102.83007049560547,40.67027282714844,49.9312858581543,141.5233612060547,119.46859741210938,78.49536895751953,40.11886978149414,38.776798248291016,132.21131896972656,106.91738891601562,122.06117248535156
2025-06-11,42.02578353881836,78.54518127441406,44.29779052734375,24.270000457763672,21.81599998474121,9.013799667358398,20.94709014892578,31.301956176757812,72.3013687133789,41.817264556884766,18.260000228881836,30.020000457763672,26.10841178894043,420.52996826171875,,23.012378692626953,308.3699951171875,154.08197021484375,127.52855682373047,61.84000015258789,89.4581298828125,105.77017211914062,179.39602661132812,210.30169677734375,52.45961380004883,11.645257949829102,56.04280471801758,5.356506824493408,240.29913330078125,50.094905853271484,42.04441833496094,12.668190956115723,53.63557815551758,87.62053680419922,528.7127075195312,80.05458068847656,174.8048858642578,78.50251007080078,117.36000061035156,32.95000076293945,63.95058059692383,261.0676574707031,224.86773681640625,591.5476684570312,30.352670669555664,102.72027587890625,81.11138153076172,15.949999809265137,74.81999969482422,26.398427963256836,49.15999984741211,85.31887817382812,543.327880859375,22.700000762939453,83.97846984863281,42.816307067871094,102.59439849853516,41.258384704589844,49.87261199951172,141.59205627441406,119.20573425292969,78.22654724121094,39.900367736816406,38.800777435302734,132.279541015625,106.07263946533203,124.38430786132812
2025-06-12,42.105621337890625,78.33557891845703,44.57844543457031,23.649999618530273,21.690000534057617,8.89989948272705,21.243602752685547,31.182823181152344,72.62919616699219,42.04969024658203,18.309999465942383,30.260000228881836,26.069805145263672,421.4011535644531,,22.02641487121582,312.20001220703125,153.69850158691406,128.6656036376953,60.70000076293945,89.84735107421875,107.01993560791016,178.18475341796875,209.46493530273438,52.276390075683594,11.678841590881348,55.70537567138672,5.300902366638184,239.54226684570312,49.68673324584961,42.11365509033203,12.677817344665527,53.5958366394043,88.93843078613281,529.9540405273438,80.54747772216797,175.21482849121094,78.56918334960938,117.61000061035156,33.060001373291016,63.871822357177734,262.3337097167969,225.1754150390625,593.8987426757812,30.495441436767578,103.0138931274414,82.0812759399414,16.06999969482422,75.05000305175781,26.205034255981445,49.959999084472656,85.7347412109375,545.3818359375,22.450000762939453,83.96851348876953,42.99625015258789,101.75973510742188,41.401817321777344,49.87261199951172,141.21905517578125,120.31179809570312,78.6873779296875,40.11886978149414,39.2707405090332,133.31243896484375,105.57369995117188,125.1877212524414
2025-06-13,41.51679992675781,77.45719146728516,44.47885513305664,23.469999313354492,20.959999084472656,8.768325805664062,20.779706954956055,30.686439514160156,71.92385864257812,41.53641891479492,18.389999389648438,29.770000457763672,26.021543502807617,413.8833923339844,,20.66578483581543,316.2900085449219,151.486083984375,127.66820526123047,59.7400016784668,89.51507568359375,106.25007629394531,178.92938232421875,205.6355438232422,50.984188079833984,11.50252628326416,54.21102523803711,5.254566192626953,243.1693115234375,48.651390075683594,41.50044250488281,13.033989906311035,52.512786865234375,87.96939086914062,523.3005981445312,79.89993286132812,173.0968780517578,78.51203918457031,115.66000366210938,32.970001220703125,63.44850540161133,256.19281005859375,219.3095703125,587.2589111328125,30.18134880065918,102.86233520507812,81.29029083251953,16.360000610351562,80.22000122070312,26.272722244262695,53.810001373291016,84.90301513671875,539.308349609375,23.100000381469727,83.21204376220703,42.495330810546875,100.72868347167969,42.12380599975586,48.85559844970703,140.03126525878906,118.62542724609375,77.72730255126953,39.795867919921875,39.045345306396484,132.6498260498047,104.60050201416016,128.52720642089844
2025-06-16,42.2353630065918,78.00618743896484,44.198204040527344,23.920000076293945,21.350000381469727,8.887134552001953,21.32012176513672,31.04383659362793,72.72852325439453,42.14653396606445,18.09000015258789,30.200000762939453,26.22423553466797,417.2800598144531,,21.76020622253418,311.7799987792969,154.3531494140625,127.51859283447266,61.79999923706055,89.2587661743164,107.37986755371094,178.04690551757812,208.05996704101562,51.18669509887695,11.485735893249512,54.46168899536133,5.268466949462891,241.53762817382812,49.48762893676758,41.92573547363281,13.033989906311035,53.81443405151367,87.26200103759766,530.5796508789062,79.56827545166016,174.765869140625,78.50251007080078,117.44999694824219,33.029998779296875,64.2557601928711,262.5630187988281,226.23570251464844,592.84619140625,30.419294357299805,102.72027587890625,80.4710922241211,16.979999542236328,78.58999633789062,26.30173110961914,49.810001373291016,84.96917724609375,544.5169677734375,22.799999237060547,82.98310852050781,42.8552131652832,102.45691680908203,41.99949264526367,49.412994384765625,140.9932861328125,120.54489135742188,77.97691345214844,39.833866119384766,38.85352325439453,132.2405548095703,105.72683715820312,128.83697509765625
2025-06-17,41.84614181518555,77.75664520263672,43.9899787902832,23.670000076293945,20.8799991607666,8.74377727508545,21.25316619873047,30.56730842590332,72.76827239990234,41.62357711791992,18.229999542236328,29.959999084472656,25.953981399536133,414.1769714355469,,20.685504913330078,311.94000244140625,153.4168701171875,124.9951400756836,59.5,89.69546508789062,106.63001251220703,178.86181640625,205.86849975585938,50.52130889892578,11.384984016418457,53.78682327270508,5.1433587074279785,243.31674194335938,49.169063568115234,41.569679260253906,13.293899536132812,53.45672607421875,85.45957946777344,525.4059448242188,79.60718536376953,173.08709716796875,78.54063415527344,116.62999725341797,33.7400016784668,63.95058059692383,260.778564453125,224.44522094726562,587.7802734375,30.314599990844727,103.2601547241211,81.45036315917969,17.579999923706055,82.30000305175781,26.475786209106445,52.83000183105469,84.66673278808594,539.8783569335938,23.299999237060547,81.71900177001953,42.436973571777344,101.55352783203125,42.391563415527344,49.12941360473633,139.93310546875,119.69181060791016,77.31446838378906,39.672359466552734,38.53221893310547,130.0578155517578,103.90396118164062,130.5115509033203
2025-06-18,41.79624557495117,77.78658294677734,44.11672592163086,24.149999618530273,20.820999145507812,8.768325805664062,21.39472770690918,30.815502166748047,72.45037841796875,41.65262985229492,18.399999618530273,30.350000381469727,25.847810745239258,413.9126892089844,,20.360137939453125,310.260009765625,156.1962127685547,125.4439697265625,58.970001220703125,89.7524185180664,106.07010650634766,177.6692657470703,206.954345703125,51.18669509887695,11.485735893249512,54.50025177001953,5.106289386749268,240.515380859375,49.169063568115234,41.60923767089844,13.346843719482422,53.6455192565918,85.08165740966797,525.3164672851562,79.86006164550781,173.10662841796875,78.57872772216797,116.30000305175781,33.27000045776367,63.802913665771484,261.77545166015625,225.36036682128906,587.691650390625,30.3621883392334,103.33592987060547,81.59162139892578,18.079999923706055,82.2699966430664,26.52413558959961,51.58000183105469,84.95973205566406,539.770263671875,24.200000762939453,82.27641296386719,42.31538772583008,101.60262298583984,42.1142463684082,49.10985565185547,139.599365234375,119.83563995361328,77.21846008300781,39.74836730957031,38.63292694091797,129.83370971679688,103.95335388183594,129.57264709472656
2025-06-20,41.4170036315918,77.72669982910156,44.12577819824219,23.799999237060547,20.575000762939453,8.591584205627441,21.272296905517578,30.229766845703125,71.69536590576172,40.65513610839844,18.34000015258789,30.290000915527344,25.490690231323242,414.0295104980469,,19.719261169433594,310.1300048828125,156.4918975830078,125.18466186523438,58.66999816894531,89.80939483642578,105.09029388427734,179.3189697265625,206.52003479003906,51.50492477416992,11.46894359588623,54.91481018066406,4.902408123016357,238.72642517089844,49.05955123901367,41.51033401489258,13.380535125732422,53.93366241455078,84.50992584228516,523.1715698242188,79.65581512451172,173.38967895507812,78.63587951660156,114.75,32.720001220703125,62.601871490478516,259.462646484375,223.9180450439453,586.3114624023438,30.40026092529297,103.5158920288086,81.4409408569336,17.65999984741211,83.12000274658203,26.49512481689453,52.15999984741211,84.90301513671875,538.2763671875,24.0,81.9977035522461,42.02845764160156,100.9839859008789,42.5445671081543,49.24675750732422,139.7564239501953,119.304931640625,77.78490447998047,39.73887252807617,38.738433837890625,129.21006774902344,104.07686614990234,130.24053955078125
2025-06-23,41.87607955932617,79.1540756225586,43.97187423706055,23.579999923706055,20.527000427246094,8.719230651855469,21.473159790039062,30.517667770385742,73.03648376464844,41.17809295654297,17.959999084472656,30.649999618530273,25.558252334594727,417.9169616699219,,18.910770416259766,311.0799865722656,157.8914337158203,124.61613464355469,58.66999816894531,90.12267303466797,106.35005950927734,181.8730010986328,209.047119140625,52.70505905151367,11.484221458435059,56.17776870727539,4.930210113525391,228.01239013671875,49.0097770690918,42.1235466003418,12.918474197387695,54.64907455444336,84.64558410644531,528.5509643554688,80.7159423828125,174.92042541503906,78.74067687988281,116.52999877929688,32.959999084472656,63.30084228515625,261.1075439453125,225.3106231689453,592.102783203125,30.961814880371094,103.60113525390625,81.70460510253906,16.84000015258789,76.41000366210938,26.38875961303711,51.40999984741211,86.17897033691406,543.8191528320312,23.549999237060547,81.89517211914062,42.496734619140625,102.26265716552734,41.46868133544922,49.86690139770508,141.64886474609375,120.66520690917969,78.68582916259766,40.31882095336914,39.229522705078125,129.39610290527344,106.13975524902344,125.53116607666016
2025-06-24,43.01380157470703,80.1023178100586,44.0443000793457,24.1299991607666,21.264999389648438,8.92542839050293,22.04705238342285,31.212608337402344,73.38420867919922,41.749473571777344,17.84000015258789,30.690000534057617,25.374868392944336,422.89398193359375,,19.86715316772461,306.19000244140625,161.09458923339844,127.0797348022461,60.060001373291016,90.43597412109375,108.02974700927734,180.62081909179688,211.71240234375,53.27793884277344,11.594565391540527,56.7116813659668,5.115556240081787,226.87217712402344,49.816158294677734,42.667518615722656,12.591180801391602,55.3446044921875,85.29483795166016,536.6336059570312,80.63814544677734,176.5766143798828,78.807373046875,118.87999725341797,32.61000061035156,63.82260513305664,270.69769287109375,233.85513305664062,598.6439208984375,31.22831916809082,103.7337417602539,82.29782104492188,16.25,73.0,26.253381729125977,47.75,86.40579986572266,549.7943115234375,22.799999237060547,83.4381103515625,42.848670959472656,103.58165740966797,40.92881774902344,50.61265182495117,142.83041381835938,122.83129119873047,78.61817169189453,40.51054000854492,39.398536682128906,130.9822235107422,106.72886657714844,124.63561248779297
2025-06-25,42.99384307861328,79.19398498535156,43.48299026489258,24.25,21.135000228881836,8.92542839050293,21.94566535949707,31.3118839263916,73.94052124023438,41.62357711791992,17.600000381469727,30.860000610351562,25.172176361083984,421.9810791015625,,19.8572940826416,307.1199951171875,162.46456909179688,126.3615951538086,61.275001525878906,90.47394561767578,107.74979400634766,180.9090118408203,209.24453735351562,53.04490661621094,11.543639183044434,56.439876556396484,5.078486919403076,223.76608276367188,49.608787536621094,42.301570892333984,12.562301635742188,54.91735076904297,84.9556884765625,538.0055541992188,79.3445816040039,175.30264282226562,78.81689453125,118.26000213623047,33.0099983215332,63.222084045410156,274.3463439941406,235.95396423339844,598.979248046875,30.419294357299805,103.79056549072266,82.40140533447266,15.850000381469727,73.30999755859375,26.185693740844727,47.38999938964844,84.32646942138672,550.0695190429688,22.549999237060547,82.890625,42.438072204589844,103.56197357177734,40.75046920776367,50.445838928222656,141.5701141357422,123.87956237792969,77.56451416015625,39.52317810058594,38.8721923828125,131.09971618652344,105.471435546875,122.78614044189453
2025-06-26,43.393043518066406,80.43872833251953,44.198204040527344,24.559999465942383,21.5,9.18759536743164,22.37225914001465,32.04652786254883,74.56712341308594,44.15121078491211,17.559999465942383,31.700000762939453,25.230087280273438,425.9764404296875,,19.90659523010254,306.7799987792969,164.16964721679688,126.68077850341797,61.13999938964844,90.79672241210938,108.68962097167969,183.35372924804688,212.64031982421875,54.16153335571289,11.696419715881348,57.740692138671875,5.324070930480957,227.66835021972656,50.37644577026367,42.88511276245117,12.610433578491211,55.71224594116211,85.2076416015625,543.0360107421875,79.86978912353516,176.62562561035156,78.91215515136719,119.93000030517578,33.34000015258789,65.15162658691406,276.34014892578125,237.80410766601562,603.6655883789062,30.02906036376953,104.09364318847656,82.81571197509766,15.65999984741211,73.58999633789062,26.07932472229004,47.189998626708984,84.24819946289062,554.4231567382812,22.25,83.29875946044922,42.907325744628906,104.76286315917969,41.333717346191406,50.8187141418457,143.1061248779297,124.73406982421875,77.4968490600586,39.27394485473633,39.19572448730469,131.4130096435547,106.44174194335938,124.38253784179688
2025-06-27,43.332096099853516,81.4177474975586,44.30684280395508,24.299999237060547,21.399999618530273,9.190540313720703,22.573122024536133,32.3640022277832,74.18917083740234,43.732479095458984,17.719999313354492,31.670000076293945,25.413475036621094,429.9718017578125,,19.729122161865234,301.2200012207031,164.27806091308594,126.14215850830078,60.720001220703125,90.55937194824219,107.75979614257812,186.38478088378906,212.7093963623047,54.12269973754883,11.6709566116333,57.71156692504883,5.412110328674316,227.2260284423828,50.805137634277344,43.311485290527344,12.543048858642578,56.387901306152344,84.76187896728516,544.8951416015625,79.52937316894531,177.27243041992188,78.88359069824219,120.05999755859375,32.619998931884766,65.49618530273438,277.5563659667969,237.59523010253906,606.664794921875,30.485919952392578,103.96106719970703,82.28840637207031,16.540000915527344,73.27999877929688,26.127676010131836,47.130001068115234,84.45818328857422,557.1748657226562,22.399999618530273,82.63180541992188,42.96109390258789,105.99327850341797,41.1168098449707,50.96590042114258,144.53382873535156,124.58503723144531,77.86416625976562,39.41773223876953,39.272987365722656,131.1290740966797,108.21402740478516,123.81795501708984
2025-06-30,43.65181350708008,81.3178482055664,44.23441696166992,24.350000381469727,21.520000457763672,9.170902252197266,22.716594696044922,32.493377685546875,75.1738510131836,43.82012176513672,17.700000762939453,31.639999389648438,25.2397403717041,432.5733337402344,,20.56719207763672,304.8299865722656,166.70262145996094,126.18206024169922,61.209999084472656,90.92013549804688,109.47947692871094,187.46800231933594,213.01541137695312,54.142112731933594,11.772810935974121,57.653324127197266,5.319437026977539,226.3610382080078,50.58580780029297,43.21232986450195,12.552675247192383,56.536949157714844,85.23670196533203,548.4244384765625,80.08374786376953,178.10543823242188,78.94073486328125,121.63999938964844,32.810001373291016,65.13194274902344,278.0149230957031,237.4360809326172,609.5653686523438,30.761943817138672,104.22625732421875,83.09820556640625,15.279999732971191,73.11000061035156,25.992298126220703,46.880001068115234,85.0022201538086,559.959716796875,22.200000762939453,82.55216217041016,42.921993255615234,106.82997131347656,40.880611419677734,51.38783264160156,145.2526092529297,125.80717468261719,78.27015686035156,39.70531463623047,39.432334899902344,131.9710693359375,107.59027099609375,122.4551773071289
2025-07-01,43.1622428894043,82.13701629638672,43.80891036987305,24.170000076293945,21.770000457763672,9.141446113586426,22.773983001708984,31.985824584960938,74.02008056640625,44.23884963989258,17.579999923706055,31.56999969482422,24.757144927978516,436.735595703125,,19.61080551147461,307.54998779296875,166.49562072753906,127.29915618896484,59.84000015258789,90.75155639648438,108.21971130371094,183.86056518554688,215.2068634033203,55.70540237426758,11.891643524169922,59.623958587646484,5.356506824493408,232.89759826660156,51.04441452026367,43.648616790771484,12.6200590133667,56.71580505371094,86.26810455322266,543.801513671875,80.21991729736328,180.19284057617188,78.85855102539062,120.33999633789062,32.72999954223633,66.1360855102539,274.9843444824219,236.36180114746094,609.3680419921875,30.758134841918945,104.16924285888672,83.30423736572266,15.109999656677246,73.93000030517578,25.982629776000977,46.810001373291016,85.62259674072266,559.7034301757812,22.649999618530273,82.70149230957031,44.031578063964844,106.07202911376953,41.19392776489258,51.67239761352539,145.73507690429688,124.68438720703125,79.24649047851562,39.97372055053711,39.567543029785156,133.8509521484375,108.05067443847656,123.5064697265625
2025-07-02,43.45199203491211,83.43570709228516,44.30684280395508,25.170000076293945,21.670000076293945,9.337824821472168,22.687898635864258,32.33414840698242,74.11954498291016,45.39764404296875,18.010000228881836,32.2400016784668,24.9694881439209,436.55889892578125,,21.277080535888672,309.25,168.4865264892578,129.2141876220703,62.41999816894531,90.56110382080078,108.78960418701172,183.58230590820312,218.18804931640625,56.569576263427734,12.044426918029785,60.68208694458008,5.662327766418457,238.82472229003906,51.363441467285156,44.11465072631836,12.822211265563965,57.13311767578125,86.23880767822266,547.5892944335938,80.21991729736328,180.6044464111328,78.8489761352539,120.77999877929688,33.2400016784668,68.8039779663086,280.3775634765625,240.8578643798828,612.130615234375,30.87615394592285,104.12171936035156,82.77497100830078,15.420000076293945,75.58999633789062,25.963289260864258,46.66999816894531,85.82302856445312,562.1876220703125,23.200000762939453,84.40369415283203,44.691463470458984,105.76688385009766,41.90250778198242,51.63314437866211,145.88278198242188,126.00093841552734,79.4784927368164,40.050411224365234,39.224700927734375,132.5291748046875,108.91700744628906,125.8426513671875
2025-07-03,43.961544036865234,84.23489379882812,44.451698303222656,25.389999389648438,22.149999618530273,9.457615852355957,22.812244415283203,32.63270568847656,75.52196502685547,45.24184036254883,18.15999984741211,31.90999984741211,24.98879051208496,439.8768615722656,,21.02073097229004,307.1400146484375,169.21585083007812,129.6630096435547,62.189998626708984,90.24681091308594,111.24913787841797,185.69908142089844,220.21168518066406,57.11333084106445,12.103843688964844,61.381038665771484,5.90327787399292,237.45843505859375,51.52294921875,44.422035217285156,12.822211265563965,57.44114303588867,85.93633270263672,552.977783203125,80.70621490478516,181.4766387939453,78.76298522949219,123.13999938964844,33.5099983215332,69.09931945800781,282.740234375,242.05148315429688,616.9550170898438,31.017974853515625,103.94113159179688,82.19844055175781,15.25,75.19000244140625,26.0889949798584,46.290000915527344,85.91846466064453,567.0475463867188,23.149999618530273,84.85163879394531,44.662139892578125,106.34764099121094,41.95071029663086,52.19245147705078,147.1234130859375,127.66028594970703,79.43982696533203,40.06958770751953,39.519256591796875,132.66624450683594,109.5110855102539,125.7355728149414
2025-07-07,43.501949310302734,83.53560638427734,43.97187423706055,24.350000381469727,22.09000015258789,9.269091606140137,22.64007568359375,32.0057258605957,75.2733154296875,44.14147186279297,17.540000915527344,31.149999618530273,24.81505584716797,435.86187744140625,,20.77423858642578,307.3699951171875,168.9497528076172,127.78788757324219,61.400001525878906,89.96109008789062,110.68924713134766,186.90158081054688,216.9047393798828,56.37538146972656,11.976522445678711,60.750038146972656,5.643793106079102,234.32286071777344,51.08428955078125,44.0154914855957,12.79333209991455,57.083438873291016,85.67288208007812,548.8121948242188,80.31717681884766,180.02621459960938,78.74386596679688,122.55000305175781,33.43000030517578,67.91796112060547,278.8922119140625,237.51564025878906,612.357421875,30.60013771057129,103.80805969238281,81.41397094726562,15.109999656677246,76.4800033569336,26.176023483276367,46.86000061035156,85.18356323242188,562.5030517578125,22.700000762939453,83.19921112060547,44.231990814208984,105.32392883300781,41.54581069946289,51.692020416259766,146.61138916015625,126.64679718017578,79.37216186523438,39.76283264160156,39.601348876953125,131.5500946044922,108.1199722290039,124.35332489013672
2025-07-08,43.64182662963867,83.55558013916016,44.198204040527344,25.09000015258789,22.31999969482422,9.377100944519043,22.946151733398438,32.204769134521484,75.2733154296875,44.45307922363281,17.34000015258789,33.77000045776367,24.844011306762695,434.271484375,,21.326379776000977,304.1600036621094,166.5547637939453,128.99476623535156,61.81999969482422,89.82776641845703,111.0591812133789,185.5996856689453,218.40521240234375,56.76377868652344,12.061402320861816,61.303375244140625,5.977416038513184,245.56768798828125,51.13414001464844,44.11465072631836,12.822211265563965,57.10331344604492,85.89729309082031,549.1204223632812,80.06430053710938,180.47705078125,78.75341796875,122.75,33.290000915527344,68.90242004394531,282.6006774902344,242.05148315429688,612.0220336914062,30.457368850708008,103.72251892089844,81.31000518798828,14.829999923706055,76.95999908447266,26.195363998413086,45.79999923706055,85.05948638916016,562.1285400390625,22.649999618530273,84.32405090332031,44.59370422363281,105.10737609863281,42.66410827636719,51.2308349609375,146.57200622558594,127.32742309570312,78.63748931884766,39.70531463623047,39.18123245239258,132.1473388671875,107.7536392211914,128.30535888671875
2025-07-09,43.731746673583984,84.24488830566406,44.089561462402344,26.06999969482422,22.350000381469727,9.372191429138184,23.33831214904785,32.61280059814453,75.90986633300781,43.732479095458984,17.389999389648438,34.29999923706055,25.02739906311035,436.372314453125,,22.60813331604004,305.5199890136719,168.21054077148438,131.9470672607422,63.58000183105469,90.29442596435547,111.39910888671875,187.73634338378906,220.7743377685547,56.68609619140625,12.086867332458496,61.27424621582031,5.958881855010986,243.70008850097656,51.17401885986328,44.47161102294922,12.812585830688477,57.16292953491211,86.61937713623047,553.007568359375,79.95732116699219,181.0160369873047,78.8203125,123.61000061035156,33.0,68.892578125,284.53466796875,242.82737731933594,615.692138671875,30.55254554748535,104.1122055053711,82.16062927246094,14.199999809265137,76.93000030517578,26.195363998413086,44.20000076293945,85.12629699707031,565.4605102539062,22.600000381469727,87.46966552734375,44.862552642822266,105.38299560546875,42.44719314575195,51.417274475097656,147.59600830078125,128.09251403808594,78.12516784667969,39.68614196777344,39.54823303222656,132.6564483642578,108.39225769042969,127.2346420288086
2025-07-10,43.61185073852539,85.03408813476562,44.09861755371094,26.125,22.440000534057617,9.573479652404785,23.30961799621582,32.38390350341797,73.31388854980469,44.28753662109375,17.389999389648438,34.79999923706055,24.872968673706055,438.3160705566406,,23.012378692626953,306.20001220703125,170.1620330810547,133.3035430908203,64.5,90.24681091308594,109.1295394897461,187.4779510498047,221.90957641601562,57.05507278442383,12.154770851135254,61.71109390258789,6.24616813659668,245.72496032714844,51.81207275390625,44.70958709716797,12.754827499389648,58.057186126708984,87.1950912475586,552.2122192382812,80.33663177490234,182.06463623046875,78.8203125,121.3499984741211,33.75,69.94595336914062,286.62811279296875,245.24452209472656,617.4285278320312,30.419294357299805,104.08370208740234,82.21733093261719,14.75,75.38999938964844,26.243711471557617,43.86000061035156,85.6607666015625,567.1166381835938,22.899999618530273,87.97734069824219,45.10206604003906,105.02862548828125,42.77015686035156,51.721458435058594,148.42312622070312,127.67022705078125,78.40550231933594,39.887447357177734,39.87176513671875,133.46910095214844,109.59027862548828,128.77261352539062
2025-07-11,43.24217224121094,84.81431579589844,44.198204040527344,25.264999389648438,22.17099952697754,9.602935791015625,23.080059051513672,32.11520004272461,72.18997192382812,43.97592544555664,17.270000457763672,34.5099983215332,24.872968673706055,435.4397277832031,,24.57019805908203,309.1400146484375,168.79205322265625,131.24888610839844,67.20999908447266,89.82776641845703,107.45985412597656,188.60092163085938,218.8494110107422,56.4627685546875,12.103843688964844,61.05097961425781,6.172029972076416,247.92672729492188,51.503013610839844,44.58068084716797,12.9281005859375,57.36165237426758,86.09246826171875,550.9695434570312,80.72566986083984,180.73182678222656,78.80121612548828,119.04000091552734,35.029998779296875,70.27082061767578,286.59820556640625,244.86654663085938,615.2579956054688,30.343151092529297,103.91261291503906,81.08317565917969,14.920000076293945,77.29000091552734,26.321069717407227,44.06999969482422,85.67031860351562,565.0759887695312,22.5,86.62353515625,44.73545837402344,104.34944915771484,42.96295928955078,51.18177795410156,147.89141845703125,127.10881805419922,78.11549377441406,39.84910583496094,39.813812255859375,132.36273193359375,109.6199951171875,129.53187561035156
2025-07-14,43.47196960449219,84.52459716796875,44.352108001708984,25.260000228881836,22.174999237060547,9.6422119140625,23.089624404907227,32.12514877319336,72.81658935546875,43.742218017578125,17.459999084472656,34.279998779296875,24.979137420654297,436.43121337890625,,24.501182556152344,308.010009765625,170.39857482910156,131.5481414794922,68.18000030517578,89.7896728515625,109.0295639038086,192.43695068359375,220.3202667236328,57.05507278442383,12.086867332458496,61.740211486816406,6.311039447784424,240.43673706054688,51.57280349731445,44.58068084716797,12.822211265563965,57.788909912109375,86.39494323730469,552.9678344726562,81.20223999023438,180.91802978515625,78.8107681274414,119.66999816894531,34.630001068115234,69.27651977539062,284.4349670410156,242.53892517089844,616.43212890625,30.681039810180664,103.97915649414062,80.91305541992188,15.289999961853027,75.62000274658203,26.38875961303711,44.7400016784668,86.22389221191406,566.18994140625,22.450000762939453,87.86783599853516,44.48617172241211,105.37315368652344,42.49058151245117,51.564456939697266,148.68896484375,127.0044937133789,78.18316650390625,40.11751174926758,39.973167419433594,132.20606994628906,110.02592468261719,128.1788330078125
2025-07-15,43.75172805786133,83.35578918457031,44.10767364501953,24.329999923706055,22.03499984741211,9.652030944824219,22.928936004638672,32.1749153137207,72.7270736694336,43.177425384521484,17.510000228881836,34.310001373291016,24.72818946838379,432.0823974609375,,24.836406707763672,306.7300109863281,167.98388671875,128.71548461914062,66.16000366210938,89.43728637695312,108.96956634521484,192.01956176757812,216.00645446777344,55.26845932006836,11.959548950195312,59.57542419433594,6.125693321228027,232.77964782714844,51.76222610473633,44.104732513427734,12.79333209991455,57.10331344604492,84.62879943847656,553.474853515625,80.16155242919922,178.4092559814453,78.73429870605469,119.91000366210938,34.2599983215332,68.28221130371094,289.89794921875,244.9560546875,613.7979125976562,30.752424240112305,103.70352172851562,80.34598541259766,15.539999961853027,75.26000213623047,26.53380584716797,44.40999984741211,84.9544906616211,563.7352905273438,22.299999237060547,85.51859283447266,43.57210159301758,104.32975769042969,41.87839889526367,50.681339263916016,147.57635498046875,128.1322479248047,77.4001693725586,39.59987258911133,39.59169006347656,129.826904296875,108.45166015625,125.41434478759766
2025-07-16,43.94156265258789,83.63550567626953,44.053348541259766,24.8799991607666,22.158000946044922,9.671669006347656,23.10205841064453,32.403812408447266,72.94588470458984,43.13847732543945,17.6299991607666,34.18000030517578,24.979137420654297,434.25189208984375,,27.62668228149414,308.260009765625,169.2552947998047,130.83995056152344,67.83000183105469,89.68489837646484,109.78941345214844,193.2220458984375,218.1781768798828,55.62772750854492,12.078378677368164,60.099632263183594,6.079356670379639,229.02481079101562,51.84197998046875,44.21380615234375,12.822211265563965,57.40139389038086,85.76069641113281,554.04150390625,80.75484466552734,179.1050262451172,78.83943939208984,120.48999786376953,34.40999984741211,68.08531951904297,288.3826599121094,244.2895965576172,615.8499755859375,31.097925186157227,104.05519104003906,80.45938873291016,15.800000190734863,75.19000244140625,26.43710708618164,44.81999969482422,85.7562255859375,565.588623046875,22.350000381469727,87.41989135742188,43.68940734863281,104.64474487304688,41.516883850097656,51.03458786010742,148.09820556640625,128.5297088623047,77.67083740234375,40.03123474121094,39.61100387573242,131.4423828125,108.6496810913086,123.37018585205078
2025-07-17,44.391170501708984,85.15396881103516,44.00808334350586,24.489999771118164,22.13800048828125,9.887685775756836,23.419614791870117,33.06064224243164,73.6520767211914,42.86581802368164,17.549999237060547,34.150001525878906,24.882619857788086,437.0594787597656,,27.86331558227539,307.5899963378906,170.94064331054688,131.39849853515625,67.6500015258789,89.65634155273438,111.28913116455078,194.64315795898438,221.04087829589844,56.64726257324219,12.103843688964844,61.32278823852539,6.468584060668945,232.00311279296875,52.4600944519043,44.99714279174805,12.90884780883789,58.206233978271484,84.48242950439453,558.5252685546875,80.79374694824219,180.56524658203125,78.8107681274414,122.4000015258789,34.650001525878906,69.0599365234375,290.80511474609375,245.22462463378906,619.6187133789062,31.3425350189209,104.15022277832031,80.44048309326172,15.699999809265137,76.16000366210938,26.553142547607422,44.619998931884766,85.6607666015625,568.979736328125,22.100000381469727,87.71852111816406,43.99736404418945,105.00894165039062,41.772361755371094,51.52520751953125,149.4668426513672,129.6971893310547,78.40550231933594,39.992897033691406,39.775184631347656,129.9443817138672,109.0209732055664,125.78424072265625
2025-07-18,44.321231842041016,84.9142074584961,44.46075439453125,24.920000076293945,22.18000030517578,10.0349702835083,23.108755111694336,33.00093078613281,73.81119537353516,42.719749450683594,17.809999465942383,34.65999984741211,25.123918533325195,435.31243896484375,,28.997173309326172,308.3900146484375,172.11349487304688,129.39369201660156,66.68000030517578,89.90396881103516,111.03917694091797,194.8916015625,219.47132873535156,56.74435806274414,12.027450561523438,61.41986846923828,6.626128196716309,229.39833068847656,53.25766372680664,45.04671859741211,12.94735336303711,58.315528869628906,84.1604232788086,557.9883422851562,80.9785385131836,180.4966278076172,78.87765502929688,123.44999694824219,34.61000061035156,68.95164489746094,289.40948486328125,245.42355346679688,619.1649780273438,31.4786434173584,104.2642822265625,80.5633544921875,15.850000381469727,75.93000030517578,26.51446533203125,43.959999084472656,85.84212493896484,568.723388671875,22.600000381469727,85.876953125,44.100013732910156,104.52661895751953,41.4349365234375,51.554649353027344,149.13206481933594,129.61276245117188,78.19283294677734,40.10792922973633,40.441558837890625,129.08277893066406,109.98633575439453,125.96920013427734
2025-07-21,44.49108123779297,83.82530975341797,43.817970275878906,25.1299991607666,22.281999588012695,10.11352252960205,22.97484588623047,32.85165023803711,74.28863525390625,43.703269958496094,17.579999923706055,34.939998626708984,24.998441696166992,435.4891662597656,,30.49583625793457,313.1300048828125,170.6843719482422,128.79527282714844,66.33000183105469,90.21823120117188,111.18915557861328,193.44065856933594,218.5828857421875,56.666683197021484,11.981993675231934,61.22571563720703,6.8717122077941895,228.88720703125,54.154930114746094,44.7591667175293,12.90884780883789,58.206233978271484,83.77011108398438,560.88134765625,81.00772094726562,179.8792266845703,78.92545318603516,123.38999938964844,35.349998474121094,70.61538696289062,289.6088562011719,245.64239501953125,620.3389892578125,31.437713623046875,104.5304183959961,81.28166961669922,14.680000305175781,75.58999633789062,26.340410232543945,43.70000076293945,86.19526672363281,569.7388916015625,22.450000762939453,85.47877502441406,44.32486343383789,105.92437744140625,41.00593948364258,51.4074592590332,148.34434509277344,129.7816619873047,78.18316650390625,40.26130294799805,40.57194137573242,128.3484649658203,110.50614166259766,122.81534576416016
2025-07-22,44.141387939453125,83.91522216796875,44.03524398803711,25.950000762939453,22.44300079345703,10.368815422058105,23.130754470825195,32.72227478027344,73.70179748535156,44.89128112792969,17.459999084472656,35.5,25.06600570678711,436.98193359375,,29.91411781311035,316.1000061035156,168.9497528076172,132.49563598632812,67.81999969482422,90.47537994384766,110.87921142578125,190.9860076904297,220.39923095703125,57.016231536865234,12.127801895141602,61.507232666015625,7.191434383392334,234.03781127929688,54.802955627441406,45.17562484741211,12.899221420288086,58.47450637817383,85.39964294433594,557.9784545898438,82.32073211669922,182.1724395751953,78.9828109741211,122.87000274658203,35.720001220703125,72.12161254882812,284.48480224609375,242.2504425048828,620.4277954101562,31.923126220703125,104.62545013427734,81.77313232421875,14.470000267028809,75.3499984741211,26.205034255981445,43.54999923706055,87.67463684082031,569.7388916015625,22.600000381469727,86.3348617553711,44.93587112426758,106.17045593261719,41.19874572753906,51.692020416259766,148.69882202148438,128.57937622070312,78.89849853515625,40.961082458496094,41.06931686401367,130.73745727539062,111.62496185302734,124.1781234741211
2025-07-23,44.730873107910156,85.72339630126953,44.07145690917969,26.549999237060547,22.7189998626709,10.309901237487793,23.326833724975586,34.364356994628906,74.02008056640625,45.28079605102539,17.469999313354492,36.099998474121094,25.288000106811523,442.1378173828125,,29.28310203552246,312.17999267578125,170.6449737548828,135.0590057373047,67.29000091552734,90.15157318115234,111.7890396118164,195.666748046875,223.765380859375,57.04536437988281,12.265032768249512,61.507232666015625,7.015355587005615,246.6390838623047,55.530738830566406,45.760643005371094,12.870342254638672,58.971317291259766,87.20484161376953,560.5235595703125,82.25265502929688,183.68162536621094,78.91588592529297,124.05999755859375,35.689998626708984,73.00762939453125,285.720947265625,240.77828979492188,625.7060546875,31.998319625854492,104.21675872802734,81.3194580078125,13.710000038146973,75.27999877929688,26.166353225708008,41.77000045776367,87.84644317626953,574.5791015625,22.350000381469727,87.81806945800781,45.087398529052734,106.751220703125,41.84466552734375,52.10414505004883,151.36715698242188,129.31466674804688,78.927490234375,41.07611846923828,40.76026916503906,133.42013549804688,112.1546630859375,125.04447174072266
2025-07-24,44.551029205322266,85.82329559326172,44.46075439453125,26.030000686645508,22.632999420166016,10.368815422058105,23.05136489868164,34.324554443359375,73.98029327392578,44.511505126953125,17.56999969482422,36.16999816894531,25.288000106811523,439.09332275390625,,30.51555633544922,310.2699890136719,171.89666748046875,135.0789337158203,67.66000366210938,90.01822662353516,112.06898498535156,195.61705017089844,220.6756591796875,56.09379577636719,12.20499324798584,60.36173629760742,7.265573024749756,248.72291564941406,55.17183303833008,45.711063385009766,12.851090431213379,58.047245025634766,87.3902359008789,561.716552734375,81.63018798828125,183.09364318847656,78.8489761352539,123.79000091552734,35.4900016784668,70.93041229248047,286.9072570800781,240.28091430664062,625.9132080078125,31.628076553344727,104.29279327392578,81.17770385742188,13.859999656677246,76.08999633789062,26.234041213989258,41.61000061035156,87.54100799560547,574.9733276367188,22.399999618530273,87.09139251708984,44.62303161621094,106.92839813232422,42.143524169921875,52.07470703125,151.11117553710938,129.8611602783203,78.64715576171875,41.01860427856445,40.707157135009766,132.92080688476562,110.29821014404297,125.36566925048828
2025-07-25,44.70090103149414,88.45063781738281,44.44264602661133,26.0,22.540000915527344,10.300082206726074,23.204402923583984,34.165321350097656,74.25880432128906,44.03435516357422,17.489999771118164,35.84000015258789,25.172176361083984,440.9691467285156,,29.726787567138672,307.3999938964844,173.2863311767578,135.14874267578125,66.36000061035156,90.2277603149414,112.66887664794922,197.03819274902344,221.49496459960938,56.07437515258789,12.230724334716797,60.119049072265625,7.260939121246338,247.87757873535156,54.85280227661133,46.46465301513672,12.72594928741455,58.38507843017578,87.49756622314453,563.068603515625,81.31895446777344,183.97564697265625,78.89678955078125,124.66000366210938,34.65999984741211,71.30450439453125,286.59820556640625,240.2610321044922,628.5572509765625,31.570964813232422,104.38784790039062,81.68806457519531,13.829999923706055,74.8499984741211,26.29206085205078,41.22999954223633,87.5505599975586,577.2604370117188,22.299999237060547,87.21084594726562,45.15093994140625,105.93421936035156,41.98444747924805,52.43776321411133,152.60780334472656,130.1592254638672,78.78250122070312,41.01860427856445,40.81338119506836,133.62574768066406,111.3229751586914,124.61615753173828
2025-07-28,44.89073181152344,88.01107788085938,44.451698303222656,25.68000030517578,22.260000228881836,10.162616729736328,22.946151733398438,34.09565353393555,73.91065979003906,43.489036560058594,17.329999923706055,34.790000915527344,25.31695556640625,440.3013610839844,,30.978958129882812,305.4100036621094,172.36973571777344,133.76235961914062,67.0999984741211,90.02777099609375,112.85884094238281,196.81954956054688,221.23829650878906,56.03553771972656,12.102069854736328,60.07051467895508,6.70953369140625,252.26150512695312,55.121986389160156,46.26633834838867,12.860715866088867,58.28571701049805,86.30711364746094,564.8283081054688,79.98650360107422,182.88783264160156,78.88722229003906,125.58999633789062,34.63999938964844,69.9853286743164,290.5060729980469,244.44874572753906,628.3994140625,31.07603645324707,104.2547836303711,81.15878295898438,13.670000076293945,77.16999816894531,26.59182357788086,40.099998474121094,86.14754486083984,577.1223754882812,22.25,86.17558288574219,44.495941162109375,105.3633041381836,42.4616584777832,52.07470703125,152.13519287109375,131.19757080078125,77.97050476074219,40.309234619140625,40.378787994384766,132.46063232421875,111.97149658203125,127.44877624511719
2025-07-29,44.84077835083008,87.12197875976562,45.05826950073242,24.6200008392334,21.979999542236328,10.0349702835083,22.821809768676758,33.69757080078125,74.06980895996094,43.0313606262207,17.200000762939453,35.0,25.1046142578125,438.4747314453125,,30.68317222595215,306.25,172.5570068359375,133.5130157470703,66.70999908447266,90.61824035644531,112.98881530761719,196.004638671875,219.8267059326172,55.851051330566406,12.059185981750488,59.7792854309082,6.505653381347656,251.2490692138672,54.29450607299805,45.97878646850586,13.02436351776123,57.48088836669922,84.28726959228516,563.9534301757812,82.03868103027344,182.79965209960938,78.9541244506836,125.25,34.65999984741211,69.51278686523438,291.9914245605469,244.8864288330078,626.7418823242188,30.885679244995117,104.81553649902344,82.52923583984375,13.90999984741211,79.80000305175781,26.65951156616211,41.040000915527344,87.5314712524414,575.6240234375,21.950000762939453,85.44890594482422,44.32486343383789,104.45771026611328,42.876197814941406,51.80976867675781,150.40223693847656,131.20252990722656,78.48283386230469,40.98025894165039,40.84236145019531,131.6186065673828,111.19921875,128.2761688232422
2025-07-30,44.780826568603516,86.9021987915039,45.085426330566406,24.5,21.479000091552734,9.789496421813965,23.147014617919922,33.5383415222168,73.31388854980469,41.78491973876953,17.25,28.239999771118164,25.056352615356445,436.7855529785156,,30.65359115600586,300.9599914550781,173.84812927246094,133.35342407226562,66.37000274658203,90.30394744873047,112.69886779785156,197.4058837890625,218.7112274169922,55.113101959228516,11.896223068237305,59.012386322021484,6.209099292755127,244.1031036376953,53.66642379760742,45.68132019042969,12.995484352111816,57.987632751464844,83.594482421875,564.708984375,80.55060577392578,181.6138458251953,78.86810302734375,125.02999877929688,33.5099983215332,68.60708618164062,295.3410339355469,246.63711547851562,625.9526977539062,30.460224151611328,104.4068603515625,82.10392761230469,13.350000381469727,81.04000091552734,26.920595169067383,41.2400016784668,86.29070281982422,574.924072265625,21.799999237060547,85.84709167480469,43.43034744262695,104.78254699707031,42.26403045654297,51.711647033691406,149.66375732421875,131.4956512451172,77.7868423461914,40.40509796142578,41.14657211303711,131.38365173339844,110.4962387084961,126.25149536132812
2025-07-31,44.53104782104492,87.09201049804688,45.32986831665039,23.81999969482422,21.309999465942383,9.632393836975098,23.175708770751953,33.309444427490234,72.29937744140625,41.92124938964844,17.260000228881836,27.450000762939453,24.998441696166992,433.4170227050781,,30.426820755004883,302.9599914550781,173.10891723632812,132.41586303710938,66.31999969482422,90.38014221191406,111.63906860351562,195.37855529785156,216.5691375732422,54.588775634765625,11.79330062866211,58.303733825683594,6.060822010040283,239.56192016601562,54.972434997558594,45.30452346801758,12.870342254638672,57.25235366821289,80.92086029052734,561.716552734375,78.83882141113281,179.95765686035156,78.86810302734375,123.0999984741211,33.31999969482422,67.00241088867188,287.88421630859375,238.75904846191406,623.6046142578125,30.314599990844727,104.23577117919922,82.15117645263672,13.59000015258789,79.58999633789062,26.978612899780273,41.4900016784668,85.07856750488281,572.7651977539062,21.75,85.26972961425781,42.88289260864258,105.72750854492188,42.037479400634766,51.38783264160156,149.673583984375,130.53184509277344,77.11984252929688,39.69572830200195,41.36870193481445,127.70225524902344,109.6199951171875,124.74269104003906
2025-08-01,43.432010650634766,85.1040267944336,44.76856231689453,23.559999465942383,20.899999618530273,9.592135429382324,23.02267074584961,32.96112060546875,71.14561462402344,41.62911605834961,17.170000076293945,27.56999969482422,24.77644920349121,427.9076232910156,,28.573209762573242,309.1099853515625,168.5062255859375,132.69512939453125,64.22000122070312,91.420654296875,108.60963439941406,194.56365966796875,212.15658569335938,53.65662384033203,11.72468376159668,57.09999084472656,6.093257427215576,231.01036071777344,52.96854782104492,44.6302604675293,12.668190956115723,56.44752502441406,82.47233581542969,550.6513671875,79.26677703857422,177.92904663085938,79.26126098632812,118.75,33.59000015258789,65.92935180664062,283.0692138671875,235.9838104248047,613.3834228515625,30.095687866210938,104.96365356445312,83.31907653808594,13.619999885559082,77.45999908447266,26.65951156616211,44.7599983215332,84.86859130859375,563.3311157226562,21.5,85.53849792480469,42.38919448852539,104.45771026611328,41.256587982177734,50.43602752685547,147.43849182128906,127.71492767333984,77.4871826171875,39.58069610595703,41.431480407714844,128.38763427734375,106.97640228271484,120.41100311279297
2025-08-04,44.291259765625,86.093017578125,45.094482421875,24.15999984741211,21.360000610351562,9.720763206481934,23.273271560668945,33.807044982910156,72.46846008300781,42.31076431274414,17.1200008392334,27.719999313354492,24.834360122680664,433.888427734375,,29.894399642944336,310.9100036621094,172.44859313964844,135.0190887451172,65.19999694824219,91.54486083984375,110.95919799804688,196.680419921875,216.9047393798828,54.355735778808594,11.870492935180664,57.905723571777344,6.24616813659668,231.786865234375,53.37730407714844,45.016971588134766,12.629685401916504,57.13311767578125,83.57496643066406,560.8118286132812,79.67526245117188,180.10462951660156,79.2804183959961,121.16000366210938,33.97999954223633,65.69308471679688,289.28985595703125,239.12705993652344,622.7067260742188,30.305082321166992,105.26854705810547,83.5467758178711,12.960000038146973,76.11000061035156,26.64984130859375,41.72999954223633,85.73713684082031,571.897705078125,21.549999237060547,86.4244384765625,42.95132064819336,106.46575927734375,41.16501235961914,50.93646240234375,148.79727172851562,130.30828857421875,77.86416625976562,39.91620635986328,42.16545867919922,130.2283172607422,108.23384094238281,120.79063415527344
2025-08-05,44.13139343261719,87.89120483398438,44.5965461730957,23.684999465942383,21.440000534057617,9.82877254486084,23.23309898376465,33.767234802246094,71.56334686279297,42.729488372802734,16.899999618530273,27.209999084472656,25.017745971679688,433.2304382324219,,29.09576988220215,311.1600036621094,170.9504852294922,133.06417846679688,64.55000305175781,91.47799682617188,110.52928161621094,196.31271362304688,218.01034545898438,54.6373176574707,11.896223068237305,58.09986877441406,6.338841915130615,237.8614501953125,53.10811996459961,45.155792236328125,12.523797035217285,56.457454681396484,83.33102416992188,557.004150390625,80.33663177490234,179.60484313964844,79.25166320800781,120.36000061035156,34.349998474121094,66.32313537597656,286.2094421386719,237.46591186523438,619.5496215820312,30.18134880065918,105.17326354980469,83.8029556274414,13.1899995803833,75.0199966430664,26.64984130859375,42.15999984741211,86.12844848632812,569.1472778320312,21.25,86.45429992675781,43.25437927246094,105.638916015625,41.2180290222168,50.730403900146484,148.49205017089844,129.23019409179688,77.7868423461914,40.050411224365234,41.71638107299805,129.72898864746094,108.37245178222656,121.71539306640625
2025-08-06,44.60098648071289,87.34175872802734,44.62371063232422,23.09000015258789,21.513999938964844,9.85822868347168,23.29048728942871,33.43881607055664,72.64749908447266,43.1092643737793,16.920000076293945,27.459999084472656,25.085309982299805,434.0455627441406,,30.032434463500977,310.5,170.96035766601562,131.14915466308594,65.51000213623047,91.41110229492188,111.7890396118164,196.18353271484375,217.72409057617188,54.38486099243164,11.827608108520508,57.63390350341797,6.297138690948486,234.87330627441406,53.84587097167969,44.897979736328125,12.494916915893555,56.536949157714844,81.80880737304688,564.0130615234375,79.82115936279297,179.20301818847656,79.2804183959961,123.9800033569336,34.349998474121094,65.880126953125,285.7309265136719,235.6754608154297,624.2952270507812,29.979568481445312,105.0875244140625,83.31907653808594,13.539999961853027,73.79000091552734,26.49512481689453,40.86000061035156,85.46034240722656,573.3763427734375,21.25,85.73758697509766,42.785125732421875,106.0425033569336,40.83723068237305,50.97571563720703,148.61021423339844,130.68585205078125,78.89849853515625,39.71489715576172,41.34456253051758,127.78060150146484,110.62496185302734,120.42074584960938
2025-08-07,44.67092514038086,88.2907943725586,44.27968215942383,23.290000915527344,21.23900032043457,10.049697875976562,23.11353874206543,33.26963806152344,70.80744171142578,43.966190338134766,17.079999923706055,27.479999542236328,25.336259841918945,431.8359069824219,,31.54096031188965,313.1199951171875,170.891357421875,130.8898162841797,66.83000183105469,91.3442153930664,109.57945251464844,195.736328125,217.01332092285156,53.88966369628906,11.784724235534668,57.12911605834961,6.45004940032959,231.7672119140625,54.1649055480957,45.1855354309082,12.523797035217285,56.46739959716797,80.579345703125,565.9219360351562,80.15184783935547,179.09524536132812,79.24209594726562,122.4000015258789,34.7599983215332,66.55940246582031,290.2169494628906,239.5647430419922,623.7722778320312,30.14327621459961,105.20184326171875,83.17677307128906,13.529999732971191,73.41999816894531,26.475786209106445,41.18000030517578,85.70849609375,573.0313720703125,21.649999618530273,84.93128204345703,42.97087478637695,105.58969116210938,40.678165435791016,50.406585693359375,148.3936004638672,130.80508422851562,79.49781799316406,39.86827850341797,41.79364013671875,126.31196594238281,110.5903091430664,119.28185272216797
2025-08-08,44.870750427246094,88.6104736328125,44.44264602661133,23.3799991607666,21.299999237060547,10.211710929870605,22.745290756225586,33.43881607055664,70.7378158569336,45.02761459350586,17.040000915527344,27.770000457763672,25.297651290893555,433.9964599609375,,33.11850357055664,313.04998779296875,172.01492309570312,131.69772338867188,66.12999725341797,91.1340103149414,109.60944366455078,195.2294921875,217.48716735839844,54.433414459228516,11.879069328308105,57.818359375,6.8346428871154785,233.45787048339844,54.523807525634766,45.364017486572266,12.504544258117676,56.06000900268555,80.8330307006836,571.2008056640625,79.53910827636719,179.41864013671875,79.222900390625,120.44999694824219,34.880001068115234,67.15992736816406,292.6194763183594,241.583984375,628.6361694335938,29.899620056152344,105.1351547241211,82.81625366210938,13.199999809265137,73.30000305175781,26.52413558959961,39.7599983215332,85.0022201538086,577.4180908203125,21.5,85.04077911376953,43.18593978881836,105.94406127929688,40.93845748901367,50.877586364746094,148.5117645263672,132.11170959472656,79.72982025146484,39.542354583740234,41.61497497558594,127.43791961669922,110.78337097167969,119.71989440917969
2025-08-11,44.64094924926758,88.05104064941406,44.00808334350586,23.3799991607666,21.176000595092773,10.398271560668945,22.822765350341797,33.150211334228516,70.4692611694336,44.30701446533203,17.139999389648438,27.690000534057617,25.703031539916992,432.1207275390625,,34.705902099609375,308.54998779296875,172.22190856933594,131.39849853515625,67.63999938964844,91.16268920898438,108.34968566894531,195.04066467285156,217.43780517578125,54.36545181274414,11.81903076171875,57.66303253173828,7.799370288848877,229.62440490722656,54.613529205322266,45.116127014160156,12.552675247192383,56.169307708740234,81.2038345336914,569.5107421875,79.11116027832031,178.9286346435547,79.222900390625,118.23999786376953,34.18000030517578,67.04178619384766,292.4898681640625,241.12643432617188,627.3931274414062,29.952917098999023,105.1351547241211,82.9111099243164,13.069999694824219,73.80000305175781,26.630502700805664,39.95000076293945,84.43909454345703,576.2352294921875,21.450000762939453,84.77201843261719,43.08818435668945,106.4854507446289,40.61068344116211,50.85795974731445,148.02926635742188,131.2174530029297,79.66215515136719,39.31229019165039,41.48460006713867,127.5652084350586,111.07050323486328,118.5712661743164
2025-08-12,45.30037307739258,91.70735168457031,44.30684280395508,24.079999923706055,21.447999954223633,10.476822853088379,23.089624404907227,33.71747970581055,71.91148376464844,45.27105712890625,16.709999084472656,28.059999465942383,25.876766204833984,436.7069396972656,,36.825721740722656,308.2699890136719,174.23251342773438,133.6526336669922,67.94999694824219,91.1435775756836,109.53945922851562,197.0083770751953,223.8937225341797,56.21031188964844,12.00772476196289,59.740455627441406,7.589928150177002,233.17282104492188,56.12891387939453,46.21676254272461,12.504544258117676,57.60011672973633,81.53559875488281,576.6688232421875,79.12088775634766,181.20223999023438,79.2804183959961,119.73999786376953,34.40999984741211,69.06978607177734,299.1690979003906,248.8354034423828,634.072265625,29.971954345703125,104.95414733886719,82.49365234375,12.279999732971191,72.94999694824219,26.49512481689453,38.25,84.91632080078125,582.3865966796875,21.100000381469727,86.52398681640625,43.65031051635742,108.52302551269531,40.808311462402344,51.47614669799805,149.56527709960938,133.2493896484375,79.87481689453125,39.379390716552734,41.663265228271484,128.44638061523438,112.24873352050781,119.99243927001953
2025-08-13,45.55015563964844,92.28675842285156,44.74104690551758,25.15999984741211,21.799999237060547,10.614289283752441,23.23309898376465,34.10560607910156,72.44857025146484,46.02086639404297,16.799999237060547,27.950000762939453,25.963632583618164,441.36199951171875,,38.6004524230957,309.2099914550781,173.39476013183594,136.74461364746094,69.83999633789062,91.46842956542969,109.51947021484375,195.58724975585938,228.24703979492188,57.15216827392578,12.170684814453125,60.808284759521484,7.506523132324219,236.25924682617188,57.75395965576172,46.712547302246094,12.475665092468262,58.36520767211914,83.21392059326172,576.9571533203125,79.76280212402344,183.78944396972656,79.38590240478516,121.0199966430664,35.0,70.10346221923828,300.345458984375,252.53570556640625,636.242919921875,30.0385799407959,105.35428619384766,83.17677307128906,12.399999618530273,72.45999908447266,26.42743682861328,38.029998779296875,85.70849609375,584.417236328125,21.200000762939453,89.11214447021484,44.47150421142578,109.36955261230469,41.28069305419922,51.77052307128906,150.13638305664062,133.29905700683594,79.87481689453125,39.63821029663086,41.75501251220703,130.50247192382812,113.7883529663086,121.60830688476562
2025-08-14,45.190467834472656,90.70835876464844,44.399227142333984,25.079999923706055,21.591999053955078,10.54555606842041,23.1202335357666,33.74733352661133,71.34453582763672,45.28079605102539,16.770000457763672,27.989999771118164,25.674076080322266,441.1065979003906,,36.953895568847656,307.25,173.8579864501953,136.9141845703125,67.02999877929688,91.17223358154297,108.31968688964844,194.77236938476562,225.30532836914062,57.142459869384766,12.076339721679688,60.76945495605469,7.284107685089111,235.5417022705078,57.32526779174805,46.048194885253906,12.523797035217285,57.9478874206543,84.06285095214844,576.5098266601562,79.23759460449219,182.59385681152344,79.29960632324219,119.68000030517578,34.5,68.96149444580078,300.98345947265625,252.79432678222656,636.302001953125,29.562681198120117,105.03987884521484,82.56008911132812,12.510000228881836,73.73999786376953,26.52413558959961,38.13999938964844,85.09765625,584.4270629882812,21.0,89.16191864013672,44.00714111328125,109.45814514160156,41.24213409423828,52.01582717895508,148.80714416503906,133.0109405517578,79.15948486328125,39.36022186279297,41.46527862548828,131.15846252441406,113.65963745117188,121.82246398925781
2025-08-15,45.18048095703125,89.60945892333984,44.399227142333984,25.239999771118164,21.635000228881836,10.535736083984375,23.271358489990234,33.9165153503418,71.59319305419922,45.913753509521484,17.09000015258789,27.920000076293945,26.11806297302246,441.73162841796875,,35.711585998535156,307.42999267578125,171.7882537841797,138.40028381347656,66.44000244140625,90.99068450927734,109.08954620361328,193.86801147460938,224.20962524414062,56.161766052246094,11.990569114685059,59.78899002075195,7.475941181182861,232.62237548828125,57.50471878051758,45.63174057006836,12.485291481018066,58.03731155395508,85.23377227783203,573.9747314453125,79.71416473388672,182.14305114746094,79.27082824707031,121.05999755859375,34.5,68.48894500732422,294.73291015625,247.00514221191406,634.8123168945312,29.686416625976562,104.83980560302734,81.97185516357422,12.829999923706055,72.80000305175781,26.43710708618164,37.970001220703125,85.58441925048828,583.165283203125,21.100000381469727,90.26686096191406,44.00714111328125,109.73375701904297,41.24213409423828,51.47614669799805,148.12774658203125,132.0023956298828,79.28514862060547,39.61904525756836,41.34456253051758,133.3614044189453,113.3873519897461,121.20922088623047
2025-08-18,45.260406494140625,90.41865539550781,44.37150573730469,25.100000381469727,21.674999237060547,10.535736083984375,23.273271560668945,33.90656661987305,71.76227569580078,45.44633483886719,17.100000381469727,27.84000015258789,26.079456329345703,441.25994873046875,,35.435508728027344,306.95001220703125,171.45315551757812,138.02130126953125,66.05000305175781,90.90470886230469,109.38949584960938,194.71270751953125,225.02894592285156,56.38508987426758,11.953295707702637,60.119049072265625,7.552859306335449,234.94210815429688,57.72404861450195,45.750728607177734,12.504544258117676,58.25590896606445,85.21426391601562,573.7460327148438,79.20842742919922,182.10386657714844,79.27082824707031,122.18000030517578,34.54999923706055,68.3905029296875,295.93914794921875,247.73130798339844,634.6741333007812,29.534130096435547,104.7254638671875,81.73468017578125,12.720000267028809,73.16999816894531,26.50479507446289,37.11000061035156,84.85905456542969,582.9583129882812,21.049999237060547,89.79899597167969,43.75296401977539,109.06440734863281,40.99630355834961,51.51539611816406,148.7086944580078,132.28558349609375,79.17882537841797,39.245182037353516,41.165889739990234,133.048095703125,113.84280395507812,120.19686889648438
2025-08-19,44.45111846923828,89.7892837524414,44.297607421875,24.219999313354492,21.844999313354492,10.403181076049805,23.07049560546875,33.319393157958984,71.36443328857422,44.87180709838867,16.989999771118164,27.56999969482422,26.185626983642578,441.4958190917969,,33.66077423095703,305.2699890136719,169.8860626220703,137.5325469970703,64.19000244140625,91.1340103149414,106.56002044677734,192.0394287109375,223.3014373779297,56.443355560302734,11.987970352172852,60.01226806640625,7.274839878082275,233.59547424316406,57.2554817199707,45.91929626464844,12.417906761169434,58.206233978271484,85.91682434082031,565.961669921875,80.40470886230469,182.95643615722656,79.3092041015625,120.08999633789062,33.869998931884766,68.21330261230469,289.9677429199219,243.85191345214844,631.2308959960938,29.61979103088379,104.83027648925781,82.20905303955078,12.15999984741211,72.30000305175781,26.57248306274414,37.849998474121094,86.31934356689453,579.774169921875,20.950000762939453,88.39543151855469,44.016910552978516,108.4541244506836,41.01075744628906,51.61351776123047,149.0336151123047,129.9754180908203,79.99081420898438,39.94496154785156,41.566688537597656,133.89990234375,113.7883529663086,119.65174865722656
2025-08-20,44.10142135620117,88.96012115478516,44.399227142333984,24.020000457763672,21.66200065612793,10.356049537658691,23.24266242980957,33.02083206176758,71.51361846923828,45.05682373046875,17.06999969482422,27.65999984741211,26.253190994262695,441.5645446777344,,35.37635803222656,308.3599853515625,170.1521453857422,138.0612030029297,64.9000015258789,91.26776885986328,106.31006622314453,193.102783203125,222.51171875,56.511322021484375,12.0226411819458,60.225833892822266,7.039450645446777,232.4749298095703,56.8866081237793,45.48300552368164,12.543048858642578,58.03731155395508,86.61937713623047,562.6013793945312,80.85210418701172,182.7898406982422,79.33795928955078,119.16000366210938,34.43000030517578,67.51433563232422,288.06365966796875,242.4493865966797,629.5537109375,29.857738494873047,104.94461059570312,82.38932037353516,12.130000114440918,73.5199966430664,26.553142547607422,37.61000061035156,86.56748962402344,578.2462768554688,21.149999618530273,88.81351470947266,44.05113220214844,108.12928771972656,41.35300064086914,51.878456115722656,148.89573669433594,129.09605407714844,80.44515228271484,40.09834671020508,41.61014175415039,134.62440490722656,112.66458129882812,120.81012725830078
2025-08-21,43.841651916503906,89.32974243164062,44.46389389038086,24.290000915527344,21.593000411987305,10.388452529907227,23.38709259033203,32.712318420410156,71.20527648925781,45.40738296508789,17.309999465942383,27.770000457763672,26.330406188964844,440.17901611328125,,34.37067413330078,307.2900085449219,169.57066345214844,138.40028381347656,63.689998626708984,91.00023651123047,105.94013977050781,193.74874877929688,223.0645294189453,56.297698974609375,11.935961723327637,59.9831428527832,7.101541519165039,236.04299926757812,56.388126373291016,45.39376449584961,12.639311790466309,57.878334045410156,86.96089172363281,559.99658203125,80.91046905517578,182.15284729003906,79.27082824707031,118.94999694824219,34.61000061035156,67.65216064453125,286.56829833984375,241.0767059326172,627.028076171875,29.544599533081055,104.96365356445312,81.9813461303711,12.399999618530273,74.12999725341797,26.688520431518555,38.189998626708984,86.30979919433594,575.968994140625,21.149999618530273,89.51032257080078,44.18310546875,108.01117706298828,41.63739013671875,51.711647033691406,148.36402893066406,128.62905883789062,79.72015380859375,39.954551696777344,41.32524490356445,134.1740264892578,111.99624633789062,121.053466796875
2025-08-22,44.90072250366211,91.90715026855469,44.593231201171875,25.239999771118164,22.1200008392334,10.751753807067871,23.84046745300293,33.6478157043457,72.18997192382812,46.94595718383789,17.299999237060547,27.770000457763672,26.629615783691406,448.7182922363281,,39.37936019897461,310.5799865722656,172.80340576171875,139.47750854492188,66.25,91.50665283203125,107.43985748291016,194.59344482421875,231.81060791015625,58.91936111450195,12.230676651000977,62.9439582824707,7.25167179107666,247.88742065429688,57.85365676879883,46.4844856262207,12.668190956115723,59.16010284423828,87.2438735961914,568.6359252929688,81.58155822753906,185.700439453125,79.44344329833984,122.05999755859375,35.34000015258789,69.92626190185547,292.7291564941406,247.77105712890625,636.6572265625,30.21942138671875,105.67820739746094,82.58853912353516,11.90999984741211,74.63999938964844,26.42743682861328,35.189998626708984,87.98006439208984,584.7820434570312,21.100000381469727,90.5057601928711,45.058067321777344,109.56641387939453,42.485755920410156,52.565330505371094,150.78622436523438,130.37286376953125,79.72015380859375,40.58723068237305,41.54737091064453,135.2803955078125,115.39728546142578,125.2001953125
2025-08-25,44.730873107910156,91.39765930175781,44.34379577636719,24.729999542236328,21.969999313354492,10.76157283782959,23.74386215209961,33.508480072021484,71.76227569580078,46.9556999206543,17.350000381469727,27.860000610351562,26.619962692260742,445.2101745605469,,35.967933654785156,309.8299865722656,171.84739685058594,136.7146759033203,62.880001068115234,91.32511138916016,106.67000579833984,194.14627075195312,229.3723602294922,58.56980895996094,12.152664184570312,62.60418701171875,7.367513179779053,247.60235595703125,57.06605911254883,46.13743591308594,12.72594928741455,58.83220672607422,85.77045440673828,566.9955444335938,81.07581329345703,184.27943420410156,79.40508270263672,121.55999755859375,35.02000045776367,69.9754867553711,293.00830078125,247.19412231445312,633.855224609375,30.01954460144043,105.47814178466797,82.35137939453125,11.949999809265137,75.75,26.64017105102539,35.130001068115234,87.47421264648438,582.3076782226562,21.200000762939453,88.3854751586914,44.80877685546875,109.74359893798828,42.596622467041016,52.261138916015625,149.2797393798828,130.07974243164062,78.3571548461914,40.385921478271484,41.07897186279297,133.35159301757812,115.16461181640625,126.50459289550781
2025-08-26,44.94068908691406,92.4166259765625,44.41770553588867,24.90999984741211,21.969999313354492,10.873509407043457,23.91220474243164,33.63785934448242,71.84185791015625,47.54970169067383,17.219999313354492,27.93000030517578,26.465532302856445,446.6055908203125,,37.40743637084961,312.0799865722656,173.09909057617188,138.11105346679688,63.099998474121094,91.5639877319336,106.5500259399414,198.737548828125,231.2676544189453,59.13298416137695,12.230676651000977,63.32255172729492,7.177533149719238,244.87962341308594,56.637367248535156,46.44482421875,12.639311790466309,59.30914306640625,86.56082153320312,569.2721557617188,81.02717590332031,184.40684509277344,79.47220611572266,121.11000061035156,35.02000045776367,69.73921203613281,295.8294982910156,249.52175903320312,636.5092163085938,29.895811080932617,105.72586822509766,82.30392456054688,11.970000267028809,74.05000305175781,26.57248306274414,34.939998626708984,87.24514770507812,584.6341552734375,21.25,89.49041748046875,44.93097686767578,109.26127624511719,42.52914047241211,52.663455963134766,150.81578063964844,130.67591857910156,77.84484100341797,40.27089309692383,41.17072296142578,134.183837890625,115.6943130493164,126.0957260131836
2025-08-27,44.97066116333008,92.6663818359375,44.528564453125,24.719999313354492,22.020000457763672,10.810667991638184,24.15132713317871,33.63785934448242,72.71711730957031,47.20887756347656,17.100000381469727,27.65999984741211,26.716482162475586,448.1188659667969,,37.15108871459961,312.7099914550781,172.05438232421875,138.23074340820312,63.650001525878906,91.73596954345703,107.42985534667969,198.00216674804688,232.90634155273438,59.501953125,12.24801254272461,63.82733917236328,7.529691219329834,249.1848907470703,56.547637939453125,46.46465301513672,12.648938179016113,59.259464263916016,86.70719909667969,570.14697265625,81.89279174804688,185.07325744628906,79.52975463867188,125.08000183105469,34.9900016784668,69.896728515625,296.7366638183594,250.0091552734375,637.95947265625,29.876771926879883,105.96405792236328,82.20905303955078,12.1899995803833,74.68000030517578,26.5821533203125,35.09000015258789,87.7891845703125,585.974853515625,21.100000381469727,89.87863159179688,45.04341125488281,109.44830322265625,43.00634765625,52.77138900756836,150.79608154296875,131.38137817382812,78.07683563232422,40.44343566894531,41.18037796020508,134.10549926757812,115.71906280517578,127.9062728881836
2025-08-28,45.49020767211914,92.98605346679688,44.80571365356445,24.760000228881836,22.299999237060547,10.854852676391602,24.352188110351562,33.90656661987305,73.52275848388672,47.65681457519531,17.260000228881836,27.93000030517578,26.56205177307129,448.86566162109375,,36.10596466064453,315.0299987792969,172.0839385986328,137.8517303466797,63.58000183105469,91.94615936279297,109.06954956054688,198.91644287109375,233.18272399902344,59.27862548828125,12.24801254272461,63.604068756103516,7.491694927215576,251.7405242919922,56.806846618652344,46.534061431884766,12.735574722290039,59.34889221191406,86.25833892822266,573.7161254882812,81.77607727050781,184.98504638671875,79.50096893310547,128.99000549316406,35.52000045776367,70.27082061767578,297.952880859375,251.21273803710938,640.2188110351562,29.943401336669922,106.03074645996094,82.74983978271484,12.569999694824219,75.23999786376953,26.485454559326172,34.54999923706055,87.56010437011719,588.0449829101562,21.200000762939453,89.87863159179688,45.04341125488281,109.8617172241211,43.33412170410156,52.8400764465332,151.0619354248047,132.4197235107422,77.58383178710938,40.33799743652344,40.86649703979492,133.5767822265625,115.91708374023438,129.24960327148438
2025-08-29,45.04060363769531,91.4476089477539,44.990478515625,24.719999313354492,22.299999237060547,10.899038314819336,24.113065719604492,33.38905715942383,72.74695587158203,48.50400924682617,17.56999969482422,28.1299991607666,26.8033504486084,448.1778564453125,,35.2974739074707,318.07000732421875,171.6699676513672,137.86170959472656,61.439998626708984,91.86974334716797,108.0797348022461,197.18724060058594,232.14622497558594,59.2883415222168,12.352030754089355,63.59436798095703,7.661287307739258,252.46792602539062,56.986297607421875,46.11760330200195,12.754827499389648,59.12035369873047,86.72669982910156,567.0751342773438,82.43744659423828,184.84783935546875,79.56809997558594,127.55999755859375,36.189998626708984,69.9853286743164,289.3895568847656,244.0210418701172,636.4005737304688,30.10996437072754,105.9164047241211,82.16160583496094,12.829999923706055,74.83999633789062,26.46611785888672,35.2599983215332,88.0373306274414,584.6538696289062,21.399999618530273,89.44063568115234,45.10694885253906,109.6451644897461,43.570316314697266,52.97745895385742,149.673583984375,130.38778686523438,78.08650207519531,40.558475494384766,40.71681213378906,134.5558624267578,114.72400665283203,129.4734649658203
2025-09-02,44.58100128173828,90.72834014892578,44.72256851196289,24.799999237060547,21.704999923706055,10.73211669921875,23.5965633392334,33.1402587890625,71.94132232666016,48.8350944519043,17.719999313354492,28.489999771118164,26.494489669799805,445.7407531738281,,34.715755462646484,325.5899963378906,169.47210693359375,140.04603576660156,62.970001220703125,91.59557342529297,107.24988555908203,197.26675415039062,230.89256286621094,58.822269439697266,12.256680488586426,63.17694091796875,7.2470383644104,250.3840789794922,56.298397064208984,45.73089599609375,12.956979751586914,58.68316650390625,86.99993133544922,562.3229370117188,81.046630859375,183.38766479492188,79.52770233154297,126.11000061035156,37.150001525878906,68.8138198852539,285.59136962890625,241.54420471191406,631.684814453125,29.448469161987305,105.72228240966797,81.55020904541016,12.779999732971191,76.76000213623047,26.64017105102539,36.349998474121094,86.57703399658203,580.3460083007812,21.100000381469727,92.45682525634766,44.76967239379883,109.45814514160156,43.63297653198242,52.58495330810547,148.2458953857422,129.0712127685547,77.96083068847656,39.86827850341797,40.581600189208984,134.6831512451172,113.86756896972656,130.99200439453125
2025-09-03,44.84077835083008,90.11894989013672,44.51008987426758,24.860000610351562,21.764999389648438,10.908856391906738,23.642475128173828,33.01088333129883,71.81200408935547,49.6920166015625,17.559999465942383,28.360000610351562,26.3690128326416,445.3968811035156,,36.40176010131836,328.1400146484375,169.47210693359375,139.99615478515625,63.77000045776367,91.91191864013672,107.29988098144531,195.71644592285156,230.66552734375,58.890235900878906,12.334692001342773,63.264305114746094,7.219236373901367,245.56768798828125,56.56757736206055,45.522666931152344,12.83183765411377,59.02099609375,87.25361633300781,566.7470703125,81.32868957519531,183.1034393310547,79.58539581298828,126.95999908447266,37.34000015258789,68.6366195678711,285.54150390625,240.40028381347656,635.1082153320312,29.196243286132812,105.96136474609375,82.44540405273438,13.0600004196167,74.83000183105469,26.59182357788086,35.5,86.624755859375,583.3131713867188,20.850000381469727,93.22332763671875,44.466617584228516,111.28900909423828,42.65446853637695,52.49664306640625,147.49755859375,129.84127807617188,77.90284729003906,39.76283264160156,40.48019027709961,134.0467529296875,114.32796478271484,127.36116027832031
2025-09-04,45.0206184387207,91.92711639404297,44.46389389038086,24.899999618530273,21.917999267578125,10.722296714782715,23.71708106994629,33.09049606323242,71.96119689941406,48.82535171508789,17.639999389648438,28.079999923706055,26.291797637939453,449.12115478515625,,34.74534225463867,326.69000244140625,171.3939971923828,139.9862060546875,62.349998474121094,92.32411193847656,106.8199691772461,197.28663635253906,233.5479736328125,59.841800689697266,12.44737720489502,64.19622802734375,7.214602470397949,253.44102478027344,57.68417739868164,46.236595153808594,12.745201110839844,59.20978546142578,86.8730697631836,571.8768920898438,81.94142150878906,184.45584106445312,79.64312744140625,127.7699966430664,36.93000030517578,69.41434478759766,288.9608459472656,242.8771209716797,640.4161376953125,29.048112869262695,106.12393951416016,83.073974609375,13.100000381469727,74.18000030517578,26.630502700805664,34.459999084472656,87.2737808227539,588.1140747070312,20.850000381469727,93.04415130615234,44.6376953125,112.29303741455078,42.93886184692383,53.046142578125,149.16160583496094,130.482177734375,77.95116424560547,40.03123474121094,40.431907653808594,134.5558624267578,116.4170913696289,128.73367309570312
2025-09-05,45.42026901245117,91.89715576171875,44.122074127197266,25.520000457763672,21.940000534057617,11.013919830322266,23.897857666015625,33.41891860961914,73.11497497558594,49.72123336791992,17.530000686645508,27.940000534057617,26.214582443237305,447.0968933105469,,35.21860122680664,331.04998779296875,168.2696990966797,142.74900817871094,63.41999816894531,92.77466583251953,108.1197280883789,196.89906311035156,234.7128143310547,59.385433197021484,12.464714050292969,63.53612518310547,7.626997470855713,250.7772674560547,58.58143615722656,46.24650955200195,12.629685401916504,59.11042404174805,86.8730697631836,572.7020263671875,82.77786254882812,184.6714324951172,79.75853729248047,129.2100067138672,37.209999084472656,71.0682373046875,292.3702697753906,245.7418670654297,638.561279296875,29.396936416625977,106.59254455566406,84.3405990600586,12.9399995803833,72.62999725341797,26.49512481689453,34.4900016784668,88.25685119628906,586.5071411132812,20.850000381469727,95.0350341796875,44.950531005859375,112.89347839355469,42.109779357910156,52.07470703125,148.61021423339844,130.59146118164062,78.17350006103516,40.43385314941406,40.30635452270508,135.01605224609375,116.39234161376953,126.19307708740234
2025-09-08,46.0697021484375,91.90715026855469,43.85416793823242,25.479999542236328,22.134000778198242,11.19360637664795,23.75055694580078,33.94637680053711,74.30851745605469,50.07179260253906,17.65999984741211,28.030000686645508,26.330406188964844,448.28594970703125,,34.88337326049805,334.82000732421875,171.29544067382812,141.84136962890625,63.70000076293945,93.06224822998047,109.99937438964844,196.42202758789062,235.18663024902344,59.385433197021484,12.430041313171387,63.604068756103516,7.719671249389648,250.92469787597656,59.60831069946289,46.20684814453125,12.72594928741455,59.4979362487793,86.84380340576172,575.4957275390625,82.73895263671875,184.52444458007812,79.80663299560547,131.3000030517578,37.5099983215332,70.37911224365234,295.6001892089844,247.5323486328125,640.1300048828125,29.052888870239258,106.81248474121094,85.4643783569336,13.15999984741211,73.04000091552734,26.408098220825195,33.880001068115234,87.74144744873047,588.0252685546875,21.0,93.99977111816406,44.98963928222656,113.02144622802734,42.01337814331055,52.113956451416016,148.9449920654297,131.5701904296875,77.88349914550781,40.16544723510742,39.89590835571289,134.96710205078125,116.84284210205078,125.26834106445312
2025-09-09,46.429386138916016,90.02903747558594,44.01121520996094,25.610000610351562,22.09000015258789,11.026683807373047,23.9112491607666,33.65776443481445,74.15933227539062,50.0815315246582,17.579999923706055,28.1299991607666,26.15667152404785,450.06451416015625,,34.9129524230957,334.05999755859375,173.10891723632812,142.56947326660156,63.220001220703125,92.8417739868164,110.49927520751953,195.01084899902344,233.8046417236328,58.9290657043457,12.352030754089355,62.95365905761719,7.311909198760986,249.67636108398438,60.40587615966797,45.59207534790039,12.754827499389648,59.36876678466797,87.1755599975586,577.126220703125,82.49580383300781,183.95603942871094,79.73931121826172,132.44000244140625,37.18000030517578,69.11900329589844,296.8861999511719,247.7412109375,641.6099243164062,29.330041885375977,106.60208892822266,84.97868347167969,13.260000228881836,73.38999938964844,26.51446533203125,33.709999084472656,87.54100799560547,589.4546508789062,20.799999237060547,94.54727172851562,44.25642776489258,113.66124725341797,42.21582794189453,52.33964157104492,147.94065856933594,131.82354736328125,78.03816223144531,40.14627456665039,40.171146392822266,135.69163513183594,116.6794662475586,125.59929656982422
2025-09-10,46.7890739440918,91.73731994628906,44.01121520996094,24.780000686645508,22.0310001373291,10.997227668762207,23.76873207092285,33.56819534301758,74.59696197509766,50.432090759277344,17.469999313354492,28.329999923706055,26.262842178344727,448.0206298828125,,35.1298713684082,335.260009765625,172.92166137695312,140.285400390625,64.52999877929688,93.09101104736328,112.21895599365234,197.66427612304688,233.39002990722656,59.01646041870117,12.265348434448242,63.021610260009766,6.857810974121094,255.6329803466797,58.970252990722656,46.0085334777832,12.851090431213379,59.35882568359375,86.98040771484375,577.3150634765625,81.89279174804688,183.7698516845703,79.74893188476562,134.6999969482422,37.40999984741211,70.02470397949219,299.8968200683594,252.10797119140625,643.4647216796875,29.502065658569336,106.76466369628906,85.4643783569336,12.880000114440918,74.70999908447266,26.53380584716797,33.58000183105469,87.3978500366211,591.1600952148438,20.700000762939453,93.4721908569336,44.33952713012695,112.8245849609375,42.95331954956055,52.163021087646484,149.0336151123047,134.21319580078125,77.2745132446289,40.127098083496094,40.86167526245117,134.45797729492188,115.2834243774414,128.26644897460938
2025-09-11,47.158748626708984,93.31572723388672,44.14979934692383,26.190000534057617,22.538999557495117,11.281976699829102,23.826120376586914,34.04589080810547,75.18379211425781,51.61036682128906,17.600000381469727,28.799999237060547,26.455881118774414,453.9067077636719,,35.9777946472168,334.760009765625,176.12486267089844,143.42724609375,65.02999877929688,93.23480224609375,112.3789291381836,198.82699584960938,237.70384216308594,59.395145416259766,12.317358016967773,63.303131103515625,7.020915985107422,255.73129272460938,60.29621124267578,46.74229049682617,12.745201110839844,61.485172271728516,87.9366683959961,580.6754150390625,82.89456939697266,186.52365112304688,79.77780151367188,135.3300018310547,37.790000915527344,71.07807922363281,302.9872131347656,253.8387451171875,648.8119506835938,30.362180709838867,106.93681335449219,86.03579711914062,12.420000076293945,73.0,26.44677734375,32.72999954223633,88.99176025390625,595.9806518554688,20.899999618530273,95.26398468017578,45.26825714111328,114.55699920654297,42.96295928955078,53.01670455932617,150.4514617919922,134.66529846191406,77.90284729003906,40.77894973754883,41.07897186279297,136.79798889160156,117.52601623535156,127.87708282470703
2025-09-12,47.29862594604492,92.48655700683594,44.122074127197266,25.600000381469727,22.385000228881836,11.419443130493164,23.419614791870117,33.876708984375,74.53729248046875,51.999881744384766,17.899999618530273,28.600000381469727,26.542747497558594,451.3517761230469,,37.989158630371094,335.4200134277344,174.84356689453125,140.6145477294922,66.37999725341797,92.96640014648438,111.64906311035156,198.1810302734375,235.2754669189453,59.220367431640625,12.230676651000977,63.08956527709961,6.91341495513916,253.2247772216797,59.60831069946289,46.12752151489258,12.812585830688477,61.51498031616211,86.912109375,583.2403564453125,82.57361602783203,185.18104553222656,79.76815795898438,133.25,38.34000015258789,70.41848754882812,303.37603759765625,254.28639221191406,648.594970703125,30.191112518310547,106.79336547851562,85.66438293457031,12.510000228881836,73.30999755859375,26.485454559326172,32.68000030517578,88.58135223388672,595.8524780273438,21.0,93.69119262695312,44.81366729736328,115.51181030273438,42.70749282836914,52.791011810302734,149.25021362304688,134.57589721679688,77.64183807373047,40.59680938720703,41.28661346435547,135.22166442871094,118.13493347167969,126.67005920410156
2025-09-15,47.91808319091797,93.31572723388672,43.97426223754883,25.93000030517578,22.780000686645508,11.733649253845215,23.4339599609375,34.24493408203125,75.30314636230469,52.81785583496094,17.780000686645508,29.030000686645508,26.9384765625,452.0887756347656,,36.50035858154297,338.9100036621094,174.0550994873047,140.35520935058594,65.5,93.1197738647461,112.78884887695312,200.56613159179688,236.27249145507812,58.715457916259766,12.152664184570312,62.47799301147461,7.325810432434082,250.67897033691406,60.51554489135742,46.345664978027344,12.94735336303711,61.79319381713867,86.1412353515625,588.2310791015625,81.98033142089844,184.85765075683594,79.79701232910156,135.42999267578125,38.7599983215332,71.45217895507812,306.2171936035156,256.4349365234375,652.0480346679688,30.31439781188965,106.8985595703125,85.86439514160156,12.90999984741211,74.2300033569336,26.398427963256836,33.08000183105469,88.43819427490234,598.9577026367188,21.100000381469727,93.00433349609375,44.45195007324219,117.1359634399414,42.56288528442383,52.67326736450195,149.939453125,135.78810119628906,76.75251770019531,40.548885345458984,41.38319396972656,134.0663299560547,119.1596908569336,125.90104675292969
2025-09-16,48.14788055419922,93.36566925048828,44.07588577270508,26.549999237060547,22.738000869750977,11.69437313079834,23.467437744140625,34.29469299316406,75.03459930419922,52.32122802734375,17.959999084472656,28.950000762939453,26.793697357177734,450.82110595703125,,36.50035858154297,339.5899963378906,173.61642456054688,140.65762329101562,66.37000274658203,93.17729187011719,112.69886779785156,201.38406372070312,235.88343811035156,58.13286209106445,12.0573148727417,61.827579498291016,7.275766849517822,255.7705841064453,60.81462860107422,46.087860107421875,13.072494506835938,60.78963851928711,86.27784729003906,587.7340087890625,81.23991394042969,184.36764526367188,79.83548736572266,134.75,38.599998474121094,71.71797943115234,306.2570495605469,257.7516784667969,651.1502685546875,30.204492568969727,106.99419403076172,86.0453109741211,13.220000267028809,75.66999816894531,26.234041213989258,33.58000183105469,87.97051239013672,598.1690063476562,21.450000762939453,93.31291961669922,44.315086364746094,116.6634750366211,43.276275634765625,52.555519104003906,149.4963836669922,135.3161163330078,77.10050964355469,40.309234619140625,40.62989044189453,134.0663299560547,119.89237213134766,129.87257385253906
2025-09-17,48.19784164428711,92.61642456054688,44.103599548339844,26.270000457763672,22.950000762939453,11.851476669311523,23.23883628845215,34.20512390136719,74.8356704711914,51.63957595825195,17.8799991607666,28.420000076293945,26.23388671875,453.25811767578125,,36.70740509033203,336.9700012207031,174.881103515625,140.71749877929688,65.66999816894531,92.97595977783203,113.19877624511719,200.0175018310547,236.48728942871094,58.773712158203125,12.109322547912598,62.56535720825195,7.388828277587891,252.03543090820312,61.0738410949707,45.84988784790039,12.956979751586914,61.11753463745117,86.4339828491211,586.5608520507812,81.1518783569336,184.54405212402344,79.79701232910156,134.74000549316406,37.790000915527344,71.08792114257812,304.3031311035156,257.70184326171875,650.3411865234375,30.405189514160156,106.92724609375,85.82628631591797,13.100000381469727,74.97000122070312,26.321069717407227,32.369998931884766,87.85599517822266,597.4790649414062,21.25,93.3427734375,44.4177360534668,116.9686279296875,43.377506256103516,53.06576919555664,148.8169708251953,134.84910583496094,77.56451416015625,40.290061950683594,40.731292724609375,134.33070373535156,119.59040069580078,129.7849578857422
2025-09-18,48.73736572265625,95.40361022949219,44.16827392578125,27.594999313354492,23.030000686645508,11.871114730834961,23.23788070678711,34.86195755004883,76.54643249511719,51.29875564575195,17.739999771118164,28.34000015258789,26.137367248535156,454.6043701171875,,37.289127349853516,335.6199951171875,174.26852416992188,143.3422393798828,66.75,92.66922760009766,115.34837341308594,202.46136474609375,242.37744140625,60.19135284423828,12.152664184570312,64.23506164550781,7.409215927124023,253.96197509765625,61.193477630615234,46.56380844116211,12.87515640258789,61.43549728393555,86.71695709228516,591.8499145507812,81.57247161865234,185.7494354248047,79.76815795898438,136.6300048828125,37.9900016784668,71.235595703125,315.9867858886719,266.71295166015625,653.3799438476562,30.486421585083008,106.63079071044922,84.94058990478516,12.670000076293945,74.69000244140625,26.44677734375,32.25,88.046875,600.2885131835938,21.100000381469727,96.2395248413086,44.4177360534668,117.05721282958984,43.24253845214844,53.11483383178711,150.40223693847656,137.1791534423828,76.88784790039062,40.31882095336914,40.76026916503906,134.59503173828125,119.05078125,129.38584899902344
2025-09-19,49.09705352783203,95.02400207519531,43.34606170654297,27.510000228881836,23.07699966430664,11.998761177062988,23.30961799621582,34.83210372924805,76.4967041015625,52.13621139526367,17.739999771118164,28.579999923706055,26.03119659423828,456.20867919921875,,36.066532135009766,339.17999267578125,174.52540588378906,142.43405151367188,65.37000274658203,92.630859375,117.16803741455078,202.89027404785156,240.53614807128906,59.569923400878906,12.12665843963623,63.4293327331543,7.626997470855713,250.17767333984375,61.20344543457031,46.424991607666016,12.764453887939453,61.44542694091797,86.46324920654297,595.8563232421875,81.08341979980469,185.42605590820312,79.79701232910156,137.3699951171875,39.040000915527344,70.94025421142578,314.7306823730469,265.0083312988281,656.6160278320312,30.31439781188965,106.57340240478516,84.77867889404297,12.569999694824219,73.5199966430664,26.52413558959961,32.34000015258789,87.47421264648438,603.0882568359375,21.049999237060547,95.16444396972656,44.3981819152832,117.53954315185547,42.66892623901367,53.232574462890625,150.76654052734375,138.5702362060547,76.7331771850586,40.11751174926758,41.02102279663086,134.41879272460938,119.50128936767578,126.64083862304688
2025-09-22,49.61659622192383,96.19281005859375,42.967288970947266,27.850000381469727,23.0,12.106769561767578,23.586042404174805,35.787498474121094,76.48675537109375,52.769161224365234,17.610000610351562,28.6200008392334,25.915374755859375,456.9280700683594,,33.57203674316406,345.04998779296875,174.8020477294922,143.1226806640625,63.650001525878906,92.47750854492188,117.7679214477539,203.77804565429688,241.93197631835938,58.93592071533203,11.88836669921875,62.64794158935547,7.668700695037842,250.47254943847656,60.39590835571289,46.662967681884766,12.754827499389648,61.519020080566406,86.36567687988281,599.3838500976562,81.18122863769531,185.51463317871094,79.75853729248047,138.52999877929688,40.040000915527344,71.18637084960938,321.170654296875,268.96563720703125,659.7224731445312,30.57147789001465,106.31520080566406,84.47393035888672,12.149999618530273,73.44999694824219,26.42743682861328,32.880001068115234,87.49330139160156,606.0258178710938,20.600000381469727,96.88406372070312,44.38296127319336,117.1296157836914,42.61982727050781,53.16168975830078,151.27078247070312,140.6087646484375,75.87765502929688,40.24984359741211,41.41868591308594,134.38438415527344,119.11198425292969,127.59248352050781
2025-09-23,49.186973571777344,96.08293151855469,43.142822265625,27.510000228881836,22.777000427246094,12.01839828491211,23.610910415649414,35.48893737792969,75.74078369140625,52.70100021362305,17.75,28.6200008392334,25.876766204833984,456.13970947265625,,33.7100715637207,346.4599914550781,174.03138732910156,142.20452880859375,63.40999984741211,92.736328125,116.37818145751953,205.64337158203125,241.38751220703125,58.83823013305664,11.905887603759766,62.56980514526367,7.434238433837891,257.3138122558594,59.648189544677734,46.583641052246094,12.889595985412598,61.63835906982422,86.23880767822266,595.4025268554688,82.14952850341797,185.74102783203125,79.78739166259766,136.52000427246094,39.959999084472656,70.74336242675781,320.7021179199219,268.6466979980469,656.1312255859375,30.45775032043457,106.60208892822266,85.06438446044922,12.359999656677246,75.05000305175781,26.408098220825195,33.25,87.97051239013672,602.8515625,21.0,96.35631561279297,44.24053192138672,116.96170043945312,43.35389709472656,52.925418853759766,151.31031799316406,139.39498901367188,76.25724029541016,40.56859588623047,41.6325798034668,134.6892852783203,117.99118041992188,130.5816192626953
2025-09-24,49.19696807861328,94.30471801757812,43.80797576904297,27.0,22.381000518798828,12.09695053100586,23.414831161499023,34.94157409667969,75.30314636230469,54.47328186035156,17.719999313354492,29.700000762939453,25.963632583618164,454.3165283203125,,33.77909469604492,343.32000732421875,172.0454559326172,141.35621643066406,64.41999816894531,92.48710632324219,115.19840240478516,203.15960693359375,239.1700439453125,58.64284896850586,11.853322982788086,62.44282531738281,8.159869194030762,259.1125793457031,60.39590835571289,46.236595153808594,12.976231575012207,61.06155776977539,85.89729309082031,593.3123168945312,81.37683868408203,185.30795288085938,79.74893188476562,135.22000122070312,39.81999969482422,70.78274536132812,320.1139221191406,268.2380065917969,654.0436401367188,30.28572654724121,106.41082763671875,84.7406005859375,12.359999656677246,76.38999938964844,26.60149383544922,32.83000183105469,87.1052474975586,600.8406372070312,20.899999618530273,97.0234603881836,43.700294494628906,115.99368286132812,43.91781997680664,52.777748107910156,150.5292510986328,138.53440856933594,76.42269897460938,40.153255462646484,41.92912292480469,134.14833068847656,118.82434844970703,132.58091735839844
2025-09-25,48.87724304199219,93.89907836914062,43.78949737548828,26.670000076293945,22.155000686645508,12.224596977233887,23.252227783203125,34.72262954711914,74.9858627319336,54.745941162109375,17.719999313354492,29.510000228881836,25.90572166442871,452.7497253417969,,31.76772689819336,344.75,171.75892639160156,138.7913818359375,62.099998474121094,92.28577423095703,113.87864685058594,202.6009979248047,236.88327026367188,58.554931640625,11.870843887329102,62.40375900268555,8.474957466125488,258.75872802734375,60.00709533691406,46.0085334777832,13.072494506835938,60.85271072387695,83.90672302246094,590.75439453125,81.23013305664062,183.78231811523438,79.68158721923828,134.02999877929688,41.029998779296875,70.8122787475586,320.0640869140625,267.3807678222656,651.0263061523438,30.16913414001465,106.23868560791016,84.7406005859375,12.59000015258789,76.98999786376953,26.785219192504883,33.27000045776367,86.8450927734375,597.9719848632812,21.149999618530273,95.45021057128906,43.13058853149414,115.59857177734375,44.31159210205078,52.63992691040039,149.51089477539062,138.29066467285156,75.69274139404297,40.056663513183594,41.525634765625,131.92547607421875,117.14810943603516,133.374755859375
2025-09-26,48.87724304199219,95.39778137207031,43.937313079833984,26.90999984741211,22.34000015258789,12.224596977233887,23.467437744140625,34.682823181152344,75.40360260009766,55.49575424194336,17.6200008392334,29.3700008392334,26.040847778320312,455.558349609375,,32.70439147949219,346.739990234375,173.1619110107422,140.67758178710938,61.939998626708984,92.23784637451172,114.94844818115234,205.1845245361328,238.9126434326172,58.9554557800293,11.879606246948242,62.696781158447266,8.414719581604004,263.4375305175781,60.136695861816406,46.672882080078125,13.082120895385742,61.35990524291992,84.84346008300781,593.1829223632812,82.227783203125,185.60321044921875,79.72969055175781,134.49000549316406,41.86000061035156,71.56047058105469,320.8217468261719,267.9688415527344,654.7560424804688,30.295284271240234,106.2578125,84.6644058227539,12.470000267028809,77.0199966430664,26.688520431518555,31.989999771118164,87.70264434814453,601.4911499023438,20.950000762939453,97.53128051757812,43.63153839111328,116.72462463378906,44.71995162963867,53.023868560791016,150.85552978515625,138.70852661132812,75.87765502929688,40.45268630981445,42.201358795166016,133.27296447753906,118.87890625,134.5018310546875
2025-09-29,49.296878814697266,95.53766632080078,43.401493072509766,27.270000457763672,22.440000534057617,12.499526977539062,23.67308235168457,34.911720275878906,75.70199584960938,57.67701721191406,17.6299991607666,30.290000915527344,25.973285675048828,456.3072509765625,,34.04530715942383,352.4599914550781,175.70115661621094,142.12466430664062,64.97000122070312,92.50627136230469,115.95825958251953,204.9251708984375,239.18983459472656,58.457244873046875,11.791996955871582,62.09120178222656,8.271076202392578,260.085693359375,61.41280746459961,46.85136032104492,12.976231575012207,61.43946075439453,85.21426391601562,595.9299926757812,82.28646087646484,186.22329711914062,79.75853729248047,135.1699981689453,42.5,71.38326263427734,321.65911865234375,268.06854248046875,656.5962524414062,30.22838592529297,106.3917007446289,85.35961151123047,12.819999694824219,74.58999633789062,26.630502700805664,32.400001525878906,87.73155975341797,603.1817016601562,20.950000762939453,98.97508239746094,43.798519134521484,117.09998321533203,43.898372650146484,53.28968048095703,151.32022094726562,139.44970703125,76.0236587524414,40.52996063232422,42.32289505004883,133.66636657714844,119.39962005615234,130.83642578125
2025-09-30,49.346832275390625,96.59674835205078,43.35530090332031,27.770000457763672,22.264999389648438,12.754819869995117,22.83233070373535,35.26004409790039,75.6025390625,58.24181365966797,17.450000762939453,30.0,25.828506469726562,456.99700927734375,,33.78895568847656,355.4700012207031,174.76254272460938,144.0807342529297,65.0,92.46791076660156,114.98844146728516,208.735595703125,239.52642822265625,58.04694366455078,11.853322982788086,61.827484130859375,8.368382453918457,255.4757080078125,60.57535934448242,47.22815704345703,12.9281005859375,60.24607467651367,88.17084503173828,597.5623779296875,83.1080551147461,186.71542358398438,79.79701232910156,134.4199981689453,42.369998931884766,71.35372924804688,325.3476257324219,270.2515563964844,659.0695190429688,30.276168823242188,106.3630142211914,85.11199951171875,13.069999694824219,73.75,26.60149383544922,32.29999923706055,88.08806610107422,605.4061279296875,20.549999237060547,99.77165985107422,44.014617919921875,116.92218780517578,43.431678771972656,53.033714294433594,152.4868927001953,140.2108154296875,76.2767105102539,40.69416809082031,42.395816802978516,136.8826446533203,118.84418487548828,129.56236267089844
2025-10-01,49.846397399902344,96.80656433105469,43.30910873413086,28.850000381469727,22.25,12.892285346984863,22.573122024536133,35.5386962890625,76.1197509765625,58.94293212890625,17.549999237060547,30.149999618530273,25.876766204833984,457.50946044921875,,35.179161071777344,356.0299987792969,171.8577423095703,148.2124481201172,66.73999786376953,92.77944946289062,115.04843139648438,208.72564697265625,240.0511016845703,57.70503616333008,11.879606246948242,61.505165100097656,8.507392883300781,260.26263427734375,60.68502426147461,47.20832443237305,12.90884780883789,59.78860855102539,92.37814331054688,600.4288940429688,83.18630981445312,187.138671875,79.8896484375,134.49000549316406,42.90999984741211,72.9977798461914,332.6549072265625,275.454833984375,661.3153076171875,30.381296157836914,106.5527114868164,85.33182525634766,13.619999885559082,73.13999938964844,26.59182357788086,32.099998474121094,88.22296905517578,607.5711669921875,20.649999618530273,100.95657348632812,43.552955627441406,115.28248596191406,43.431678771972656,52.561161041259766,152.06175231933594,141.58377075195312,76.15991973876953,40.69416809082031,42.804168701171875,141.11195373535156,119.58807373046875,131.8066864013672
2025-10-02,50.27602005004883,97.03636932373047,43.06890869140625,29.809999465942383,22.190000534057617,13.044479370117188,22.52529525756836,36.13581848144531,76.67674255371094,59.186378479003906,17.670000076293945,30.559999465942383,25.751291275024414,458.3470764160156,,36.52007293701172,354.7900085449219,172.55923461914062,149.3202362060547,68.7699966430664,92.87560272216797,115.69831085205078,208.85531616210938,241.56570434570312,57.51942443847656,11.949689865112305,61.35865020751953,8.687178611755371,255.76077270507812,62.080772399902344,47.456214904785156,12.802959442138672,60.017337799072266,91.4569091796875,602.897216796875,82.36471557617188,187.5815887451172,79.90894317626953,135.8000030517578,42.529998779296875,72.85995483398438,337.1907958984375,280.7877197265625,662.0770263671875,30.486421585083008,106.50480651855469,85.58028411865234,13.449999809265137,71.54000091552734,26.630502700805664,32.470001220703125,87.76046752929688,608.2434692382812,20.799999237060547,102.15144348144531,44.058815002441406,115.0256576538086,42.99415588378906,52.521785736083984,152.45721435546875,142.34983825683594,75.85820007324219,40.481666564941406,42.72638702392578,140.83656311035156,118.72515869140625,129.23895263671875
2025-10-03,50.166114807128906,96.9764175415039,43.08738708496094,30.040000915527344,22.25,13.10830307006836,22.577903747558594,36.57371139526367,76.28882598876953,60.345176696777344,17.610000610351562,31.31999969482422,25.741640090942383,460.7122802734375,,36.72712707519531,357.6400146484375,173.78439331054688,150.6974639892578,69.80999755859375,92.69290924072266,114.80847930908203,209.02488708496094,243.3574981689453,57.910179138183594,11.932169914245605,61.97399139404297,9.182052612304688,258.24761962890625,61.93122482299805,47.54545593261719,12.851090431213379,59.59965896606445,92.17234802246094,600.3591918945312,82.47230529785156,188.24102783203125,79.8799819946289,135.05999755859375,43.52000045776367,73.20451354980469,335.6356201171875,279.063232421875,662.0671997070312,30.467308044433594,106.38983154296875,85.41783905029297,13.050000190734863,71.70999908447266,26.5821533203125,32.2400016784668,88.08806610107422,608.2928466796875,20.75,103.15711975097656,44.132484436035156,114.9664077758789,43.22264099121094,52.88604736328125,152.6648712158203,141.63351440429688,75.94579315185547,40.645870208740234,43.22224807739258,142.43980407714844,117.96142578125,130.53260803222656
2025-10-06,51.015377044677734,98.2153549194336,42.72709655761719,30.3799991607666,22.219999313354492,13.078845024108887,22.265132904052734,37.2205924987793,76.95524597167969,60.053043365478516,17.600000381469727,31.1299991607666,25.809202194213867,460.0519714355469,,38.35396957397461,364.3800048828125,173.36941528320312,150.21844482421875,71.29000091552734,92.4236831665039,115.59832763671875,212.01734924316406,244.32763671875,58.25209426879883,11.83580207824707,62.59910202026367,9.27194595336914,260.7835693359375,61.781681060791016,47.56528854370117,12.985857963562012,59.47037124633789,91.84892272949219,604.8680419921875,81.57247161865234,188.18199157714844,79.8606948852539,136.57000732421875,44.060001373291016,73.58845520019531,342.3148498535156,287.436279296875,664.4415283203125,30.434812545776367,106.20781707763672,84.73929595947266,13.300000190734863,72.87000274658203,26.707860946655273,32.15999984741211,87.25941467285156,610.3689575195312,20.700000762939453,103.19695281982422,44.093196868896484,115.0849380493164,43.43654251098633,52.86635208129883,153.376708984375,143.066162109375,75.3910140991211,40.24018478393555,43.64031982421875,141.7512969970703,118.97311401367188,131.4734344482422
2025-10-07,50.515811920166016,97.38607025146484,42.930335998535156,30.0,21.860000610351562,12.81373405456543,21.664457321166992,36.6334228515625,75.83130645751953,60.09199523925781,17.510000228881836,31.299999237060547,25.674076080322266,459.194580078125,,36.32288360595703,366.260009765625,172.95445251464844,150.1785125732422,69.12999725341797,92.65445709228516,114.34856414794922,212.42633056640625,241.7042999267578,57.929718017578125,11.791996955871582,62.14980697631836,9.216341972351074,259.4959411621094,61.0738410949707,47.168663024902344,13.02436351776123,58.60517120361328,91.53532409667969,601.6829833984375,81.46487426757812,187.35520935058594,79.8992919921875,134.2899932861328,43.38999938964844,72.96824645996094,336.0044860839844,281.0069580078125,661.9781494140625,30.171045303344727,106.50480651855469,85.22669219970703,13.779999732971191,73.19999694824219,26.862577438354492,32.790000915527344,86.94144439697266,608.1939697265625,20.5,103.23678588867188,43.916385650634766,114.64044189453125,43.504600524902344,52.935264587402344,152.50665283203125,142.11105346679688,76.09178924560547,40.11461639404297,43.83963394165039,141.85946655273438,116.89022827148438,131.06182861328125
2025-10-08,51.50494384765625,99.29441833496094,42.819480895996094,32.130001068115234,21.902000427246094,13.177035331726074,21.813669204711914,37.06135940551758,77.79074096679688,62.448543548583984,17.579999923706055,31.3799991607666,25.712682723999023,459.29315185546875,,36.6285285949707,372.29998779296875,173.53736877441406,151.68548583984375,70.05999755859375,92.6736831665039,115.6683120727539,214.62081909179688,244.23854064941406,57.60734558105469,11.853322982788086,61.768882751464844,9.483240127563477,258.4147033691406,61.36295700073242,47.86275863647461,13.053242683410645,58.296878814697266,91.53532409667969,608.5805053710938,80.74109649658203,187.9654541015625,79.8896484375,137.52999877929688,44.560001373291016,74.56307220458984,344.99652099609375,290.60614013671875,665.925537109375,30.185379028320312,106.5814437866211,85.29359436035156,13.100000381469727,73.52999877929688,26.920595169067383,32.290000915527344,86.48857116699219,611.7233276367188,20.5,104.98926544189453,44.15213394165039,114.16631317138672,43.251808166503906,52.679298400878906,153.8314971923828,144.60328674316406,75.71220397949219,39.91177749633789,44.14104080200195,142.13487243652344,117.23737335205078,131.248046875
2025-10-09,51.22519302368164,97.19623565673828,42.16355895996094,31.649999618530273,21.690000534057617,13.12794017791748,21.836626052856445,37.121070861816406,77.5719223022461,62.30247497558594,17.450000762939453,31.670000076293945,25.56790542602539,456.7605285644531,,35.16929626464844,365.42999267578125,174.07090759277344,151.745361328125,68.73999786376953,92.60637664794922,115.6483154296875,210.7106475830078,242.66455078125,57.382659912109375,11.69562816619873,61.485626220703125,9.619470596313477,252.6939697265625,60.40587615966797,47.23807144165039,12.937726020812988,57.889137268066406,91.58430480957031,607.8441162109375,80.15423583984375,186.41030883789062,79.8799819946289,137.49000549316406,44.709999084472656,73.7459716796875,344.13916015625,289.2604675292969,663.996337890625,30.162445068359375,106.45690155029297,85.22669219970703,12.739999771118164,72.51000213623047,27.104320526123047,32.369998931884766,86.01642608642578,610.0723266601562,20.450000762939453,106.06464385986328,43.54804229736328,113.51438903808594,42.66358184814453,52.492252349853516,151.55747985839844,144.35952758789062,75.95552825927734,39.728248596191406,44.02922821044922,141.8201446533203,116.65218353271484,128.38632202148438
2025-10-10,48.887237548828125,94.00897216796875,41.27668762207031,30.350000381469727,21.18400001525879,12.391518592834473,21.272296905517578,35.47898864746094,75.07538604736328,58.8747673034668,17.299999237060547,30.270000457763672,25.40382194519043,448.2560119628906,,32.38888168334961,369.1199951171875,169.54576110839844,149.64956665039062,66.19999694824219,93.18331146240234,112.06898498535156,205.52366638183594,235.39834594726562,55.17488098144531,11.55545425415039,58.78982925415039,8.736295700073242,238.31358337402344,57.185691833496094,46.02836227416992,12.668190956115723,56.646026611328125,90.27106475830078,586.7432250976562,79.68475341796875,182.20748901367188,80.01507568359375,132.77999877929688,45.43000030517578,70.70398712158203,324.330810546875,271.11871337890625,646.0499877929688,29.530733108520508,106.83053588867188,86.60285949707031,12.329999923706055,69.38999938964844,26.968942642211914,36.380001068115234,84.91797637939453,593.6712646484375,20.200000762939453,104.54118347167969,42.65419387817383,111.42031860351562,41.42878723144531,51.35026168823242,148.20582580566406,138.48468017578125,76.013916015625,39.29358673095703,43.84935760498047,139.77432250976562,113.44352722167969,121.48676300048828
2025-10-13,50.39591598510742,96.3169937133789,41.988033294677734,30.280000686645508,21.420000076293945,13.20649242401123,21.66063117980957,36.57371139526367,76.5374984741211,62.458282470703125,17.219999313354492,31.59000015258789,25.490690231323242,453.9815368652344,,34.50870895385742,378.0899963378906,171.32418823242188,150.63758850097656,65.80999755859375,93.23137664794922,114.6185073852539,208.595947265625,241.95179748535156,56.25923156738281,11.756956100463867,60.079124450683594,9.906756401062012,245.3022918701172,58.4318962097168,46.672882080078125,12.817398071289062,57.39189529418945,90.05546569824219,599.1947021484375,80.13467407226562,183.9791717529297,80.16944885253906,134.94000244140625,47.2599983215332,72.96824645996094,338.69610595703125,283.95751953125,655.9630126953125,29.68651008605957,107.09878540039062,86.5550765991211,12.180000305175781,70.27999877929688,27.065641403198242,33.720001220703125,85.45757293701172,602.6676635742188,20.149999618530273,104.81998443603516,43.33195114135742,112.44759368896484,41.99270248413086,51.842498779296875,149.74819946289062,141.8573760986328,75.7608642578125,39.5157470703125,44.184791564941406,139.616943359375,115.97772979736328,124.67192077636719
2025-10-14,49.7664680480957,97.6458511352539,41.85869598388672,30.510000228881836,21.535999298095703,12.980656623840332,21.721845626831055,36.29505157470703,75.47322845458984,60.510719299316406,17.260000228881836,30.850000381469727,25.664424896240234,455.98199462890625,,33.30582809448242,380.7900085449219,170.45474243164062,151.01683044433594,63.90999984741211,93.47177124023438,113.5687026977539,210.2218780517578,245.4066619873047,57.95902633666992,11.91464900970459,61.93492126464844,10.055034637451172,244.56507873535156,58.51165008544922,47.30747985839844,12.677817344665527,58.41621780395508,90.01626586914062,595.203369140625,80.96604919433594,185.50477600097656,80.11155700683594,133.6999969482422,46.79999923706055,73.50969696044922,332.46551513671875,278.1361999511719,655.1616821289062,30.027690887451172,106.98382568359375,86.83222961425781,11.949999809265137,69.0,26.988283157348633,35.13999938964844,86.33440399169922,601.8174438476562,20.200000762939453,104.6706314086914,43.76414108276367,113.18841552734375,41.987850189208984,52.41349411010742,151.508056640625,140.03671264648438,76.97747039794922,39.8924560546875,44.57855987548828,140.00054931640625,116.2207260131836,123.62327575683594
2025-10-15,50.505821228027344,97.08631896972656,42.36680221557617,32.27000045776367,21.489999771118164,13.088665008544922,21.856712341308594,36.68318176269531,75.30414581298828,61.81558609008789,17.420000076293945,30.739999771118164,25.65477180480957,455.98199462890625,,32.29029083251953,387.3900146484375,171.4131317138672,153.0826873779297,63.16999816894531,93.36599731445312,113.26876068115234,207.15956115722656,247.81224060058594,56.90398406982422,11.88836669921875,60.53819274902344,10.008697509765625,247.49423217773438,58.48173904418945,47.376888275146484,12.71632194519043,58.73445129394531,90.2906723022461,599.4036254882812,81.42574310302734,185.87881469726562,80.07296752929688,134.52000427246094,48.33000183105469,73.58845520019531,340.7198181152344,286.7186584472656,658.0703125,30.31439781188965,106.955078125,86.64108276367188,11.880000114440918,68.98999786376953,26.910924911499023,35.52000045776367,87.58702850341797,604.4669189453125,20.149999618530273,107.90673828125,43.56768798828125,113.98851013183594,41.96354293823242,52.41349411010742,150.87530517578125,141.42459106445312,77.1137466430664,40.472007751464844,45.16192626953125,140.2169189453125,116.38934326171875,123.41746520996094
2025-10-16,50.485836029052734,96.18709564208984,41.988033294677734,32.08000183105469,21.34000015258789,13.01993179321289,21.788801193237305,36.31496047973633,74.41891479492188,60.97813415527344,17.510000228881836,30.84000015258789,25.799551010131836,452.8778381347656,,31.36348533630371,396.45001220703125,168.18226623535156,153.11260986328125,61.43000030517578,93.79869842529297,112.77885437011719,205.73313903808594,242.59521484375,53.81700134277344,11.616783142089844,56.78752136230469,9.322916984558105,245.38092041015625,58.10289764404297,46.86127853393555,12.69706916809082,57.77974319458008,89.96725463867188,597.18408203125,81.60179901123047,184.11695861816406,80.1791000366211,133.77000427246094,49.16999816894531,72.64337158203125,342.2350769042969,288.0543518066406,653.5887451171875,30.17964744567871,107.20417022705078,87.29093170166016,11.579999923706055,67.80999755859375,26.80455780029297,38.95000076293945,87.2786865234375,600.4729614257812,20.25,107.4487075805664,43.24354934692383,112.77355194091797,41.45795822143555,50.95647048950195,149.8865966796875,141.529052734375,76.57843017578125,40.346439361572266,44.670928955078125,139.9808807373047,115.26358032226562,120.83013916015625
2025-10-17,50.45586395263672,95.437744140625,42.154319763183594,31.0,21.3799991607666,12.862829208374023,21.576461791992188,35.8770637512207,74.7173080444336,59.507728576660156,17.540000915527344,30.81999969482422,25.616165161132812,455.2191162109375,,31.038118362426758,388.989990234375,168.3107147216797,153.88108825683594,60.470001220703125,93.64483642578125,112.65887451171875,205.4139404296875,240.9618377685547,54.569210052490234,11.704389572143555,57.695884704589844,8.980025291442871,247.26815795898438,57.933414459228516,46.772037506103516,12.69706916809082,57.57090377807617,90.00645446777344,601.1056518554688,82.3255844116211,185.05203247070312,80.16944885253906,133.17999267578125,46.9900016784668,72.8304214477539,341.76654052734375,287.2469177246094,657.2986450195312,30.10414695739746,106.993408203125,87.15713500976562,11.869999885559082,67.9800033569336,26.833566665649414,35.72999954223633,87.84718322753906,603.8045654296875,20.25,107.33917236328125,43.16005325317383,113.53414154052734,41.798248291015625,51.36994934082031,150.01512145996094,141.7777862548828,77.60038757324219,40.607234954833984,44.51536560058594,140.91525268554688,116.25543212890625,121.10455322265625
2025-10-20,51.245174407958984,97.48597717285156,42.819480895996094,33.599998474121094,21.600000381469727,13.078845024108887,21.544897079467773,36.882225036621094,76.08991241455078,60.67626190185547,17.56999969482422,31.229999542236328,25.838159561157227,460.3846130371094,,32.280433654785156,403.1499938964844,170.68197631835938,156.17648315429688,62.93000030517578,93.76985168457031,113.86865234375,209.084716796875,245.6640625,55.82939910888672,11.843463897705078,59.131690979003906,9.267312049865723,252.4580841064453,59.38897705078125,47.515708923339844,12.822211265563965,58.30682373046875,90.52587890625,608.6800537109375,83.07872009277344,186.90243530273438,80.1791000366211,134.42999267578125,47.720001220703125,75.33094787597656,346.1429443359375,292.0315246582031,664.1348876953125,30.32491111755371,107.08920288085938,87.49163055419922,12.930000305175781,67.83000183105469,26.901254653930664,33.0099983215332,88.73365020751953,610.1414794921875,20.399999618530273,109.69904327392578,43.67573928833008,114.8182373046875,42.240638732910156,51.97047805786133,151.78489685058594,143.3596649169922,77.5322494506836,41.0322380065918,44.50077438354492,142.41026306152344,117.17787170410156,122.7706298828125
2025-10-21,50.97541046142578,98.04549407958984,42.72709655761719,32.65999984741211,21.530000686645508,12.843191146850586,21.390901565551758,36.703086853027344,76.64691162109375,57.745182037353516,17.459999084472656,30.540000915527344,25.89607048034668,462.5533752441406,,32.42832946777344,377.239990234375,170.5238800048828,155.71739196777344,63.4900016784668,93.94292449951172,114.98844146728516,212.82533264160156,244.50584411621094,55.84893798828125,11.87889575958252,59.21959686279297,8.915154457092285,255.24961853027344,59.548492431640625,47.77351760864258,12.69706916809082,59.28142547607422,90.26126861572266,608.5208740234375,82.50164794921875,187.75875854492188,80.19840240478516,135.63999938964844,43.790000915527344,74.85841369628906,344.2288818359375,290.3967590332031,664.1249389648438,30.23794174194336,107.31913757324219,87.92169189453125,13.149999618530273,68.2699966430664,27.00762367248535,32.84000015258789,88.4831314086914,610.0625,20.149999618530273,109.09164428710938,43.508750915527344,115.22322082519531,42.14341354370117,51.91141128540039,153.12953186035156,143.43426513671875,77.17213439941406,40.90666961669922,44.04867172241211,142.7446746826172,118.61109924316406,121.85918426513672
2025-10-22,50.355953216552734,94.98812866210938,43.05967330932617,30.56999969482422,21.65999984741211,12.59771728515625,21.473159790039062,36.65332794189453,76.05012512207031,57.49200439453125,17.530000686645508,30.969999313354492,26.021543502807617,459.1622314453125,,30.821205139160156,377.2799987792969,168.40951538085938,153.61160278320312,61.209999084472656,93.96215057373047,113.48872375488281,210.01239013671875,240.8925323486328,55.721946716308594,11.94090461730957,59.03401184082031,8.776144981384277,260.83270263671875,58.730979919433594,46.78195571899414,12.889595985412598,59.21181106567383,90.49647521972656,602.6583862304688,83.06893157958984,186.85321044921875,80.19840240478516,134.42999267578125,43.880001068115234,74.34648895263672,337.5496826171875,283.2198486328125,660.6722412109375,30.111791610717773,107.4915771484375,87.9790267944336,13.0600004196167,70.62999725341797,26.978612899780273,33.22999954223633,88.85891723632812,606.9779052734375,20.200000762939453,106.86122131347656,43.37615203857422,114.22557830810547,42.68302917480469,51.616065979003906,151.14224243164062,142.0165557861328,77.61012268066406,41.09019470214844,43.94658660888672,143.56105041503906,117.6837158203125,122.40802001953125
2025-10-23,51.03535842895508,96.93645477294922,43.35530090332031,31.3799991607666,21.68000030517578,12.882466316223145,21.53820037841797,37.1807861328125,76.95524597167969,58.631324768066406,17.670000076293945,31.40999984741211,25.98293685913086,460.6507263183594,,31.284608840942383,378.7900085449219,169.8125,154.27029418945312,62.560001373291016,93.65445709228516,114.76848602294922,215.17942810058594,243.94155883789062,55.59494400024414,11.923188209533691,58.78006362915039,9.10976791381836,274.308837890625,59.66812515258789,47.5256233215332,13.072494506835938,59.67921447753906,90.64347839355469,607.724609375,82.69727325439453,187.7390899658203,80.14049530029297,136.67999267578125,44.18000030517578,75.88225555419922,343.7304382324219,290.127685546875,664.5899658203125,30.390851974487305,107.28081512451172,87.376953125,12.930000305175781,73.29000091552734,26.988283157348633,32.599998474121094,88.80110168457031,610.408447265625,20.549999237060547,107.1001968383789,43.8967399597168,113.84033966064453,43.251808166503906,51.724361419677734,153.03067016601562,143.807373046875,77.23053741455078,41.05155563354492,43.91255569458008,143.63973999023438,118.21434783935547,127.07305145263672
2025-10-24,51.89460372924805,99.93386840820312,43.17977523803711,31.8799991607666,21.854000091552734,13.177035331726074,21.45977020263672,37.549007415771484,77.06465911865234,59.2642822265625,17.6200008392334,31.59000015258789,25.664424896240234,465.5008850097656,,31.836748123168945,377.5199890136719,173.58677673339844,154.84913635253906,62.83000183105469,93.7409896850586,115.97825622558594,216.31654357910156,246.92127990722656,56.46438217163086,12.047203063964844,59.795867919921875,9.638004302978516,272.2250061035156,60.24636459350586,47.9222526550293,13.091747283935547,59.47037124633789,90.58468627929688,614.214111328125,82.95156860351562,188.2509002685547,80.1887435913086,138.5,43.9900016784668,76.65013122558594,350.0508117675781,294.9122619628906,670.0213623046875,30.62021827697754,107.271240234375,87.41517639160156,12.970000267028809,73.18000030517578,26.988283157348633,32.220001220703125,89.06126403808594,615.4602661132812,20.549999237060547,107.92665100097656,43.71502685546875,114.13668060302734,42.81428527832031,52.2855110168457,153.15919494628906,146.04092407226562,76.97747039794922,41.19645309448242,44.427860260009766,143.6298828125,117.86225128173828,125.89700317382812
2025-10-27,53.043601989746094,99.7640151977539,43.33682632446289,31.15999984741211,21.9950008392334,13.255586624145508,21.454030990600586,37.996849060058594,77.35309600830078,59.42982482910156,17.8700008392334,31.899999618530273,25.374868392944336,468.5962829589844,,34.0058708190918,367.010009765625,175.54307556152344,156.7952117919922,65.27999877929688,93.7409896850586,117.05805206298828,218.3514404296875,247.78253173828125,56.39599609375,12.135785102844238,59.747032165527344,9.27194595336914,272.4903869628906,61.18350601196289,48.07098388671875,13.082120895385742,59.74883270263672,90.70228576660156,625.1527099609375,83.4992904663086,189.0875244140625,80.16944885253906,140.7899932861328,42.400001525878906,77.69365692138672,358.823486328125,303.10595703125,677.9260864257812,30.701452255249023,107.24249267578125,87.71143341064453,12.890000343322754,73.12000274658203,26.959272384643555,31.15999984741211,89.3117904663086,622.825439453125,21.049999237060547,111.11296844482422,43.69538497924805,115.72698974609375,42.9163703918457,52.502098083496094,154.02923583984375,148.73707580566406,77.10401153564453,41.28337860107422,44.54938888549805,143.9643096923828,119.55831909179688,125.78919219970703
2025-10-28,53.11354064941406,99.44429779052734,43.373779296875,30.450000762939453,21.7549991607666,13.324318885803223,21.071435928344727,37.87742614746094,77.66143798828125,60.21858596801758,17.90999984741211,31.989999771118164,25.249391555786133,470.3707275390625,,32.7241096496582,364.3800048828125,174.83169555664062,157.34413146972656,64.48999786376953,93.82752990722656,116.6981201171875,216.99484252929688,246.45602416992188,56.132240295410156,12.126928329467773,59.502845764160156,8.980025291442871,273.2177429199219,61.84149932861328,47.89250564575195,12.937726020812988,58.6548957824707,89.60464477539062,629.9600830078125,81.44530487060547,187.46348571777344,80.1791000366211,141.1300048828125,42.70000076293945,78.59935760498047,361.983642578125,303.47479248046875,679.7265625,30.10223388671875,107.32870483398438,87.94080352783203,12.34000015258789,71.38999938964844,26.9399356842041,32.040000915527344,87.55812072753906,624.4962158203125,21.25,111.52122497558594,43.75431442260742,115.15408325195312,42.46912384033203,52.16737365722656,152.93177795410156,150.2095184326172,76.33511352539062,40.365760803222656,43.81532669067383,143.05941772460938,119.58807373046875,123.31946563720703
2025-10-29,53.42327117919922,100.26358032226562,43.11510467529297,29.969999313354492,21.389999389648438,13.667983055114746,20.72709846496582,37.97694396972656,76.07003021240234,61.19236755371094,17.920000076293945,32.20000076293945,25.40382194519043,469.60174560546875,,31.6494140625,363.0,171.09693908691406,156.65550231933594,62.75,93.22176361083984,115.19840240478516,216.90505981445312,244.3573455810547,55.17488098144531,11.967480659484863,58.418670654296875,9.021728515625,281.4056396484375,61.32307815551758,48.15031051635742,12.995484352111816,57.93885803222656,89.1538314819336,632.7967529296875,79.47936248779297,185.36697387695312,80.02473449707031,140.72000122070312,43.22999954223633,79.25895690917969,367.4665832519531,308.6082763671875,680.0531616210938,29.66070556640625,106.76347351074219,87.0520248413086,12.210000038146973,71.80000305175781,27.094650268554688,32.650001525878906,85.30340576171875,624.7532348632812,21.25,110.48566436767578,42.89484786987305,114.86763763427734,42.78511428833008,51.28134536743164,153.3272705078125,151.2890167236328,74.5345230102539,39.264610290527344,43.800743103027344,141.6135711669922,118.6011734008789,123.8388900756836
2025-10-30,52.6539421081543,99.04463195800781,43.33682632446289,29.790000915527344,21.354999542236328,13.559974670410156,20.373197555541992,37.22556686401367,75.92082214355469,60.48150634765625,17.829999923706055,31.56999969482422,25.345911026000977,468.2611389160156,,29.845102310180664,370.1300048828125,171.61073303222656,156.99481201171875,60.400001525878906,93.08715057373047,113.94863891601562,214.77044677734375,242.38735961914062,55.2725715637207,11.843463897705078,58.467506408691406,9.55459976196289,281.6710205078125,58.730979919433594,47.624778747558594,13.033989906311035,57.66040802001953,90.50627899169922,623.1222534179688,80.13467407226562,184.56973266601562,80.03437042236328,139.38999938964844,44.34000015258789,77.72319030761719,362.60174560546875,304.43170166015625,672.5738525390625,29.725692749023438,106.53353881835938,86.5455093383789,12.819999694824219,71.70999908447266,27.201017379760742,32.90999984741211,85.70809173583984,618.1195678710938,21.0,111.43160247802734,42.32023239135742,112.92172241210938,42.532318115234375,51.41917037963867,152.9416961669922,149.4285430908203,74.4566650390625,39.48677062988281,43.61600875854492,141.92832946777344,115.92316436767578,123.34886932373047
2025-10-31,53.03361129760742,99.83395385742188,43.08738708496094,31.1299991607666,21.350000381469727,13.491241455078125,20.370330810546875,37.648529052734375,76.905517578125,60.140682220458984,17.790000915527344,31.530000686645508,25.452083587646484,468.9117126464844,,31.471939086914062,368.1199951171875,172.99395751953125,159.06068420410156,62.29999923706055,93.1256103515625,115.48834991455078,215.2492218017578,243.7534637451172,55.42887496948242,11.923188209533691,58.604248046875,9.582401275634766,278.8500061035156,59.767822265625,47.852840423583984,13.072494506835938,58.22726058959961,90.69248962402344,626.1280517578125,80.2716064453125,184.9732666015625,80.06331634521484,142.49000549316406,44.0099983215332,78.12682342529297,361.8939208984375,305.5680236816406,674.780029296875,29.793546676635742,106.70599365234375,86.28749084472656,13.25,72.55999755859375,27.27837562561035,33.029998779296875,85.92971801757812,619.899169921875,21.200000762939453,112.22817993164062,42.074668884277344,113.40572357177734,42.84345245361328,51.55699920654297,153.3074951171875,149.5727996826172,74.24253845214844,39.5060920715332,43.314613342285156,141.879150390625,118.98799133300781,124.28971099853516
2025-11-03,53.51319122314453,99.65410614013672,43.06890869140625,30.65999984741211,21.31999969482422,13.334138870239258,20.320592880249023,38.06651306152344,76.88562774658203,58.631324768066406,17.969999313354492,31.280000686645508,25.98293685913086,466.74298095703125,,29.00703239440918,368.7799987792969,172.92478942871094,157.14453125,60.529998779296875,93.08124542236328,115.67830657958984,214.44126892089844,242.97142028808594,55.51679611206055,11.932047843933105,58.740989685058594,9.044897079467773,285.0523376464844,60.33609390258789,47.714019775390625,13.207262992858887,57.899085998535156,90.98649597167969,629.1240844726562,80.32051086425781,184.52052307128906,80.06621551513672,143.4600067138672,43.7599983215332,77.71334838867188,364.9643859863281,307.3922119140625,676.04638671875,29.61292266845703,106.63006591796875,86.07168579101562,13.760000228881836,72.73999786376953,27.297714233398438,32.66999816894531,85.80445098876953,621.1151123046875,21.649999618530273,109.39037322998047,41.81437301635742,112.20064544677734,42.84830856323242,51.340415954589844,152.65493774414062,150.18466186523438,73.65856170654297,39.4384765625,43.33891677856445,142.07586669921875,120.10383605957031,125.11296081542969
2025-11-04,51.51493835449219,98.12542724609375,43.00424575805664,29.5,20.920000076293945,12.803915023803711,20.201030731201172,37.14097595214844,75.01570129394531,56.41110610961914,17.8700008392334,30.530000686645508,25.722335815429688,464.2095031738281,,26.019563674926758,362.32000732421875,171.84783935546875,155.76727294921875,57.18000030517578,93.1969985961914,111.97900390625,211.2293243408203,238.77406311035156,55.419105529785156,11.94090461730957,58.42844009399414,8.544462203979492,276.7759704589844,59.0101318359375,47.22815704345703,13.091747283935547,57.13332748413086,90.89830017089844,616.35400390625,80.75086212158203,183.30001831054688,80.09526062011719,138.07000732421875,42.7400016784668,75.0552978515625,351.665771484375,295.31103515625,668.0328369140625,29.460012435913086,106.67811584472656,86.2635269165039,13.930000305175781,71.93000030517578,27.384742736816406,33.900001525878906,85.94898223876953,613.9180297851562,21.75,107.5781478881836,41.60810089111328,111.43018341064453,42.38648223876953,51.60622024536133,150.88519287109375,146.22000122070312,73.96028137207031,39.54472351074219,43.183353424072266,142.71519470214844,118.11021423339844,123.41746520996094
2025-11-05,52.07444763183594,98.58502960205078,43.392250061035156,29.739999771118164,21.082000732421875,13.226130485534668,19.885391235351562,36.822509765625,75.1648941040039,57.745182037353516,18.049999237060547,30.8799991607666,25.625816345214844,466.3880615234375,,27.94219207763672,366.510009765625,172.88526916503906,157.99282836914062,58.91999816894531,92.7532958984375,111.72904968261719,208.945068359375,242.2190399169922,55.82939910888672,11.98519515991211,59.151222229003906,8.678837776184082,278.6534118652344,59.46873474121094,47.495880126953125,13.072494506835938,57.29244613647461,91.80973052978516,620.3651733398438,81.34750366210938,184.37289428710938,80.03718566894531,138.49000549316406,43.650001525878906,75.95116424560547,358.3848571777344,304.49151611328125,670.3478393554688,29.349153518676758,106.28404998779297,85.32357025146484,13.630000114440918,71.02999877929688,27.394412994384766,32.599998474121094,86.02606964111328,615.7667236328125,21.850000381469727,108.7431411743164,41.85366439819336,112.03272247314453,42.498291015625,51.783424377441406,151.46852111816406,146.79205322265625,73.91161346435547,39.535064697265625,43.19307327270508,143.26597595214844,119.54840087890625,122.25120544433594
2025-11-06,51.05533981323242,96.90647888183594,43.45692443847656,28.360000610351562,20.958999633789062,13.147579193115234,19.519054412841797,35.80739974975586,74.2199935913086,58.465782165527344,17.829999923706055,30.829999923706055,25.201133728027344,462.6125183105469,,26.749174118041992,366.07000732421875,170.800537109375,158.11257934570312,57.2599983215332,93.22592163085938,109.28950500488281,207.0498504638672,237.9326171875,55.389801025390625,11.98519515991211,58.760528564453125,8.578750610351562,278.6927185058594,57.89353561401367,47.257904052734375,13.091747283935547,56.626136779785156,92.4173583984375,608.8094482421875,80.83890533447266,183.07363891601562,80.13397979736328,136.9199981689453,43.54999923706055,76.30557250976562,350.0009460449219,296.54705810546875,663.1554565429688,29.10067367553711,106.5723876953125,86.09087371826172,14.170000076293945,70.87999725341797,27.249366760253906,34.0099983215332,85.61174011230469,609.2221069335938,21.299999237060547,108.82280731201172,41.64739227294922,111.02520751953125,42.91150665283203,51.596378326416016,150.86541748046875,143.8422088623047,73.58069610595703,39.341880798339844,43.00348663330078,143.54136657714844,116.78608703613281,124.3093032836914
2025-11-07,50.63570785522461,97.166259765625,43.604736328125,28.030000686645508,21.139999389648438,13.186854362487793,19.66826629638672,35.827308654785156,74.97591400146484,59.274017333984375,17.770000457763672,30.670000076293945,25.288000106811523,463.1842956542969,,28.07036781311035,368.30999755859375,172.42091369628906,157.40399169921875,58.880001068115234,93.26451110839844,109.45948028564453,208.51612854003906,239.17994689941406,56.122467041015625,12.020627975463867,59.59075164794922,8.733514785766602,280.52099609375,59.59833526611328,47.3570556640625,13.120626449584961,57.83941650390625,92.01553344726562,606.8884887695312,82.17887115478516,184.6090850830078,80.17268371582031,137.0399932861328,43.91999816894531,76.82733154296875,347.0401611328125,293.4370422363281,663.808349609375,29.1102294921875,106.59161376953125,85.90863800048828,13.949999809265137,71.26000213623047,27.230026245117188,33.689998626708984,86.94144439697266,609.86474609375,20.950000762939453,108.49420928955078,42.148338317871094,110.73875427246094,43.52891159057617,51.96063232421875,151.5970458984375,143.3447265625,74.66104888916016,39.86347961425781,43.60143280029297,143.7380828857422,116.96957397460938,126.89664459228516
2025-11-10,52.05446243286133,98.44515228271484,43.74330520629883,28.510000228881836,21.6200008392334,13.599250793457031,20.158945083618164,36.394569396972656,76.31868743896484,60.8904914855957,17.8799991607666,31.610000610351562,25.68372917175293,467.08807373046875,,28.898574829101562,378.3800048828125,173.9622344970703,159.22035217285156,60.189998626708984,93.13911437988281,111.75904846191406,210.4413299560547,241.5756072998047,56.34715270996094,11.98519515991211,59.90331268310547,9.563865661621094,284.73779296875,60.64514923095703,47.723941802978516,13.265020370483398,58.43610382080078,93.6521987915039,620.3153686523438,81.9930419921875,185.67210388183594,80.15332794189453,139.5800018310547,45.790000915527344,77.21127319335938,357.67706298828125,301.0326232910156,674.1666870117188,29.252628326416016,106.61083984375,85.88945770263672,14.100000381469727,71.68000030517578,27.249366760253906,31.93000030517578,86.89326477050781,619.3355712890625,21.299999237060547,109.61937713623047,42.54615020751953,111.8944320678711,43.92267990112305,52.14768981933594,152.45721435546875,147.01092529296875,74.38851928710938,39.834503173828125,43.58684539794922,144.85934448242188,118.5069580078125,128.7881317138672
2025-11-11,51.59486770629883,97.69580078125,43.85416793823242,28.809999465942383,21.743999481201172,13.432328224182129,20.162771224975586,36.11591720581055,76.4479751586914,60.374393463134766,18.010000228881836,31.34000015258789,25.616165161132812,472.5986022949219,,27.833738327026367,379.8699951171875,174.76254272460938,163.81114196777344,58.349998474121094,93.42849731445312,111.00918579101562,209.9824676513672,241.7834930419922,56.562068939208984,12.11806869506836,60.02052307128906,9.568499565124512,289.4559326171875,60.49560546875,47.515708923339844,13.34203052520752,58.64494705200195,96.2394790649414,618.6632080078125,82.95156860351562,186.74496459960938,80.22108459472656,137.47999572753906,46.45000076293945,77.24080657958984,349.9610595703125,294.2045593261719,675.7099609375,29.205801010131836,107.04336547851562,86.2826919555664,14.5600004196167,72.72000122070312,27.2106876373291,31.84000015258789,87.86646270751953,620.7591552734375,21.450000762939453,113.52262878417969,42.988162994384766,112.80317687988281,44.4963264465332,52.38395690917969,152.4967803955078,145.7573699951172,75.36181640625,40.27882385253906,43.61115264892578,148.20346069335938,118.79955291748047,131.45388793945312
2025-11-12,51.5349235534668,97.95558166503906,43.61824417114258,28.299999237060547,21.799999237060547,13.550155639648438,20.239290237426758,36.016395568847656,75.65225982666016,61.65978240966797,18.030000686645508,31.5,25.481037139892578,475.9010009765625,,27.62668228149414,385.989990234375,177.1436767578125,164.6295166015625,57.59000015258789,93.4477767944336,109.82940673828125,209.11465454101562,241.1895294189453,56.63045120239258,12.091495513916016,60.09865951538086,9.721410751342773,279.4495849609375,60.07687759399414,47.77351760864258,13.178383827209473,58.366493225097656,97.346923828125,618.175537109375,82.34515380859375,187.18788146972656,80.19204711914062,136.25999450683594,48.31999969482422,79.0128402709961,354.4271545410156,298.7101135253906,676.0859375,28.731779098510742,106.81267547607422,86.43616485595703,14.649999618530273,69.79000091552734,27.220355987548828,32.029998779296875,87.21124267578125,621.065673828125,21.450000762939453,113.62220001220703,43.292659759521484,112.1512680053711,43.87406921386719,52.83681869506836,152.6450653076172,146.21006774902344,75.25475311279297,39.9600715637207,43.71323776245117,150.30828857421875,118.00110626220703,129.4153594970703
2025-11-13,50.1561279296875,93.70923614501953,43.64655303955078,27.040000915527344,21.426000595092773,13.373414039611816,19.628093719482422,35.13066482543945,74.35923767089844,60.12120819091797,18.270000457763672,31.260000228881836,25.32660675048828,467.99493408203125,,25.625179290771484,382.8699951171875,172.94454956054688,162.9927978515625,55.59000015258789,93.17768859863281,106.8199691772461,204.5261688232422,234.40841674804688,55.82939910888672,12.002913475036621,59.37587356567383,10.0819091796875,277.70977783203125,58.64125442504883,46.712547302246094,13.130252838134766,57.521183013916016,97.4449234008789,605.5548095703125,81.85610961914062,185.0717010498047,80.1436538696289,131.97000122070312,47.41999816894531,77.61489868164062,343.7503967285156,288.45306396484375,664.8670043945312,27.92517852783203,106.5723876953125,85.72640228271484,14.8100004196167,69.8499984741211,27.14299964904785,34.15999984741211,86.1417007446289,610.9521484375,21.450000762939453,111.43160247802734,43.00780487060547,110.56095123291016,43.98588180541992,52.15753173828125,150.28207397460938,142.56375122070312,75.25475311279297,39.4384765625,43.110435485839844,150.2296142578125,115.05529022216797,129.28794860839844
2025-11-14,50.106170654296875,94.04893493652344,44.30714797973633,26.889999389648438,21.326000213623047,13.245767593383789,19.431058883666992,34.98138427734375,74.33934020996094,59.54667663574219,17.899999618530273,31.31999969482422,25.18182945251465,465.0967102050781,,25.3885498046875,375.9599914550781,171.15621948242188,163.8610382080078,53.474998474121094,93.02336883544922,107.41986083984375,205.42391967773438,235.0914764404297,55.936859130859375,11.994054794311523,59.502845764160156,10.286717414855957,282.3984069824219,57.554569244384766,46.59355926513672,13.149504661560059,57.580848693847656,96.88631439208984,606.0126953125,82.50164794921875,184.39254760742188,80.17268371582031,131.9499969482422,45.959999084472656,77.62474060058594,343.909912109375,287.5957946777344,664.7581176757812,27.95384979248047,106.44744873046875,85.23725128173828,14.5600004196167,71.37999725341797,27.181678771972656,33.59000015258789,86.32476043701172,610.7940673828125,21.049999237060547,113.52262878417969,42.614906311035156,109.96829223632812,44.73453140258789,51.63575744628906,150.29196166992188,143.3397674560547,75.19636535644531,39.554386138916016,43.149330139160156,149.33456420898438,114.50481414794922,131.3362579345703
2025-11-17,49.45673751831055,92.22052001953125,43.957977294921875,26.8700008392334,20.854999542236328,13.000293731689453,19.14028549194336,34.155364990234375,73.3646011352539,58.38787841796875,18.020000457763672,30.90999984741211,25.509994506835938,459.694580078125,,24.294132232666016,371.6499938964844,167.03616333007812,164.92889404296875,52.099998474121094,93.12947082519531,105.47022247314453,203.29925537109375,230.41893005371094,53.91468811035156,11.763740539550781,57.266117095947266,10.848316192626953,276.7268371582031,57.22557067871094,45.889549255371094,13.130252838134766,56.4471321105957,97.12151336669922,600.8369750976562,82.49185943603516,181.9712677001953,80.16300201416016,128.80999755859375,45.470001220703125,76.19728088378906,339.244384765625,282.6517028808594,658.5648803710938,27.676700592041016,106.46666717529297,85.44824981689453,14.119999885559082,71.30000305175781,27.249366760253906,35.29999923706055,85.61174011230469,605.0699462890625,21.649999618530273,114.33912658691406,41.96662139892578,109.82012939453125,43.91781997680664,50.651283264160156,148.81881713867188,141.0962677001953,74.71943664550781,39.29358673095703,43.538230895996094,149.2067108154297,113.42864227294922,128.81753540039062
2025-11-18,48.757347106933594,92.43033599853516,44.15615463256836,26.850000381469727,20.53700065612793,12.745000839233398,19.110633850097656,33.5383415222168,72.83744049072266,57.199867248535156,18.020000457763672,30.799999237060547,25.481037139892578,454.74591064453125,,25.280092239379883,374.3500061035156,167.0657958984375,166.136474609375,52.65999984741211,93.28380584716797,104.39043426513672,202.2518768310547,231.121826171875,54.35429382324219,11.80803108215332,57.783790588378906,10.898359298706055,278.4175109863281,56.65730285644531,45.77056121826172,13.245768547058105,57.0836067199707,97.24891662597656,593.5213012695312,82.82440948486328,182.0795440673828,80.21141815185547,127.44000244140625,46.099998474121094,76.04960632324219,332.25616455078125,276.0927734375,653.0345458984375,27.6575870513916,106.5435562133789,85.41947937011719,14.220000267028809,72.5,27.27837562561035,36.75,85.95862579345703,600.0874633789062,21.649999618530273,114.68762969970703,42.000999450683594,110.44241333007812,44.26783752441406,50.5725212097168,148.15640258789062,138.80303955078125,75.04063415527344,39.4384765625,43.37294387817383,150.0820770263672,111.33583068847656,130.82664489746094
2025-11-19,48.74736022949219,93.20966339111328,44.17502975463867,27.260000228881836,19.95800018310547,12.862829208374023,19.16228485107422,33.677669525146484,72.98663330078125,58.280757904052734,17.75,31.1299991607666,25.18182945251465,455.1993408203125,,23.820865631103516,374.9599914550781,168.00440979003906,164.88897705078125,50.72999954223633,93.21627807617188,103.87052154541016,202.62095642089844,231.08221435546875,54.89158248901367,11.754881858825684,58.39913558959961,11.278319358825684,277.7491149902344,56.72709274291992,45.90937423706055,13.111000061035156,56.7056999206543,97.12151336669922,597.064697265625,82.3255844116211,181.52835083007812,80.20172882080078,126.9000015258789,46.45000076293945,75.83302307128906,338.3870849609375,280.7078857421875,655.5574340820312,27.495121002197266,106.40900421142578,85.24683380126953,14.699999809265137,70.87999725341797,27.452430725097656,35.81999969482422,85.28412628173828,602.2623291015625,21.299999237060547,114.01052856445312,42.109046936035156,109.83000946044922,43.69419479370117,50.75957489013672,148.65074157714844,139.76809692382812,74.46639251708984,39.12937927246094,43.00834655761719,149.82635498046875,111.34078979492188,129.24874877929688
2025-11-20,47.28863525390625,90.96160125732422,44.15615463256836,27.209999084472656,19.395000457763672,12.401337623596191,18.90498924255371,32.92131423950195,71.11671447753906,55.92421340942383,17.600000381469727,30.770000457763672,25.037050247192383,451.59136962890625,,22.92364501953125,374.8500061035156,164.7933349609375,163.9109344482422,48.959999084472656,93.4381332397461,100.7811050415039,198.27191162109375,226.8056640625,54.65713119506836,11.69287395477295,58.20378875732422,10.96323013305664,269.72833251953125,55.35128402709961,45.126041412353516,12.985857963562012,55.43275833129883,96.3178939819336,582.9310913085938,82.45274353027344,179.31373596191406,80.26947021484375,123.6500015258789,45.779998779296875,74.64183044433594,324.091552734375,267.2412109375,645.5652465820312,27.29442596435547,106.4570541381836,85.58253479003906,14.420000076293945,70.1500015258789,27.471771240234375,38.20000076293945,84.9276123046875,593.1276245117188,20.950000762939453,113.34339141845703,41.480411529541016,108.62493133544922,43.198333740234375,50.316558837890625,146.1592254638672,135.38059997558594,75.00169372558594,38.9941520690918,42.78958511352539,148.93128967285156,109.679443359375,125.99498748779297
2025-11-21,47.55839538574219,92.88994598388672,44.35433578491211,29.020000457763672,19.80500030517578,12.322786331176758,19.378450393676758,33.329349517822266,71.17638397216797,56.85904312133789,17.600000381469727,31.06999969482422,24.979137420654297,456.57196044921875,,22.16444969177246,374.2699890136719,165.48495483398438,167.1843719482422,47.970001220703125,93.74679565429688,100.90107727050781,197.7332305908203,233.2303924560547,56.327613830566406,11.949763298034668,60.17679977416992,10.685211181640625,276.2550354003906,56.40806198120117,46.0581169128418,12.918474197387695,56.725589752197266,98.21916198730469,587.310546875,83.70469665527344,182.83741760253906,80.36627960205078,124.44999694824219,45.29999923706055,76.15789794921875,325.1183776855469,269.96246337890625,651.995849609375,27.466447830200195,106.70694732666016,85.84149169921875,14.649999618530273,69.30000305175781,27.452430725097656,36.25,86.30548858642578,599.029541015625,20.950000762939453,116.1513442993164,42.40863800048828,110.53132629394531,43.4705696105957,50.867862701416016,147.93885803222656,135.90292358398438,75.81927490234375,39.5060920715332,42.852783203125,152.06886291503906,111.83175659179688,127.15145874023438
2025-11-24,49.06707763671875,95.41776275634766,44.288272857666016,30.389999389648438,19.944000244140625,12.509346008300781,19.407146453857422,33.90656661987305,72.06161499023438,58.43656539916992,17.59000015258789,31.110000610351562,24.786100387573242,458.417724609375,,24.067359924316406,380.20001220703125,167.6388397216797,169.36997985839844,50.56999969482422,93.89147186279297,102.2108383178711,200.18707275390625,237.48712158203125,56.405765533447266,11.992754936218262,60.22563552856445,10.323785781860352,277.7884216308594,57.484779357910156,46.583641052246094,12.966606140136719,56.268123626708984,98.36616516113281,602.3298950195312,83.8807601928711,183.59532165527344,80.37596130371094,126.80000305175781,46.630001068115234,76.7584228515625,338.06805419921875,281.79443359375,661.59228515625,27.695812225341797,106.75502014160156,86.33065032958984,14.40999984741211,70.41999816894531,27.452430725097656,33.65999984741211,86.5367431640625,607.9369506835938,20.799999237060547,119.06881713867188,42.49212646484375,111.62774658203125,43.349037170410156,51.084449768066406,148.30467224121094,139.14129638671875,74.94330596923828,39.56404113769531,43.33891677856445,152.7082061767578,113.32450866699219,128.21969604492188
2025-11-25,49.20695495605469,97.296142578125,44.49589157104492,31.139999389648438,20.299999237060547,12.656631469726562,19.83565330505371,34.38426208496094,73.21540069580078,59.040313720703125,17.639999389648438,31.18000030517578,24.950183868408203,465.0702819824219,,23.7124080657959,380.0799865722656,169.69395446777344,171.9847412109375,49.560001373291016,94.13262176513672,103.17066192626953,201.8927764892578,242.66455078125,57.949256896972656,12.19875431060791,61.93492126464844,10.689844131469727,280.1966247558594,58.54156494140625,47.57520294189453,12.90884780883789,57.769805908203125,101.14946746826172,606.0425415039062,84.73168182373047,186.20359802246094,80.4243392944336,128.47000122070312,46.66999816894531,78.53044891357422,338.955322265625,282.671630859375,667.8151245117188,27.676700592041016,106.94723510742188,86.55123901367188,13.829999923706055,69.25,27.375072479248047,32.7599983215332,87.33650207519531,613.5917358398438,20.889999389648438,120.85116577148438,43.12567901611328,112.90196228027344,43.07680130004883,51.724361419677734,150.20298767089844,139.51438903808594,75.97499084472656,39.88279724121094,43.17362976074219,156.16050720214844,115.74958801269531,127.62187957763672
2025-11-26,49.6265869140625,98.36521911621094,44.72237777709961,30.860000610351562,20.235000610351562,12.902105331420898,19.971471786499023,34.702728271484375,72.56887817382812,60.62757110595703,17.940000534057617,31.84000015258789,25.220436096191406,468.1991882324219,,24.511043548583984,383.1199951171875,172.38137817382812,173.31207275390625,51.029998779296875,94.20978546142578,102.95069885253906,203.1895294189453,244.81271362304688,57.79295349121094,12.306231498718262,61.70050811767578,11.143942832946777,280.97314453125,58.96028518676758,47.89250564575195,13.082120895385742,58.30682373046875,101.1004638671875,611.3973999023438,85.24028778076172,187.50283813476562,80.4146728515625,127.81999969482422,48.400001525878906,79.67242431640625,346.63140869140625,290.45660400390625,672.4254760742188,27.876440048217773,107.17792510986328,86.93489837646484,14.25,70.04000091552734,27.297714233398438,31.84000015258789,87.721923828125,617.8329467773438,20.959999084472656,122.32483673095703,43.65609359741211,113.06001281738281,43.40251159667969,52.12799835205078,151.07305908203125,141.16592407226562,76.80229187011719,40.056663513183594,43.74727249145508,155.8162384033203,116.54307556152344,129.052734375
2025-11-28,50.09617614746094,98.8248291015625,44.9771842956543,31.190000534057617,20.350000381469727,13.147579193115234,20.285202026367188,35.00128936767578,73.25518798828125,62.61408996582031,17.969999313354492,32.279998779296875,25.500341415405273,470.99249267578125,,24.589916229248047,387.8800048828125,173.6658172607422,173.4817352294922,51.54999923706055,94.04582214355469,104.07048034667969,204.58602905273438,246.24813842773438,57.61711120605469,12.342058181762695,61.524696350097656,11.338556289672852,284.6689758300781,59.40891647338867,48.13047790527344,13.236141204833984,58.86373519897461,100.46343994140625,616.35400390625,85.63152313232422,188.5166473388672,80.4146728515625,128.83999633789062,51.209999084472656,79.603515625,351.187255859375,295.7894592285156,676.0958251953125,28.006412506103516,106.93763732910156,86.52247619628906,14.729999542236328,71.06999969482422,27.27837562561035,31.1299991607666,88.010986328125,621.2535400390625,20.84000015258789,122.63351440429688,43.90657043457031,113.97863006591797,43.971290588378906,52.502098083496094,151.95297241210938,142.3796844482422,77.25,40.24984359741211,44.05839538574219,155.0589141845703,117.26713562011719,131.34605407714844
2025-12-01,50.08618927001953,97.45600128173828,45.02436447143555,29.850000381469727,20.625,13.186854362487793,20.31867790222168,35.080902099609375,72.3998031616211,63.159400939941406,17.90999984741211,32.290000915527344,25.374868392944336,467.1825866699219,,22.322200775146484,389.75,171.6996612548828,169.76918029785156,48.5,93.54080963134766,104.05049133300781,198.74072265625,243.1496124267578,58.10555648803711,12.270403861999512,62.19864273071289,11.20881462097168,288.0110168457031,59.93730545043945,47.55537414550781,13.245768547058105,58.86373519897461,99.08158874511719,614.2837524414062,84.69255828857422,187.22726440429688,80.34574127197266,128.41000366210938,52.52000045776367,79.8299331665039,351.8651428222656,295.9689025878906,673.0090942382812,27.53334617614746,106.51541900634766,85.44535827636719,15.210000038146973,71.05999755859375,27.268707275390625,31.149999618530273,86.99925994873047,618.396484375,20.739999771118164,119.33766174316406,43.798519134521484,113.44522857666016,44.39423370361328,52.06892395019531,149.72840881347656,142.44436645507812,77.17213439941406,39.689613342285156,43.027793884277344,152.73768615722656,117.3365707397461,132.38490295410156
2025-12-02,50.39591598510742,97.58589172363281,44.53364181518555,29.739999771118164,20.850000381469727,13.157397270202637,20.382762908935547,34.98138427734375,72.86727905273438,62.95490646362305,18.049999237060547,32.13999938964844,25.490690231323242,469.0973815917969,,24.126516342163086,387.239990234375,171.6996612548828,168.88096618652344,51.66999816894531,93.61820983886719,105.20027923583984,200.80552673339844,242.7041473388672,57.763648986816406,12.261449813842773,61.85678482055664,11.13004207611084,287.1558532714844,59.807701110839844,47.53554153442383,13.188010215759277,59.04274368286133,98.39556121826172,619.0911865234375,84.69255828857422,187.0500946044922,80.39427947998047,131.22000122070312,53.130001068115234,80.0268325805664,358.3150634765625,301.86993408203125,674.2557373046875,27.415796279907227,106.54434204101562,85.48387145996094,14.960000038146973,70.19999694824219,27.259037017822266,30.600000381469727,86.69091033935547,619.4443969726562,20.90999984741211,117.95359802246094,43.40071105957031,113.82058715820312,43.82059097290039,52.01969909667969,151.0334930419922,143.91183471679688,76.666015625,39.59302520751953,42.721527099609375,151.82298278808594,117.25721740722656,130.3954315185547
2025-12-03,50.79556655883789,98.59502410888672,44.920555114746094,30.829999923706055,20.940000534057617,13.432328224182129,20.641016006469727,35.339656829833984,73.8420181274414,65.70097351074219,17.809999465942383,33.029998779296875,25.461732864379883,473.1935729980469,,25.398408889770508,386.8800048828125,175.05894470214844,171.8849334716797,52.7400016784668,93.81169891357422,106.66000366210938,201.11474609375,247.11927795410156,58.87730407714844,12.44057846069336,63.14607620239258,10.976204872131348,299.7276306152344,59.99712371826172,48.11064910888672,13.245768547058105,59.30131912231445,98.53276824951172,620.6040649414062,84.24263763427734,188.47727966308594,80.44282531738281,130.99000549316406,53.06999969482422,82.21233367919922,363.23974609375,308.3690490722656,676.5905151367188,27.571575164794922,106.78533172607422,85.72451782226562,15.470000267028809,70.66000366210938,27.123659133911133,30.43000030517578,86.91253662109375,621.6094360351562,20.850000381469727,121.30919647216797,43.70520782470703,113.72180938720703,44.64216995239258,52.71868133544922,152.4671173095703,144.25506591796875,76.72442626953125,39.670291900634766,42.585411071777344,152.53114318847656,118.52183532714844,133.75697326660156
2025-12-04,50.90547180175781,99.50423431396484,45.37354278564453,31.899999618530273,20.920000076293945,13.501060485839844,20.497541427612305,36.703086853027344,74.30950164794922,65.43804931640625,17.889999389648438,32.84000015258789,25.53894805908203,472.8580017089844,,25.42798614501953,387.1300048828125,176.0272216796875,171.76516723632812,52.5099983215332,93.52147674560547,107.92976379394531,204.1571044921875,249.28726196289062,59.06291198730469,12.41370964050293,63.360965728759766,10.659262657165527,302.09649658203125,59.59833526611328,48.32879638671875,13.284273147583008,59.20185852050781,97.8565444946289,620.0267333984375,83.94921112060547,188.5363311767578,80.38458251953125,131.25,51.7599983215332,82.02528381347656,360.47833251953125,305.2989501953125,677.085205078125,27.70536994934082,106.6407241821289,85.26249694824219,15.65999984741211,71.38999938964844,27.181678771972656,30.15999984741211,86.70055389404297,622.1333618164062,20.8700008392334,122.72312927246094,43.44982147216797,114.37374877929688,44.831764221191406,52.82697296142578,153.25804138183594,144.7923126220703,76.35457611083984,39.60268020629883,42.497901916503906,151.37054443359375,118.10029602050781,133.75697326660156
2025-12-05,51.43500518798828,98.92474365234375,45.279170989990234,30.93000030517578,21.05900001525879,13.579612731933594,20.40763282775879,36.59361267089844,74.57805633544922,66.22681427001953,17.850000381469727,33.349998474121094,25.596860885620117,473.8055725097656,,24.471607208251953,386.44000244140625,176.46194458007812,170.8170928955078,50.689998626708984,93.32798767089844,109.43948364257812,201.90277099609375,248.24783325195312,58.926151275634766,12.48536205291748,63.21445083618164,10.842755317687988,300.96612548828125,59.698036193847656,48.061073303222656,13.370909690856934,59.2714729309082,97.621337890625,622.554931640625,83.65579223632812,188.979248046875,80.3554458618164,132.19000244140625,52.95000076293945,80.42061614990234,363.28961181640625,308.408935546875,678.3712768554688,28.240554809570312,106.46722412109375,84.86786651611328,16.3700008392334,71.91999816894531,27.152667999267578,29.790000915527344,86.60419464111328,623.2999877929688,20.700000762939453,122.8824462890625,43.307395935058594,115.69734954833984,44.64702224731445,52.84666442871094,152.8329315185547,145.8518829345703,76.36431121826172,39.59302520751953,42.099273681640625,150.7410430908203,118.75491333007812,133.96279907226562
2025-12-08,51.474971771240234,99.0845947265625,44.967750549316406,31.170000076293945,20.790000915527344,13.609068870544434,20.421022415161133,36.713035583496094,74.80682373046875,65.67176055908203,17.84000015258789,33.2400016784668,25.481037139892578,471.94989013671875,,25.398408889770508,385.4200134277344,176.79788208007812,169.6094970703125,51.52000045776367,93.1344985961914,109.3794937133789,203.83790588378906,248.3468017578125,59.023841857910156,12.4226655960083,63.42933654785156,11.102239608764648,296.8574523925781,59.87748718261719,48.02140808105469,13.207262992858887,59.559879302978516,96.70990753173828,621.3605346679688,82.69727325439453,187.8473358154297,80.33602142333984,133.6999969482422,52.709999084472656,80.08589935302734,367.4067687988281,311.7581787109375,676.3333129882812,28.36957359313965,106.25516510009766,84.58871459960938,15.069999694824219,70.48999786376953,27.191349029541016,30.100000381469727,85.9393539428711,621.4512329101562,20.68000030517578,123.13137817382812,42.708221435546875,114.83799743652344,44.160888671875,52.6497688293457,152.6450653076172,146.87661743164062,75.7316665649414,39.35154342651367,41.53535461425781,148.94113159179688,117.02908325195312,131.45388793945312
2025-12-09,51.624839782714844,98.79485321044922,44.75069046020508,30.860000610351562,20.799999237060547,13.520699501037598,20.554931640625,36.703086853027344,75.2345199584961,65.14591979980469,17.950000762939453,32.650001525878906,25.481037139892578,470.2423400878906,,26.936511993408203,387.3999938964844,177.9044647216797,166.75521850585938,52.849998474121094,92.99905395507812,109.92938232421875,202.12222290039062,248.861572265625,58.984764099121094,12.377882957458496,63.3023567199707,11.431229591369629,299.5113830566406,60.36600112915039,47.64461135864258,13.168758392333984,59.98750686645508,95.62206268310547,622.126953125,81.55290222167969,187.49301147460938,80.29719543457031,134.58999633789062,55.16999816894531,80.23356628417969,367.8553771972656,311.1800231933594,675.7495727539062,28.294076919555664,106.12020874023438,84.67533874511719,14.100000381469727,69.86000061035156,27.230026245117188,30.280000686645508,85.61174011230469,620.9470825195312,20.649999618530273,120.67193603515625,42.61981964111328,114.9664077758789,44.43313217163086,52.45287322998047,151.52784729003906,147.2646484375,75.90685272216797,39.119720458984375,41.56452560424805,147.49530029296875,117.01917266845703,131.865478515625
2025-12-10,52.02449035644531,101.60243225097656,44.731815338134766,31.170000076293945,21.0,13.736715316772461,20.794052124023438,36.85236358642578,75.69204711914062,66.66500854492188,17.829999923706055,33.06999969482422,25.56790542602539,475.1084289550781,,27.153425216674805,389.04998779296875,179.11973571777344,168.59153747558594,52.4900016784668,93.29895782470703,110.05936431884766,203.9276885986328,252.2471923828125,60.919010162353516,12.503275871276855,65.49024963378906,11.607308387756348,302.873046875,60.65511703491211,48.59651565551758,13.265020370483398,60.24607467651367,97.25872039794922,624.6749267578125,81.288818359375,190.13084411621094,80.43312072753906,135.5500030517578,56.06999969482422,82.56674194335938,372.9395751953125,315.31671142578125,680.2312622070312,28.22144317626953,106.46722412109375,85.00261688232422,14.260000228881836,70.54000091552734,27.084980010986328,29.059999465942383,85.92008209228516,624.9608154296875,20.510000228881836,121.52825927734375,43.454734802246094,115.6380844116211,44.899818420410156,53.053401947021484,154.2961883544922,147.97100830078125,76.13072204589844,39.196998596191406,41.54507827758789,149.6394805908203,118.73506927490234,132.52210998535156
2025-12-11,51.63483428955078,103.20105743408203,44.6657600402832,30.850000381469727,21.09000015258789,13.785810470581055,20.930830001831055,36.752845764160156,75.3538818359375,67.33692169189453,17.899999618530273,33.61000061035156,25.712682723999023,481.5439147949219,,26.078723907470703,393.239990234375,180.03860473632812,169.9388427734375,52.099998474121094,93.30863189697266,109.7594223022461,207.7480926513672,255.20709228515625,61.33907699584961,12.449536323547363,65.83211517333984,11.621209144592285,303.39398193359375,60.50556945800781,49.33026885986328,13.25539493560791,61.14111328125,98.16036224365234,622.6544799804688,80.87802124023438,191.66629028320312,80.44282531738281,134.4199981689453,57.619998931884766,84.46675109863281,369.7395324707031,313.51251220703125,681.814208984375,28.498592376708984,106.41903686523438,84.88711547851562,13.079999923706055,69.25,26.988283157348633,28.649999618530273,86.29586029052734,626.4932250976562,20.670000076293945,122.49410247802734,44.31910705566406,115.38126373291016,44.68592071533203,54.0181884765625,155.94732666015625,147.21490478515625,76.69523620605469,39.40949249267578,41.84648513793945,151.05581665039062,119.20125579833984,130.356201171875
2025-12-12,50.47584533691406,100.53062438964844,44.74125671386719,30.200000762939453,21.125,13.530517578125,21.01404571533203,36.20548629760742,73.69623565673828,66.35340118408203,17.75,32.83000183105469,25.596860885620117,479.1058654785156,,24.93500518798828,395.44000244140625,178.32931518554688,169.08056640625,51.20000076293945,93.05709075927734,107.94976043701172,208.88522338867188,251.29684448242188,61.03623962402344,12.4226655960083,65.51954650878906,11.092972755432129,294.4983825683594,60.07687759399414,48.656005859375,13.120626449584961,61.06155776977539,98.77777862548828,610.7503051757812,81.24969482421875,190.3670654296875,80.45252990722656,131.66000366210938,56.099998474121094,83.83670043945312,353.02154541015625,298.5207214355469,674.4832763671875,28.10675811767578,106.25516510009766,84.06893920898438,12.729999542236328,68.80999755859375,27.026962280273438,28.719999313354492,86.18986511230469,619.7311401367188,20.530000686645508,122.6036376953125,44.34858322143555,115.12444305419922,44.24839401245117,54.09695053100586,154.96852111816406,142.9567413330078,77.29866027832031,39.36119842529297,41.64230728149414,151.5279083251953,119.71701049804688,129.1017303466797
2025-12-15,49.83640670776367,100.28077697753906,44.85449981689453,29.860000610351562,21.049999237060547,13.461785316467285,20.861007690429688,35.966636657714844,72.32981872558594,66.95714569091797,17.700000762939453,33.150001525878906,25.423126220703125,478.8788757324219,,23.69269371032715,395.79998779296875,176.71884155273438,169.0406494140625,48.65999984741211,93.1344985961914,105.37024688720703,209.11465454101562,249.39614868164062,61.21207809448242,12.41370964050293,65.69536590576172,11.055903434753418,291.6478576660156,58.87055969238281,48.6163444519043,13.062868118286133,60.96210479736328,100.5908432006836,607.6847534179688,82.03217315673828,190.603271484375,80.5010757446289,129.4199981689453,58.11000061035156,83.72840881347656,351.8053283691406,297.0553894042969,673.4641723632812,28.049419403076172,106.17804718017578,84.1266860961914,12.460000038146973,67.88999938964844,27.00762367248535,28.690000534057617,86.45967102050781,618.8314208984375,20.25,122.31487274169922,44.31910705566406,115.14420318603516,43.93726348876953,54.13632583618164,155.21568298339844,141.57383728027344,77.51278686523438,39.5157470703125,42.02149200439453,153.53439331054688,120.73863983154297,127.2886734008789
2025-12-16,49.826412200927734,99.95097351074219,44.165592193603516,29.579999923706055,20.989999771118164,13.275225639343262,20.861007690429688,35.61831283569336,72.26998138427734,66.53842163085938,17.59000015258789,32.88999938964844,25.336259841918945,475.7303161621094,,23.860305786132812,395.8900146484375,176.71487426757812,167.95465087890625,49.709999084472656,93.39570617675781,106.29006958007812,207.4288787841797,248.2161407470703,60.967857360839844,12.377882957458496,65.44141387939453,10.852023124694824,278.9188232421875,59.040042877197266,48.3486213684082,12.937726020812988,60.89249038696289,99.49320220947266,608.88916015625,81.55458068847656,189.26466369628906,80.53990173339844,129.88999938964844,57.72999954223633,83.47244262695312,350.8482971191406,295.6838073730469,671.6240844726562,27.734041213989258,106.19731903076172,84.58871459960938,12.100000381469727,66.16999816894531,26.978612899780273,28.56999969482422,85.82372283935547,617.1013793945312,19.93000030517578,121.48843383789062,44.20124435424805,115.22322082519531,42.59552001953125,53.7917594909668,154.2961883544922,141.83250427246094,77.16239929199219,39.16801452636719,41.84648513793945,151.5377655029297,120.93699645996094,122.4668197631836
2025-12-17,48.92720413208008,97.17261505126953,44.42039108276367,29.079999923706055,20.860000610351562,13.343957901000977,20.696491241455078,34.83210372924805,71.15291595458984,66.94740295410156,17.709999084472656,33.22999954223633,25.288000106811523,473.57855224609375,,22.805322647094727,399.2900085449219,176.26914978027344,167.3751678466797,48.709999084472656,93.3763427734375,104.68036651611328,204.28677368164062,245.57406616210938,61.14369583129883,12.467449188232422,65.72466278076172,11.295000076293945,281.9266052246094,58.35213851928711,47.47604751586914,13.091747283935547,60.39524841308594,98.98358917236328,597.6021118164062,82.1972885131836,188.7528533935547,80.54961395263672,128.16000366210938,60.2599983215332,83.77762603759766,338.18768310546875,284.7329406738281,664.2338256835938,27.45211410522461,106.31299591064453,84.51171112060547,12.640000343322754,67.9800033569336,27.036630630493164,29.059999465942383,86.1417007446289,610.3195190429688,19.8799991607666,120.42300415039062,44.38787078857422,114.39349365234375,43.53862762451172,53.781917572021484,151.79478454589844,138.6786651611328,77.52252197265625,39.341880798339844,41.57424545288086,151.26234436035156,119.53849029541016,125.3481674194336
2025-12-18,49.756473541259766,98.80165100097656,44.18446731567383,28.989999771118164,21.10099983215332,13.45196533203125,20.88970184326172,35.19038009643555,72.17024230957031,67.33692169189453,17.84000015258789,33.2599983215332,25.2397403717041,474.2793273925781,,22.489816665649414,398.57000732421875,175.655029296875,166.0364227294922,47.959999084472656,93.61820983886719,106.16009521484375,207.72811889648438,247.03419494628906,61.30976486206055,12.530143737792969,65.91024780273438,11.454999923706055,277.7491149902344,59.10982894897461,47.89250564575195,13.014737129211426,60.88255310058594,99.41481018066406,606.2614135742188,81.8512191772461,189.1564178466797,80.60787200927734,129.82000732421875,59.31999969482422,83.5413589477539,346.1728515625,291.53106689453125,669.2496337890625,27.270532608032227,106.51541900634766,84.9159927368164,12.029999732971191,67.19000244140625,27.055971145629883,28.110000610351562,85.6888198852539,614.926513671875,19.940000534057617,119.49697875976562,44.36822509765625,115.04542541503906,42.90665054321289,53.69331359863281,152.7834930419922,140.81768798828125,77.07481384277344,39.100399017333984,41.98260498046875,151.38038635253906,121.34365844726562,122.59422302246094
2025-12-19,50.68566131591797,99.87101745605469,44.071224212646484,29.610000610351562,21.135000228881836,13.609068870544434,20.96622085571289,35.787498474121094,72.92826080322266,68.45677185058594,17.790000915527344,33.599998474121094,25.288000106811523,475.9450378417969,,24.225112915039062,399.0199890136719,178.4086151123047,170.04270935058594,49.90999984741211,93.4075927734375,107.73979949951172,213.37396240234375,249.1001434326172,61.173004150390625,12.476405143737793,65.67582702636719,11.680000305175781,280.52099609375,59.49864196777344,48.15031051635742,13.111000061035156,61.34995651245117,100.13023376464844,614.164306640625,81.00086212158203,189.8454132080078,80.59326171875,132.22000122070312,60.93000030517578,83.3740005493164,355.125,299.2875061035156,675.3153686523438,27.409107208251953,106.30463409423828,84.59904479980469,12.1899995803833,68.02999877929688,27.14299964904785,27.049999237060547,85.36122131347656,620.4132080078125,19.979999542236328,122.90235137939453,44.564674377441406,115.09481048583984,42.90665054321289,53.98865509033203,154.0984649658203,143.86209106445312,76.67575073242188,38.95551300048828,41.447853088378906,152.39346313476562,120.85765075683594,123.05484771728516
2025-12-22,51.11528778076172,101.63997650146484,44.31658172607422,30.6200008392334,21.190000534057617,13.85454273223877,21.12882423400879,36.384620666503906,73.22746276855469,70.64778137207031,17.889999389648438,33.72999954223633,25.440000534057617,478.2301025390625,,24.067359924316406,408.2300109863281,181.07305908203125,172.61033630371094,50.09000015258789,93.31053161621094,108.92957305908203,218.81028747558594,251.87135314941406,61.53584671020508,12.501751899719238,65.99820709228516,12.357999801635742,284.4599914550781,59.48866653442383,48.63121795654297,13.270000457763672,61.91745376586914,100.91425323486328,617.1083374023438,81.55458068847656,191.2525634765625,80.5543212890625,133.33999633789062,62.470001220703125,84.72000122070312,359.70001220703125,303.31048583984375,679.5224609375,27.676700592041016,106.1499252319336,84.41544342041016,11.850000381469727,69.7300033569336,27.030000686645508,26.1200008392334,85.79974365234375,624.3203735351562,20.200000762939453,125.78652954101562,45.09091567993164,115.60616302490234,43.35084533691406,54.651546478271484,155.80682373046875,144.63827514648438,76.40791320800781,39.244544982910156,41.60164260864258,153.3979949951172,121.5841293334961,123.64717102050781
2025-12-23,51.255165100097656,101.60000610351562,44.53364181518555,30.139999389648438,20.847999572753906,13.942913055419922,20.994916915893555,36.51399230957031,72.61906433105469,72.00133514404297,17.93000030517578,34.150001525878906,25.479999542236328,478.9917907714844,,24.008203506469727,413.6400146484375,181.2513427734375,171.9409637451172,49.650001525878906,93.2717056274414,108.04974365234375,219.13946533203125,250.3814697265625,61.21135330200195,12.347857475280762,65.52643585205078,12.649999618530273,283.739990234375,59.40891647338867,48.73533630371094,13.399999618530273,61.63868713378906,101.56108093261719,619.9984130859375,81.3667221069336,190.80789184570312,80.5153579711914,132.33999633789062,64.83999633789062,85.12999725341797,363.1600036621094,304.42852783203125,682.628173828125,27.762710571289062,106.19827270507812,84.55072021484375,12.899999618530273,70.30000305175781,26.940000534057617,26.219999313354492,85.74140930175781,627.235107421875,20.270000457763672,124.76752471923828,45.16990280151367,116.32955169677734,43.63520812988281,54.76021957397461,155.74729919433594,145.42544555664062,76.044921875,39.23478698730469,41.748573303222656,153.091796875,121.4151840209961,124.8614273071289
2025-12-24,51.405033111572266,101.56002807617188,44.524200439453125,30.18000030517578,20.739999771118164,14.01164722442627,21.004480361938477,36.50404739379883,72.6589584350586,71.81631469726562,18.06999969482422,34.20000076293945,25.649999618530273,481.7416687011719,,23.74199104309082,411.92999267578125,182.1824188232422,173.08990478515625,49.459999084472656,93.51435852050781,108.209716796875,219.648193359375,251.00721740722656,61.29984664916992,12.438382148742676,65.58541107177734,12.753999710083008,282.8399963378906,59.571563720703125,48.814659118652344,13.420000076293945,61.83781051635742,102.21771240234375,621.812255859375,81.9500961303711,191.49960327148438,80.56405639648438,132.1199951171875,65.22000122070312,85.47000122070312,364.1700134277344,305.60650634765625,685.0294799804688,27.834388732910156,106.42066955566406,85.06285095214844,12.390000343322754,70.19999694824219,26.950000762939453,26.190000534057617,86.30537414550781,629.3270263671875,20.469999313354492,126.1761474609375,45.25876235961914,117.02323150634766,43.50773620605469,55.05659103393555,156.25326538085938,145.77420043945312,76.64337921142578,39.488670349121094,41.9346923828125,153.89187622070312,121.83258819580078,124.30859375
2025-12-26,51.52492904663086,101.22022247314453,44.33546447753906,29.670000076293945,20.81599998474121,14.316033363342285,21.157520294189453,36.41447830200195,72.94819641113281,73.72492218017578,18.100000381469727,35.810001373291016,25.65999984741211,481.761474609375,,23.702552795410156,416.739990234375,182.28146362304688,171.8710174560547,49.61000061035156,93.60172271728516,108.0797348022461,217.52352905273438,249.7259063720703,61.17201614379883,12.438382148742676,65.3790054321289,12.930000305175781,281.5199890136719,59.95075225830078,48.84440231323242,13.449999809265137,61.7979850769043,102.34510803222656,621.7724609375,82.0094223022461,191.5490264892578,80.62247467041016,132.41000366210938,71.12000274658203,86.4000015258789,365.8599853515625,305.50665283203125,684.9600219726562,27.85350227355957,106.41100311279297,84.78263092041016,12.8100004196167,68.4800033569336,26.969999313354492,26.139999389648438,86.40259552001953,629.3865356445312,20.440000534057617,124.85743713378906,45.52533721923828,116.9043197631836,43.34103775024414,54.94791793823242,155.965576171875,146.00335693359375,76.75130462646484,39.56678771972656,41.905303955078125,154.13880920410156,121.29593658447266,123.36087036132812
2025-12-29,51.44499969482422,100.50064849853516,44.33546447753906,29.219999313354492,20.489999771118164,13.883999824523926,21.08100128173828,36.57371139526367,72.35975646972656,71.0665054321289,17.81999969482422,34.18000030517578,25.649999618530273,479.3478698730469,,23.66311264038086,398.6000061035156,180.83534240722656,170.60218811035156,49.380001068115234,93.73759460449219,107.36986541748047,216.45619201660156,248.19630432128906,60.63119888305664,12.365962028503418,64.8089599609375,12.46500015258789,282.8800048828125,59.91083526611328,48.556854248046875,13.34000015258789,61.47938537597656,102.14949798583984,618.7626342773438,82.39505004882812,191.23281860351562,80.66142272949219,131.77999877929688,66.01000213623047,85.0999984741211,364.2099914550781,304.78790283203125,682.51904296875,27.89651107788086,106.50768280029297,85.10150909423828,13.050000190734863,69.61000061035156,26.979999542236328,25.860000610351562,86.57762145996094,627.1657104492188,20.200000762939453,123.26899719238281,45.160030364990234,116.82504272460938,43.75288009643555,54.651546478271484,155.6282501220703,145.34573364257812,76.80036163330078,39.674198150634766,41.98366928100586,153.90174865722656,120.10334014892578,124.84168243408203
2025-12-30,51.36000061035156,99.51123046875,44.5430793762207,29.0,20.860000610351562,13.880000114440918,21.21500015258789,36.56171798706055,72.0505599975586,72.25446319580078,17.729999542236328,35.25,25.56999969482422,478.3587341308594,,23.919464111328125,398.8900146484375,179.44863891601562,168.73391723632812,49.83000183105469,93.64054107666016,106.96994018554688,215.79786682128906,246.3587646484375,60.23786926269531,12.356910705566406,64.31753540039062,12.300000190734863,286.8900146484375,59.52167510986328,48.23541259765625,13.420000076293945,61.52916717529297,102.0020523071289,617.3275756835938,82.42471313476562,190.92648315429688,80.68090057373047,131.36000061035156,68.9800033569336,85.30999755859375,363.30999755859375,304.3886413574219,681.685546875,27.9547061920166,106.48834991455078,84.8985824584961,13.119999885559082,69.73999786376953,27.049999237060547,25.469999313354492,86.75263977050781,626.293212890625,20.079999923706055,121.5506820678711,45.1501579284668,117.22142791748047,44.08626937866211,54.51323699951172,155.1818084716797,144.88739013671875,76.67282104492188,39.762081146240234,42.08162307739258,153.77333068847656,119.61637115478516,125.79927825927734
2025-12-31,50.86000061035156,98.26197052001953,44.37321090698242,28.969999313354492,20.7189998626709,13.800000190734863,20.979999542236328,36.211891174316406,71.26263427734375,71.54686737060547,17.729999542236328,34.959999084472656,25.520000457763672,475.371337890625,,24.027921676635742,396.30999755859375,177.66574096679688,168.61402893066406,49.650001525878906,93.32994842529297,105.6701889038086,214.15200805664062,244.50135803222656,59.67738342285156,12.365962028503418,63.69833755493164,12.050000190734863,284.7699890136719,59.11255645751953,47.70634460449219,13.25,61.06122970581055,101.41227722167969,612.2249145507812,81.7127914428711,189.29595947265625,80.65167999267578,130.0800018310547,64.41999816894531,84.86000061035156,360.1300048828125,300.6251525878906,676.635009765625,27.78011131286621,106.275634765625,84.22218322753906,12.260000228881836,69.16000366210938,27.030000686645508,25.639999389648438,86.04283142089844,621.7427368164062,19.969999313354492,121.8104248046875,44.77497100830078,116.65657806396484,43.841129302978516,54.108192443847656,153.89210510253906,143.4525604248047,76.21170043945312,39.40078353881836,41.81714630126953,152.90411376953125,118.6722412109375,124.64424896240234
2026-01-02,51.43000030517578,101.46007537841797,44.760128021240234,29.18000030517578,20.639999389648438,14.100000381469727,20.920000076293945,36.691650390625,70.4946517944336,72.81256103515625,17.6299991607666,34.97999954223633,25.559999465942383,478.3982849121094,,25.230796813964844,398.2799987792969,180.0825653076172,168.8438262939453,50.939998626708984,93.25230407714844,102.60076904296875,221.45364379882812,247.1037139892578,60.14937210083008,12.510804176330566,64.1209716796875,12.630000114440918,295.989990234375,59.59152603149414,48.76448440551758,13.279999732971191,61.14087677001953,101.95291137695312,611.0389404296875,81.74244689941406,190.58062744140625,80.69064331054688,127.7699966430664,65.75,86.41000366210938,373.29998779296875,313.143310546875,677.8753051757812,28.148700714111328,106.22727966308594,84.09656524658203,12.0600004196167,68.95999908447266,27.110000610351562,25.209999084472656,86.07200622558594,622.9026489257812,20.0,121.40082550048828,45.53520584106445,115.84398651123047,44.76286697387695,54.266258239746094,156.72946166992188,143.7813720703125,76.22151184082031,39.43008041381836,42.29712677001953,153.60540771484375,117.61878967285156,127.3096923828125
2026-01-05,52.04999923706055,104.47830200195312,44.79787826538086,29.979999542236328,20.729999542236328,14.510000228881836,21.059999465942383,37.59120178222656,71.3424301147461,76.39041137695312,17.860000610351562,36.77000045776367,25.81999969482422,484.4718322753906,,26.232826232910156,408.760009765625,186.3227081298828,167.1853485107422,53.459999084472656,93.53376007080078,103.6105728149414,225.91244506835938,251.02706909179688,61.368682861328125,12.610384941101074,65.41832733154297,13.130000114440918,311.67999267578125,60.808895111083984,49.353450775146484,13.529999732971191,61.57894515991211,101.30415344238281,615.8923950195312,81.20851135253906,192.3494415283203,80.71984100341797,128.57000732421875,69.08000183105469,87.47000122070312,377.5899963378906,317.5057067871094,682.3900756835938,28.507593154907227,106.51736450195312,84.51206970214844,11.630000114440918,70.22000122070312,27.06999969482422,25.56999969482422,86.26647186279297,627.0269165039062,20.190000534057617,120.03217315673828,45.9893798828125,116.68630981445312,45.978763580322266,55.45176315307617,158.5846710205078,144.10020446777344,75.887939453125,39.478904724121094,41.826942443847656,153.1411590576172,119.5567398071289,125.86837005615234
2026-01-06,52.650001525878906,105.63761138916016,44.09009552001953,31.5,20.969999313354492,14.760000228881836,20.829999923706055,37.911041259765625,72.00070190429688,77.80559539794922,17.809999465942383,37.27000045776367,25.84000015258789,489.2594909667969,,26.22293472290039,413.17999267578125,187.2834930419922,171.08175659179688,52.45000076293945,93.46583557128906,104.90032958984375,229.63311767578125,254.3544921875,61.89967346191406,12.619438171386719,66.07683563232422,14.229999542236328,310.3299865722656,61.87659454345703,49.88252639770508,13.539999961853027,61.758155822753906,103.2012710571289,621.303955078125,82.56314086914062,194.6716766357422,80.7295913696289,130.41000366210938,73.70999908447266,89.13999938964844,387.6199951171875,327.77777099609375,686.4483642578125,28.6918888092041,106.44001007080078,84.338134765625,11.279999732971191,68.51000213623047,27.15999984741211,25.260000228881836,86.89849090576172,630.7447509765625,20.040000915527344,121.97026824951172,46.89771270751953,116.27010345458984,44.7530517578125,55.718502044677734,160.73748779296875,146.12290954589844,76.00566864013672,39.7425537109375,42.03264617919922,156.15380859375,120.32198333740234,123.93345642089844
2026-01-07,52.58000183105469,104.48829650878906,44.35433578491211,32.09000015258789,21.100000381469727,14.5600004196167,20.299999237060547,38.140926361083984,73.25738525390625,75.64295196533203,17.90999984741211,35.90999984741211,25.90999984741211,484.6598205566406,,25.352458953857422,409.2300109863281,184.30209350585938,176.57667541503906,51.540000915527344,93.64054107666016,106.22008514404297,225.84262084960938,253.75856018066406,61.39817810058594,12.46554183959961,65.60506439208984,14.239999771118164,304.8399963378906,61.517372131347656,48.88427734375,13.40999984741211,61.210567474365234,104.2923583984375,621.9020385742188,81.81166076660156,192.48779296875,80.71984100341797,131.05999755859375,70.95999908447266,88.62000274658203,385.0199890136719,324.32379150390625,684.2356567382812,28.342697143554688,106.6043930053711,84.83094787597656,11.779999732971191,67.79000091552734,27.200000762939453,25.68000030517578,86.05255126953125,628.7222290039062,20.309999465942383,126.30601501464844,46.08810806274414,116.03226470947266,44.252967834472656,54.93804168701172,157.71163940429688,146.00335693359375,75.17174530029297,39.19572448730469,41.01390838623047,157.70460510253906,120.15303802490234,122.37367248535156
2026-01-08,52.13999938964844,105.39775848388672,44.8828125,30.90999984741211,21.128000259399414,14.449999809265137,20.649999618530273,37.71113967895508,72.190185546875,75.36389923095703,17.950000762939453,35.68000030517578,26.010000228881836,487.20196533203125,,25.095277786254883,411.489990234375,183.88607788085938,172.10079956054688,51.52000045776367,93.35906219482422,104.42042541503906,226.8600616455078,256.5297546386719,62.489662170410156,12.664701461791992,66.9122543334961,14.0600004196167,316.1600036621094,62.47530746459961,49.28357696533203,13.5600004196167,61.83781051635742,103.70257568359375,618.3639526367188,82.8004379272461,194.1380615234375,80.69064331054688,128.74000549316406,69.70999908447266,88.2699966430664,378.9800109863281,319.0230407714844,684.1661987304688,28.3135986328125,106.39166259765625,84.4057846069336,11.270000457763672,70.54000091552734,27.270000457763672,25.34000015258789,86.82070922851562,628.6131591796875,20.3700008392334,123.58867645263672,46.89771270751953,116.41875457763672,45.64537048339844,55.22454071044922,158.90213012695312,143.72158813476562,76.95733642578125,39.488670349121094,41.1314582824707,156.18344116210938,122.16055297851562,126.81609344482422
2026-01-09,52.58000183105469,107.53649139404297,45.326351165771484,30.549999237060547,21.104999542236328,14.619999885559082,20.520000457763672,38.21089172363281,72.35975646972656,77.27739715576172,17.889999389648438,36.150001525878906,25.780000686645508,489.6650390625,,24.828203201293945,414.4700012207031,183.91578674316406,172.23069763183594,51.15999984741211,93.46583557128906,104.98031616210938,232.3861846923828,258.4765625,62.19466781616211,12.827649116516113,66.32254791259766,14.020000457763672,317.4800109863281,62.59504699707031,50.0422477722168,13.5600004196167,61.60881805419922,103.43718719482422,624.5230712890625,82.50381469726562,195.26458740234375,80.66142272949219,128.9499969482422,72.37999725341797,87.72000122070312,389.2200012207031,328.20703125,688.6908569335938,28.730688095092773,106.53669738769531,84.96621704101562,10.399999618530273,70.77999877929688,27.329999923706055,24.979999542236328,86.99573516845703,632.8267211914062,20.34000015258789,124.3779067993164,47.648075103759766,116.8448715209961,45.76303482055664,55.05659103393555,160.648193359375,145.6247100830078,77.75202178955078,39.54726028442383,41.64082336425781,155.3833770751953,123.64134979248047,125.77952575683594
2026-01-12,53.150001525878906,108.80574798583984,45.684967041015625,31.799999237060547,21.149999618530273,15.010000228881836,20.280000686645508,38.42078399658203,72.76866912841797,79.79882049560547,17.149999618530273,36.880001068115234,25.6299991607666,490.5355224609375,,25.085386276245117,422.2300109863281,185.69869995117188,171.24159240722656,51.869998931884766,93.34935760498047,105.33025360107422,235.95721435546875,259.7380065917969,61.408016204833984,12.84575366973877,65.53626251220703,14.8100004196167,313.3500061035156,63.54300308227539,50.391632080078125,13.760000228881836,61.53912353515625,103.82054138183594,625.041259765625,82.66201782226562,195.4424591064453,80.66142272949219,130.3699951171875,77.2300033569336,88.43000030517578,390.6600036621094,329.7743225097656,689.7723999023438,29.008100509643555,106.53669738769531,84.71499633789062,11.180000305175781,71.6500015258789,27.280000686645508,25.030000686645508,87.1124038696289,633.847900390625,20.190000534057617,123.80846405029297,47.90477752685547,116.48812103271484,45.439456939697266,54.62191390991211,161.8783721923828,146.26242065429688,78.66444396972656,39.66443634033203,41.70939636230469,155.4525146484375,123.75065612792969,125.9078598022461
2026-01-13,52.63999938964844,109.62525939941406,46.27006530761719,31.959999084472656,20.975000381469727,14.960000038146973,20.030000686645508,37.831077575683594,72.4295654296875,79.5696029663086,17.0,36.88999938964844,25.56999969482422,486.6183776855469,,25.916290283203125,421.6300048828125,184.68838500976562,171.16168212890625,53.56999969482422,93.46583557128906,103.33062744140625,236.94471740722656,259.5889892578125,60.82786178588867,12.791439056396484,65.10380554199219,15.109999656677246,320.5299987792969,63.17380142211914,50.651180267333984,13.859999656677246,61.80794143676758,103.66326904296875,624.1144409179688,82.88943481445312,195.4424591064453,80.68090057373047,128.83999633789062,78.5999984741211,89.55000305175781,391.5299987792969,332.7191162109375,688.3931884765625,29.205976486206055,106.63338470458984,84.85993194580078,11.319999694824219,73.4800033569336,27.350000381469727,25.6299991607666,87.59857940673828,632.5491333007812,20.1200008392334,123.7285385131836,48.11211395263672,115.83407592773438,46.08662796020508,53.5747184753418,162.71173095703125,145.9535369873047,79.57686614990234,39.967140197753906,41.973873138427734,154.8203582763672,123.44258117675781,128.08958435058594
2026-01-14,52.279998779296875,109.62525939941406,46.35499572753906,32.529998779296875,20.31999969482422,15.170000076293945,19.93899917602539,37.98100662231445,72.23008728027344,82.11096954345703,17.09000015258789,37.5,25.510000228881836,486.2622375488281,,27.38026237487793,425.94000244140625,185.77792358398438,172.6702880859375,55.439998626708984,93.65994262695312,101.05105590820312,238.56068420410156,261.4165954589844,61.408016204833984,12.99059772491455,65.83112335205078,15.25,326.010009765625,62.405460357666016,50.60126495361328,13.880000114440918,61.46943283081055,104.91162109375,617.4471435546875,83.78922271728516,196.33181762695312,80.70037841796875,126.22000122070312,84.55999755859375,91.12000274658203,388.3500061035156,331.32159423828125,685.0095825195312,29.413549423217773,106.74942779541016,85.35274505615234,10.239999771118164,72.61000061035156,27.329999923706055,26.260000228881836,88.35701751708984,629.485595703125,20.139999389648438,126.69563293457031,48.13186264038086,115.58634185791016,47.12602996826172,53.49568557739258,162.9696807861328,144.179931640625,80.67569732666016,40.41632080078125,42.28732681274414,155.9266357421875,121.49469757080078,130.25157165527344
2026-01-15,52.36000061035156,112.0338363647461,46.336124420166016,32.060001373291016,20.25,15.239999771118164,20.18600082397461,38.32083511352539,71.92090606689453,81.76215362548828,17.049999237060547,36.77000045776367,25.59000015258789,489.1308898925781,,26.569143295288086,423.3299865722656,188.5909423828125,170.4023895263672,54.0,93.46583557128906,99.76129150390625,240.6055450439453,263.7209777832031,62.49949645996094,13.225968360900879,67.06950378417969,15.0600004196167,327.1199951171875,63.233673095703125,51.320003509521484,13.770000457763672,61.81789779663086,103.25041961669922,619.6696166992188,84.24406433105469,197.20143127441406,80.64193725585938,125.33999633789062,83.31999969482422,91.68000030517578,396.4100036621094,336.63232421875,686.8750610351562,29.66671371459961,106.58504486083984,85.33342742919922,10.300000190734863,71.12999725341797,27.43000030517578,25.479999542236328,88.96958923339844,631.1511840820312,20.06999969482422,124.2280502319336,48.33919906616211,115.16021728515625,46.68477249145508,53.7130241394043,164.46771240234375,144.9372100830078,80.81304931640625,40.71902847290039,42.71833419799805,155.0376739501953,121.9419174194336,128.61280822753906
2026-01-16,52.34000015258789,113.47299194335938,46.543739318847656,31.81999969482422,20.18000030517578,15.010000228881836,19.55299949645996,38.33082962036133,71.72142791748047,80.49645233154297,17.18000030517578,35.939998626708984,25.600000381469727,488.2591857910156,,26.628494262695312,421.2900085449219,188.36312866210938,169.8029327392578,54.2400016784668,93.10671997070312,98.29156494140625,243.15911865234375,263.96929931640625,62.20450210571289,13.316494941711426,66.68619537353516,14.34000015258789,326.5899963378906,62.315650939941406,51.4797248840332,13.729999542236328,61.449520111083984,103.52564239501953,619.1513671875,85.44049072265625,196.6974639892578,80.62247467041016,124.19999694824219,81.0199966430664,90.73999786376953,400.3900146484375,341.8731384277344,686.2994995117188,29.92375946044922,106.3819808959961,84.84062194824219,10.329999923706055,71.6500015258789,27.43000030517578,25.600000381469727,90.05862426757812,630.6257934570312,20.360000610351562,124.05821990966797,48.06275177001953,114.1296157836914,46.76321792602539,53.78218078613281,165.578857421875,145.0966339111328,80.5579605102539,41.2170295715332,42.50283432006836,153.83261108398438,121.54438781738281,128.62266540527344
2026-01-20,50.939998626708984,111.63407135009766,46.213443756103516,31.610000610351562,19.790000915527344,15.020000457763672,19.170000076293945,37.15142059326172,69.7964859008789,81.97144317626953,17.18000030517578,35.709999084472656,25.489999771118164,479.80841064453125,,24.25448226928711,437.2300109863281,183.09368896484375,170.56222534179688,50.7599983215332,92.7379150390625,95.91201782226562,237.30381774902344,260.8106689453125,61.29001998901367,13.031179428100586,65.81146240234375,14.449999809265137,324.3800048828125,60.66919708251953,50.43156433105469,13.930000305175781,60.30455780029297,102.75894165039062,605.9961547851562,84.10563659667969,193.76254272460938,80.63221740722656,120.18000030517578,85.38999938964844,90.88999938964844,390.3900146484375,336.7621154785156,672.32861328125,29.389301300048828,106.06290435791016,83.72936248779297,12.369999885559082,71.86000061035156,27.209999084472656,28.459999084472656,88.38618469238281,617.7969360351562,20.110000610351562,125.16712951660156,47.57896423339844,112.44497680664062,46.674964904785156,52.557167053222656,162.2355499267578,141.33021545410156,80.80323791503906,40.42608642578125,42.08162307739258,153.49676513671875,118.384033203125,128.0994415283203
2026-01-21,51.900001525878906,114.30249786376953,46.279502868652344,32.400001525878906,19.93000030517578,15.449999809265137,19.139999389648438,37.6911506652832,69.8862533569336,83.68561553955078,17.149999618530273,35.68000030517578,25.549999237060547,485.6665344238281,,24.49188232421875,443.6000061035156,185.16383361816406,174.99813842773438,51.11000061035156,92.98054504394531,95.38211822509766,239.6678924560547,265.9856262207031,63.699134826660156,13.186639785766602,68.87794494628906,15.119999885559082,339.260009765625,61.517372131347656,51.55958557128906,14.079999923706055,60.88201904296875,103.99747467041016,614.1882934570312,84.21440124511719,197.04331970214844,80.67115783691406,120.36000061035156,83.95999908447266,93.44000244140625,401.92999267578125,347.5332946777344,680.0880737304688,29.681264877319336,106.47868347167969,84.36711883544922,13.640000343322754,73.33999633789062,27.270000457763672,25.84000015258789,88.7362289428711,624.8755493164062,20.049999237060547,128.05429077148438,48.61565399169922,113.59449005126953,47.802616119384766,52.814022064208984,165.04315185546875,143.2931365966797,80.8817367553711,40.57255554199219,42.14039611816406,156.3217315673828,120.64994049072266,132.90713500976562
2026-01-22,52.45000076293945,114.3824462890625,46.41162109375,34.2400016784668,20.208999633789062,15.510000228881836,19.270000457763672,37.86106872558594,70.46473693847656,81.9515151977539,17.190000534057617,35.65999984741211,25.600000381469727,488.5262756347656,,23.730220794677734,451.7900085449219,186.3722381591797,177.475830078125,50.66999816894531,92.97083282470703,96.92182922363281,235.22903442382812,267.9721374511719,63.74831008911133,13.177495002746582,68.73052215576172,15.489999771118164,341.5400085449219,62.64493942260742,51.57954788208008,14.09000015258789,60.86210632324219,104.60690307617188,618.6530151367188,82.99820709228516,197.30023193359375,80.64193725585938,123.58999633789062,87.12999725341797,93.81999969482422,402.82000732421875,348.0623779296875,683.6403198242188,29.67641258239746,106.37232208251953,84.73431396484375,13.430000305175781,71.81999969482422,27.149999618530273,25.219999313354492,87.86112213134766,628.1273803710938,20.309999465942383,131.44097900390625,48.89209747314453,115.19985961914062,47.959510803222656,53.159793853759766,164.18995666503906,144.35928344726562,80.71493530273438,40.172203063964844,41.836734771728516,156.35137939453125,121.86241912841797,132.8083953857422
2026-01-23,52.5099983215332,112.02384185791016,46.47768020629883,32.630001068115234,20.079999923706055,15.710000038146973,19.1200008392334,37.751121520996094,70.62431335449219,85.71871185302734,17.420000076293945,36.52000045776367,25.739999771118164,485.7951354980469,,23.759897232055664,458.0,183.1134796142578,175.16796875,50.70000076293945,93.12613677978516,97.69168090820312,234.48092651367188,263.02569580078125,61.74234390258789,13.086048126220703,66.45030975341797,16.0,339.8999938964844,62.12605667114258,51.01054763793945,14.34000015258789,60.852142333984375,104.50861358642578,620.6063842773438,83.44315338134766,196.42076110839844,80.67115783691406,123.3499984741211,92.91000366210938,95.19999694824219,400.0899963378906,344.1092529296875,683.8883056640625,29.813180923461914,106.58504486083984,84.96621704101562,13.970000267028809,73.94999694824219,26.90999984741211,25.68000030517578,88.03614044189453,628.3851928710938,20.75,127.9144287109375,49.33639144897461,115.9034423828125,48.234066009521484,52.42873764038086,162.92005920410156,144.5685272216797,81.34284210205078,40.27961349487305,41.68980407714844,155.55128479003906,122.36925506591797,133.48959350585938
2026-01-26,52.43000030517578,112.30368041992188,46.55317687988281,32.47999954223633,20.079999923706055,15.819999694824219,19.18000030517578,37.94102478027344,71.90094757080078,87.78170013427734,17.350000381469727,36.540000915527344,25.760000228881836,488.8924255371094,,23.4235782623291,464.70001220703125,183.99501037597656,175.6875,49.650001525878906,93.26200866699219,98.79147338867188,232.79515075683594,262.2012939453125,62.08650207519531,13.003745079040527,66.76482391357422,15.5,345.260009765625,62.06618881225586,51.030513763427734,14.420000076293945,60.483768463134766,105.18685913085938,623.3370971679688,82.85977935791016,196.88522338867188,80.70037841796875,126.55999755859375,98.33999633789062,94.2300033569336,398.82000732421875,342.47210693359375,687.3612670898438,29.92375946044922,106.73008728027344,85.3720703125,14.829999923706055,73.4800033569336,26.780000686645508,25.6299991607666,87.91946411132812,631.6171264648438,20.530000686645508,127.73461151123047,49.3956298828125,116.70612335205078,48.263484954833984,52.764625549316406,163.07879638671875,145.55499267578125,81.21529388427734,40.25032424926758,41.99346160888672,156.16371154785156,121.56426239013672,133.06507873535156
2026-01-27,53.11000061035156,113.22313690185547,46.97784423828125,32.41999816894531,19.934999465942383,16.0,19.184999465942383,38.240875244140625,71.84111022949219,90.11376953125,17.31999969482422,36.58000183105469,25.84000015258789,484.9342956542969,,24.383073806762695,476.1000061035156,183.26205444335938,176.73651123046875,50.630001068115234,93.15525817871094,97.7416763305664,236.426025390625,262.9462585449219,62.26349639892578,13.140915870666504,67.08916473388672,15.699999809265137,351.30999755859375,62.23582077026367,51.08042526245117,14.619999885559082,60.364295959472656,105.44241333007812,628.9878540039062,82.6323471069336,196.578857421875,80.71984100341797,126.9800033569336,101.58999633789062,96.16999816894531,407.25,350.4681701660156,690.0997924804688,30.20408058166504,106.73974609375,84.84062194824219,14.699999809265137,75.66000366210938,26.469999313354492,26.09000015258789,87.89028930664062,634.2047119140625,20.5,128.40394592285156,49.34626770019531,115.84398651123047,48.70473861694336,52.359580993652344,163.75341796875,147.51788330078125,81.58811950683594,40.27961349487305,42.542015075683594,153.546142578125,121.93196868896484,133.6672821044922
2026-01-28,53.61000061035156,112.82337188720703,47.223209381103516,31.479999542236328,19.670000076293945,16.149999618530273,19.059999465942383,37.971012115478516,71.32247924804688,91.66849517822266,17.43000030517578,36.779998779296875,25.8799991607666,485.0035400390625,,24.323726654052734,494.55999755859375,183.49978637695312,173.8691864013672,50.5099983215332,93.07759857177734,97.04180145263672,233.10438537597656,261.52587890625,61.9488410949707,13.058614730834961,66.61739349365234,15.220000267028809,343.8900146484375,61.58721923828125,50.81089782714844,14.819999694824219,60.195037841796875,103.5944595336914,631.0706787109375,81.57435607910156,195.91677856445312,80.71984100341797,126.58000183105469,105.5999984741211,95.86000061035156,416.6300048828125,359.831787109375,690.0303344726562,30.360246658325195,106.78810119628906,84.64734649658203,14.529999732971191,76.62000274658203,26.6299991607666,26.09000015258789,86.98600769042969,634.1055908203125,20.8799991607666,125.81649780273438,49.316646575927734,115.6953353881836,49.077354431152344,52.349700927734375,162.84071350097656,148.6936492919922,80.76399230957031,39.88902282714844,42.444061279296875,152.4201202392578,121.01765441894531,135.3455352783203
2026-01-29,53.029998779296875,112.55353546142578,47.5157585144043,31.350000381469727,19.764999389648438,16.260000228881836,19.079999923706055,37.94102478027344,69.3775863647461,93.91087341308594,17.5,38.709999084472656,25.8700008392334,485.0826721191406,,22.612457275390625,495.8999938964844,182.98472595214844,174.08897399902344,47.599998474121094,93.1746597290039,92.25270080566406,232.1966552734375,261.59539794921875,62.9813232421875,13.076904296875,67.84595489501953,14.470000267028809,350.010009765625,60.93861770629883,51.110374450683594,15.020000457763672,60.284645080566406,103.85002899169922,627.2936401367188,82.50381469726562,196.17372131347656,80.74906921386719,121.62999725341797,105.56999969482422,96.98999786376953,417.5199890136719,360.50067138671875,688.6610717773438,30.5057430267334,106.86544799804688,84.66668701171875,15.0600004196167,79.13999938964844,26.59000015258789,26.270000457763672,88.20143127441406,632.787109375,21.1299991607666,126.61570739746094,49.36601257324219,118.70787811279297,49.52841567993164,52.90293502807617,164.54708862304688,146.3421173095703,80.57758331298828,40.39678955078125,42.444061279296875,151.93612670898438,120.44124603271484,137.1916046142578
2026-01-30,51.970001220703125,110.13495635986328,47.21377182006836,30.43000030517578,19.43000030517578,15.170000076293945,18.579999923706055,37.30134582519531,68.87889862060547,84.52276611328125,17.479999542236328,36.43000030517578,25.65999984741211,483.9150085449219,,21.603504180908203,444.95001220703125,182.66775512695312,172.2706298828125,47.4900016784668,93.11642456054688,90.2930679321289,231.7976531982422,257.9004211425781,62.50932693481445,12.720261573791504,67.62973022460938,12.949999809265137,348.3900146484375,59.42189025878906,50.66115951538086,14.520000457763672,59.936180114746094,104.99026489257812,619.7592163085938,83.08718872070312,195.73892211914062,80.81723022460938,119.12999725341797,75.44000244140625,94.01000213623047,403.4599914550781,345.69647216796875,686.607177734375,29.909208297729492,106.8267822265625,84.19318389892578,16.899999618530273,79.5199966430664,26.850000381469727,26.709999084472656,88.28895568847656,630.754638671875,20.969999313354492,124.6276626586914,48.64527130126953,118.9952621459961,50.057918548583984,52.79426193237305,164.1304168701172,143.36289978027344,81.93150329589844,40.455379486083984,42.36569595336914,152.8448486328125,120.4213638305664,138.44534301757812
2026-02-02,52.380001068115234,112.4535903930664,46.79853820800781,30.6200008392334,19.645000457763672,15.069999694824219,18.493000030517578,36.85157012939453,69.40750885009766,84.91144561767578,17.280000686645508,35.880001068115234,25.649999618530273,488.8626708984375,,18.744796752929688,427.1300048828125,183.1630096435547,173.97906494140625,44.220001220703125,92.93336486816406,89.50321197509766,230.58071899414062,260.41339111328125,63.423805236816406,12.692826271057129,68.83863067626953,13.020000457763672,348.8900146484375,60.040550231933594,51.349952697753906,13.970000267028809,60.67293167114258,106.28777313232422,624.0147705078125,82.1972885131836,196.7468719482422,80.77816009521484,119.30000305175781,72.44000244140625,95.0199966430664,407.9700012207031,352.07537841796875,690.0204467773438,29.574565887451172,106.5463638305664,83.95264434814453,12.699999809265137,75.33000183105469,26.989999771118164,25.280000686645508,87.37494659423828,634.1848754882812,20.56999969482422,127.22511291503906,49.020450592041016,118.58895874023438,49.077354431152344,53.37713623046875,166.20387268066406,144.7379150390625,82.90278625488281,39.996437072753906,41.748573303222656,153.78321838378906,121.21642303466797,134.0226593017578
2026-02-03,51.040000915527344,115.36186981201172,47.506324768066406,30.31999969482422,18.65999984741211,15.6899995803833,18.219999313354492,36.861568450927734,66.9140625,90.45262145996094,17.3700008392334,37.47999954223633,25.75,487.1607360839844,,18.56254005432129,454.2900085449219,177.8638458251953,173.639404296875,43.29999923706055,93.02098083496094,85.37399291992188,233.90237426757812,261.0093688964844,64.14163970947266,12.66539192199707,70.01805114746094,13.680000305175781,357.3299865722656,59.07263946533203,52.29829025268555,14.329999923706055,60.13530349731445,104.31201934814453,614.4274291992188,82.62246704101562,196.22314453125,80.76839447021484,113.9800033569336,76.95999908447266,97.73999786376953,397.67999267578125,345.0376281738281,684.18603515625,29.670595169067383,106.72041320800781,84.15633392333984,12.979999542236328,77.47000122070312,26.920000076293945,26.3700008392334,87.18048095703125,628.702392578125,20.670000076293945,127.52481842041016,50.05713653564453,116.6763916015625,50.665870666503906,52.883174896240234,167.6027069091797,141.56935119628906,84.24689483642578,39.84996795654297,42.35590362548828,152.2126922607422,120.24247741699219,137.99122619628906
2026-02-04,49.380001068115234,113.51296997070312,47.770565032958984,29.18000030517578,18.610000610351562,15.210000038146973,18.5,36.59170150756836,66.35552978515625,86.3166732788086,17.389999389648438,36.290000915527344,25.709999084472656,489.5751647949219,,17.492769241333008,453.9700012207031,176.19981384277344,173.88916015625,41.56999969482422,93.00152587890625,83.82427978515625,227.4286346435547,258.76458740234375,65.17411041259766,12.793418884277344,71.1090087890625,12.9399995803833,362.5199890136719,57.42618942260742,52.927188873291016,14.359999656677246,60.03573989868164,106.77925109863281,603.6939697265625,83.47281646728516,197.9326934814453,80.8074722290039,111.91000366210938,79.18000030517578,97.9800033569336,382.0199890136719,329.8042297363281,680.8719482421875,29.64246368408203,106.6043930053711,83.94293975830078,13.460000038146973,77.87999725341797,27.010000228881836,26.75,88.43479919433594,625.490234375,20.600000381469727,125.16712951660156,51.2320442199707,115.7448959350586,51.80332946777344,53.307979583740234,168.0491485595703,137.6235809326172,85.3457260131836,40.484676361083984,42.19917297363281,154.11904907226562,119.35797882080078,141.9696502685547
2026-02-05,48.470001220703125,113.42301177978516,47.864933013916016,27.489999771118164,18.200000762939453,14.520000457763672,17.979999542236328,35.75212097167969,64.77967071533203,81.03462219238281,17.600000381469727,35.2400016784668,25.770000457763672,483.7962646484375,,15.056061744689941,441.8800048828125,172.31704711914062,169.88284301757812,36.099998474121094,93.54681396484375,79.65505981445312,225.6132049560547,254.10618591308594,65.026611328125,12.637957572937012,71.05987548828125,12.130000114440918,351.4200134277344,55.86954879760742,52.747501373291016,14.119999885559082,59.07994842529297,106.00271606445312,595.0036010742188,83.63101959228516,196.21322631835938,80.93444061279297,108.01000213623047,66.69000244140625,95.62000274658203,381.07000732421875,330.25341796875,672.3683471679688,29.147777557373047,106.90412902832031,84.85472869873047,13.520000457763672,76.69000244140625,27.09000015258789,28.420000076293945,88.30839538574219,617.747314453125,20.8700008392334,120.60161590576172,49.85967254638672,115.16021728515625,51.19538116455078,52.64607620239258,167.03720092773438,135.1425323486328,85.27704620361328,40.26008224487305,42.2187614440918,152.94361877441406,116.78397369384766,139.6497344970703
2026-02-06,50.08000183105469,118.43006134033203,47.82718276977539,28.790000915527344,18.21500015258789,15.170000076293945,18.15999984741211,37.461265563964844,66.9539566040039,84.3932113647461,17.5,36.2400016784668,25.770000457763672,495.78955078125,,16.591384887695312,455.4599914550781,176.77430725097656,174.8182830810547,39.68000030517578,93.54681396484375,82.44454193115234,233.34378051757812,263.2342529296875,66.28526306152344,12.674535751342773,72.36705017089844,12.670000076293945,367.1099853515625,56.32855987548828,54.594261169433594,14.260000228881836,60.56341552734375,108.56824493408203,607.5807495117188,84.95598602294922,199.8695068359375,80.93444061279297,112.66999816894531,70.19000244140625,98.23999786376953,401.6499938964844,347.9026794433594,685.267578125,30.16625213623047,107.010498046875,84.91292572021484,13.270000457763672,76.98999786376953,27.010000228881836,26.709999084472656,89.6988525390625,629.7830200195312,20.700000762939453,125.38691711425781,50.85686492919922,114.71428680419922,52.215171813964844,53.60435485839844,171.80914306640625,140.6227569580078,86.27776336669922,41.0022087097168,42.46364974975586,155.77847290039062,117.26100158691406,144.536376953125
2026-02-09,50.83000183105469,119.82923889160156,48.08198928833008,29.079999923706055,18.309999465942383,15.550000190734863,18.389999389648438,38.120933532714844,68.16078186035156,88.72847747802734,17.420000076293945,36.77000045776367,25.75,495.9775695800781,,17.165891647338867,467.0299987792969,179.5675048828125,174.20884704589844,40.11000061035156,93.5662841796875,85.04405212402344,234.25149536132812,265.08172607421875,66.1279296875,12.610525131225586,72.16065979003906,12.9399995803833,374.0400085449219,56.438323974609375,54.79391098022461,14.399999618530273,60.64306640625,107.98829650878906,612.2349243164062,85.34161376953125,199.98809814453125,80.95397186279297,114.72000122070312,76.04000091552734,99.68000030517578,406.6499938964844,352.15521240234375,688.57177734375,30.61244010925293,107.09752655029297,84.89352416992188,12.170000076293945,78.0199966430664,26.790000915527344,25.809999465942383,90.07806396484375,632.747314453125,20.649999618530273,125.986328125,51.51837158203125,115.82415771484375,52.597591400146484,53.2882194519043,172.3250274658203,142.8347930908203,85.77740478515625,41.2560920715332,42.59099197387695,154.40550231933594,116.82373809814453,144.61537170410156
2026-02-10,50.77000045776367,119.10965728759766,48.32734680175781,29.1299991607666,18.50200080871582,15.4399995803833,18.514999389648438,38.34082794189453,68.64950561523438,87.93119049072266,17.459999084472656,36.33000183105469,25.729999542236328,496.65045166015625,,16.25460433959961,462.3999938964844,173.9513702392578,171.9010009765625,38.970001220703125,93.97526550292969,85.39398956298828,232.62557983398438,264.3666076660156,65.55760192871094,12.68368148803711,71.39403533935547,12.845000267028809,368.3999938964844,55.96933364868164,55.163265228271484,14.34000015258789,61.2304801940918,107.7818832397461,609.3945922851562,86.73579406738281,200.69960021972656,81.00281524658203,115.77999877929688,73.41000366210938,100.0,404.760009765625,350.8175354003906,686.7559204101562,30.767635345458984,107.31990814208984,85.87321472167969,12.130000114440918,78.02999877929688,26.799999237060547,26.34000015258789,91.28376770019531,630.9727172851562,20.670000076293945,125.21707916259766,52.23911666870117,116.5178451538086,52.53875732421875,52.90293502807617,172.5333709716797,142.0376739501953,85.50270080566406,41.832210540771484,43.2962760925293,153.42762756347656,117.59891510009766,143.75648498535156
2026-02-11,50.54999923706055,120.27896881103516,48.60653305053711,28.739999771118164,18.104999542236328,15.800000190734863,18.149999618530273,38.10094451904297,67.44267272949219,89.81478881835938,17.450000762939453,36.79999923706055,25.81999969482422,496.08636474609375,,15.779150009155273,467.6300048828125,169.67242431640625,172.5404052734375,38.290000915527344,93.71234893798828,83.21440124511719,230.37124633789062,263.1647644042969,64.63329315185547,12.637957572937012,70.5782699584961,13.460000038146973,381.4700012207031,54.442623138427734,55.542598724365234,14.489999771118164,60.32447052001953,108.41097259521484,611.0289916992188,87.80368041992188,201.0553436279297,80.92466735839844,113.06999969482422,76.55999755859375,102.45999908447266,414.7799987792969,359.5722961425781,686.5972290039062,30.990732192993164,107.14585876464844,85.41731262207031,12.319999694824219,78.88999938964844,26.829999923706055,26.239999771118164,90.77816009521484,630.8834228515625,20.8799991607666,124.52776336669922,52.94010925292969,115.68543243408203,53.91154479980469,52.10272216796875,173.45599365234375,142.45616149902344,86.72907257080078,41.79315185546875,43.67829513549805,154.3363494873047,117.03244018554688,147.15248107910156
2026-02-12,49.209999084472656,117.2007827758789,48.394737243652344,27.850000381469727,17.549999237060547,15.3100004196167,17.649999618530273,37.94102478027344,64.92929077148438,86.85485076904297,17.6200008392334,35.5099983215332,25.889999389648438,489.49603271484375,,15.472084999084473,451.3900146484375,165.452880859375,170.48231506347656,37.04999923706055,94.28684997558594,80.94482421875,231.94728088378906,257.7912292480469,63.63030242919922,12.628812789916992,69.48731231689453,12.609999656677246,373.8800048828125,52.5367317199707,54.53437042236328,14.15999984741211,59.72710037231445,108.42080688476562,598.601318359375,87.09175872802734,198.41688537597656,81.00281524658203,111.44999694824219,67.7300033569336,99.76000213623047,406.1099853515625,350.8874206542969,675.9901123046875,31.94130516052246,107.5713119506836,86.55220794677734,12.430000305175781,76.37999725341797,26.81999969482422,27.899999618530273,90.67118835449219,621.1082153320312,21.34000015258789,123.0592041015625,52.160133361816406,113.60440063476562,52.93097686767578,51.065406799316406,171.38255310058594,138.70968627929688,87.52376556396484,41.86150360107422,44.32480239868164,154.08941650390625,115.4124984741211,142.7791748046875
2026-02-13,49.45000076293945,119.0696792602539,49.39594268798828,28.360000610351562,17.22100067138672,15.4399995803833,17.239999771118164,38.32083511352539,66.65474700927734,87.64217376708984,17.649999618530273,35.560001373291016,25.790000915527344,490.0996398925781,,16.52204704284668,462.6199951171875,167.69142150878906,172.34059143066406,38.970001220703125,94.65686798095703,82.75447845458984,234.2814178466797,261.1881408691406,64.00396728515625,12.619669914245605,70.05736541748047,12.8100004196167,381.32000732421875,52.61655807495117,55.02350997924805,14.170000076293945,59.737056732177734,109.29563903808594,599.876953125,88.04098510742188,200.47230529785156,81.12979125976562,114.26000213623047,69.72000122070312,98.69999694824219,407.7200012207031,354.0419006347656,676.46630859375,32.29050064086914,107.7066879272461,87.02750396728516,12.4399995803833,76.22000122070312,26.81999969482422,28.309999465942383,91.97412872314453,621.5048217773438,20.979999542236328,122.73951721191406,52.6340446472168,113.5449447631836,53.29378890991211,51.02589797973633,172.79132080078125,139.0583953857422,87.8180923461914,42.4766845703125,45.54924392700195,155.7389678955078,115.46219635009766,145.9974365234375
2026-02-17,48.970001220703125,118.37010192871094,49.472957611083984,28.93000030517578,17.420000076293945,15.289999961853027,17.43000030517578,38.6006965637207,65.36813354492188,84.49287414550781,17.450000762939453,34.939998626708984,25.709999084472656,490.6636962890625,,16.115930557250977,448.20001220703125,167.6418914794922,173.85919189453125,38.38999938964844,94.64712524414062,80.94482421875,237.57315063476562,261.26763916015625,64.279296875,12.546510696411133,70.3030776977539,13.039999961853027,375.5799865722656,52.716346740722656,54.684104919433594,14.029999732971191,60.503684997558594,109.747802734375,599.259033203125,89.1385269165039,200.12643432617188,81.10049438476562,112.06999969482422,66.37000274658203,97.95999908447266,407.510009765625,353.48291015625,677.5578002929688,32.28079605102539,107.5519790649414,87.17300415039062,11.899999618530273,75.7300033569336,26.90999984741211,27.299999237060547,92.8492431640625,622.5953369140625,20.770000457763672,124.50777435302734,52.031776428222656,113.36656188964844,52.70545196533203,51.56924819946289,173.69410705566406,138.97869873046875,86.53285217285156,42.906333923339844,45.431697845458984,155.44264221191406,115.32306671142578,143.539306640625
2026-02-18,49.54999923706055,118.78984832763672,49.63661575317383,29.65999984741211,17.433000564575195,15.529999732971191,17.799999237060547,38.34082794189453,65.75711059570312,86.36650848388672,17.440000534057617,35.58000183105469,25.84000015258789,491.8016662597656,,15.660286903381348,458.2799987792969,171.2671356201172,174.59849548339844,37.540000915527344,94.45240020751953,81.98462677001953,239.7177734375,262.2112121582031,64.23995971679688,12.583090782165527,70.1556396484375,13.729999542236328,385.1099853515625,53.82395553588867,54.694087982177734,14.40999984741211,61.26034927368164,109.3546142578125,603.7338256835938,87.90255737304688,201.16404724121094,81.0516586303711,113.44000244140625,70.08999633789062,98.6500015258789,412.54998779296875,357.2962646484375,680.9711303710938,31.795808792114258,107.48429870605469,86.84320831298828,11.869999885559082,79.4000015258789,27.079999923706055,27.3700008392334,91.76021575927734,625.7282104492188,21.139999389648438,125.47682189941406,52.347721099853516,113.55485534667969,53.71543502807617,51.95453643798828,173.6544189453125,140.40354919433594,86.3758773803711,42.3302116394043,44.67744064331055,155.7389678955078,116.2969970703125,146.1553955078125
2026-02-19,49.40999984741211,120.58879089355469,49.588478088378906,29.8700008392334,17.30500030517578,15.5,17.90999984741211,38.62068557739258,65.7371597290039,85.82833862304688,17.489999771118164,35.540000915527344,25.899999618530273,489.2090759277344,,15.73952865600586,459.55999755859375,169.58328247070312,174.8682403564453,38.06999969482422,94.54003143310547,81.7646713256836,242.87982177734375,262.8171081542969,63.83680725097656,12.473355293273926,69.7723388671875,13.100000381469727,391.69000244140625,54.00356674194336,55.193214416503906,14.529999732971191,60.95171356201172,109.05972290039062,601.4216918945312,87.56636810302734,200.73910522460938,81.0516586303711,113.30000305175781,71.01000213623047,98.37999725341797,410.20001220703125,355.2198791503906,679.1751708984375,31.815210342407227,107.5713119506836,86.9305191040039,11.800000190734863,81.19000244140625,27.1200008392334,28.049999237060547,91.56575012207031,624.1221313476562,21.81999969482422,126.61570739746094,52.160133361816406,114.09989166259766,54.107662200927734,51.51985168457031,174.94412231445312,139.70608520507812,86.01287078857422,42.18374252319336,45.16721725463867,155.333984375,115.5218276977539,149.4230499267578
2026-02-20,49.880001068115234,121.85803985595703,49.85803985595703,28.809999465942383,17.399999618530273,15.640000343322754,17.902999877929688,39.00049591064453,63.7324333190918,88.78826904296875,17.6200008392334,36.16999816894531,26.030000686645508,491.500732421875,,15.927729606628418,468.6199951171875,170.40538024902344,174.2288360595703,38.41999816894531,94.54003143310547,80.76485443115234,243.03941345214844,262.8270263671875,64.42678833007812,12.44591999053955,70.66673278808594,12.75,389.54998779296875,55.0612907409668,55.542598724365234,14.640000343322754,61.19065475463867,108.49943542480469,606.74365234375,87.89266204833984,201.67787170410156,81.06141662597656,111.43000030517578,76.62000274658203,99.22000122070312,415.0299987792969,358.8035888671875,684.0868530273438,32.09650421142578,107.51329803466797,86.726806640625,12.010000228881836,80.8499984741211,27.09000015258789,27.399999618530273,92.25611114501953,628.5735473632812,22.170000076293945,124.65763092041016,52.28847885131836,115.7448959350586,53.81349182128906,51.85574722290039,175.82708740234375,140.37367248535156,86.22871398925781,42.535274505615234,45.382720947265625,154.8993682861328,116.72434997558594,149.91664123535156
2026-02-23,48.529998779296875,119.08967590332031,49.7810173034668,28.729999542236328,16.704999923706055,15.829999923706055,17.469999313354492,38.56071853637695,61.10932922363281,90.54231262207031,17.6200008392334,35.68000030517578,25.969999313354492,483.5052490234375,,15.03625202178955,481.2799987792969,165.61138916015625,174.9381866455078,36.54999923706055,94.8808364868164,76.92558288574219,240.65541076660156,258.73480224609375,61.62434387207031,12.222184181213379,67.56092834472656,13.239999771118164,392.54998779296875,53.41483688354492,54.76396560668945,14.710000038146973,59.62753677368164,109.01058197021484,599.36865234375,88.27828216552734,199.46437072753906,81.12979125976562,105.69000244140625,80.56999969482422,99.83000183105469,412.8800048828125,356.19818115234375,677.1013793945312,32.09165573120117,107.60999298095703,87.04689025878906,11.739999771118164,80.9000015258789,27.09000015258789,28.469999313354492,92.2658462524414,622.2384643554688,21.90999984741211,126.8454818725586,52.28847885131836,114.3178939819336,54.0782470703125,50.117008209228516,173.4460906982422,138.02215576171875,87.28829193115234,42.58409881591797,45.725563049316406,156.59829711914062,114.27954864501953,147.5769805908203
2026-02-24,49.4900016784668,119.95915985107422,49.6558723449707,29.510000228881836,16.764999389648438,16.239999771118164,17.75,38.99049758911133,61.41851806640625,93.05377960205078,17.59000015258789,36.29999923706055,26.010000228881836,487.2503967285156,,15.006534576416016,474.6099853515625,167.97865295410156,176.197021484375,36.529998779296875,94.86135864257812,78.39530181884766,242.5007781982422,261.5556335449219,61.65384292602539,12.249920845031738,67.49212646484375,14.149999618530273,400.8999938964844,54.19316101074219,55.55258560180664,14.699999809265137,60.32447052001953,108.92211151123047,605.8067626953125,88.35739135742188,201.0553436279297,81.12979125976562,108.0,79.08000183105469,99.83000183105469,419.1600036621094,361.4090576171875,682.0228881835938,32.484493255615234,107.62933349609375,87.20211029052734,11.460000038146973,80.76000213623047,27.110000610351562,27.579999923706055,92.49919891357422,626.779052734375,21.8700008392334,129.03334045410156,52.68341064453125,115.11067962646484,54.029212951660156,50.363990783691406,175.5790557861328,139.815673828125,88.04373931884766,42.70127487182617,46.23493576049805,155.9365234375,116.01873779296875,147.6460723876953
2026-02-25,50.54999923706055,118.91976928710938,49.415199279785156,29.239999771118164,16.889999389648438,16.559999465942383,18.200000762939453,39.640174865722656,62.54555130004883,94.73805236816406,17.700000762939453,36.779998779296875,26.1200008392334,490.25238037109375,,16.769681930541992,473.4200134277344,171.69305419921875,175.13800048828125,39.22999954223633,94.78345489501953,80.8348388671875,240.6155242919922,262.7972106933594,62.72565841674805,12.296146392822266,68.67155456542969,14.609999656677246,398.0299987792969,53.913761138916016,54.97359848022461,14.710000038146973,60.35433578491211,108.32249450683594,614.5868530273438,88.21896362304688,201.1739044189453,81.11026763916016,109.93000030517578,80.04000091552734,101.68000030517578,426.1600036621094,367.3586730957031,687.7780151367188,32.49419403076172,107.72602081298828,87.21182250976562,11.600000381469727,79.7300033569336,27.079999923706055,26.540000915527344,92.24639892578125,632.053466796875,21.75,128.15420532226562,52.387210845947266,115.44760131835938,53.803688049316406,51.24323272705078,174.20999145507812,142.49600219726562,87.32754516601562,42.4180908203125,46.391658782958984,155.89700317382812,116.36656951904297,146.4910430908203
2026-02-26,50.52000045776367,119.7692642211914,49.8676643371582,30.559999465942383,17.43000030517578,16.209999084472656,18.59000015258789,39.480255126953125,63.702510833740234,94.13011932373047,17.739999771118164,36.72999954223633,26.049999237060547,490.2919921875,,16.363561630249023,477.4800109863281,174.97158813476562,173.7193145751953,38.2599983215332,95.03662872314453,82.58451080322266,242.2115020751953,264.1977233886719,63.15831756591797,12.333127975463867,69.18263244628906,14.40999984741211,395.5,55.51032638549805,55.23314666748047,14.720000267028809,61.80794143676758,107.63442993164062,607.1721801757812,88.90122985839844,202.310302734375,81.13956451416016,111.4000015258789,80.44999694824219,100.77999877929688,412.010009765625,356.1781921386719,683.957763671875,32.29050064086914,108.01609802246094,87.56099700927734,11.380000114440918,79.7699966430664,27.100000381469727,26.809999465942383,92.87841033935547,628.504150390625,21.920000076293945,127.54479217529297,52.327972412109375,115.66561126708984,53.98019027709961,51.865623474121094,175.30126953125,140.50320434570312,87.18037414550781,42.6036262512207,46.21533966064453,155.4920196533203,116.32682037353516,147.8731231689453
2026-02-27,50.2599983215332,118.12024688720703,50.09870910644531,29.979999542236328,17.110000610351562,16.260000228881836,18.332000732421875,39.00049591064453,62.74502944946289,95.37588500976562,17.889999389648438,36.880001068115234,26.020000457763672,485.1399841308594,,15.541422843933105,483.75,169.06822204589844,175.20791625976562,37.189998626708984,95.4163818359375,81.5547103881836,243.1092529296875,259.6485900878906,60.031375885009766,12.083504676818848,65.62472534179688,14.020000457763672,396.9700012207031,55.58017349243164,54.99356460571289,14.920000076293945,61.38977813720703,109.79694366455078,605.228759765625,88.56503295898438,202.5474853515625,81.24700927734375,109.6500015258789,84.98999786376953,101.08000183105469,406.3699951171875,351.6760559082031,680.6734619140625,32.63483810424805,108.18048095703125,88.09449005126953,11.520000457763672,81.94999694824219,27.079999923706055,27.860000610351562,93.0437240600586,625.6190795898438,22.56999969482422,127.2450942993164,52.73277282714844,116.98360443115234,54.83327865600586,50.80855178833008,175.73780822753906,138.2612762451172,88.30863952636719,42.808685302734375,46.754093170166016,158.2379608154297,116.13799285888672,151.75283813476562
2026-03-02,50.060001373291016,119.39949035644531,50.714839935302734,29.90999984741211,16.94499969482422,16.200000762939453,18.239999771118164,38.1709098815918,63.23374557495117,93.28299713134766,17.829999923706055,36.38999938964844,25.989999771118164,484.6643981933594,,16.452709197998047,490.0,170.3558807373047,173.75927734375,39.19499969482422,94.8431396484375,82.75447845458984,249.95205688476562,262.03240966796875,60.85736083984375,12.203693389892578,66.59774017333984,14.0600004196167,395.42999267578125,55.0612907409668,55.2730712890625,15.359999656677246,60.62315368652344,108.39130401611328,606.0260009765625,89.0989761352539,202.17196655273438,81.10304260253906,110.41999816894531,81.56999969482422,100.54000091552734,406.3900146484375,351.43646240234375,681.0604248046875,32.591190338134766,107.8807373046875,87.20984649658203,12.0,87.19000244140625,27.329999923706055,28.219999313354492,93.27708435058594,625.8570556640625,21.989999771118164,126.42589569091797,52.57480239868164,116.80522155761719,55.9315185546875,50.68012237548828,177.48387145996094,139.03848266601562,87.03321075439453,42.886802673339844,46.40145492553711,156.5884246826172,114.7068862915039,157.51809692382812
2026-03-03,48.810001373291016,117.0508804321289,50.56080627441406,29.06999969482422,16.579999923706055,15.140000343322754,18.104999542236328,36.88155746459961,63.742408752441406,86.72528076171875,17.889999389648438,35.599998474121094,26.020000457763672,481.0382080078125,,15.967728614807129,468.1400146484375,169.54367065429688,169.9428253173828,38.70000076293945,94.73573303222656,84.10423278808594,244.36607360839844,257.4931945800781,60.48369598388672,12.129733085632324,66.1456298828125,12.760000228881836,384.55999755859375,54.432647705078125,54.165016174316406,15.420000076293945,60.10543441772461,106.73011016845703,599.5381469726562,88.4068374633789,199.69163513183594,81.09325408935547,109.87000274658203,74.68000030517578,95.63999938964844,391.05999755859375,334.19659423828125,675.057373046875,31.873411178588867,107.81304931640625,87.03466796875,12.279999732971191,90.19999694824219,27.459999084472656,29.530000686645508,92.78118133544922,620.3447875976562,21.850000381469727,123.3788833618164,51.281410217285156,116.89441680908203,55.4216194152832,50.591209411621094,174.05125427246094,137.0058135986328,86.08155059814453,42.67197799682617,46.10758972167969,154.8203582763672,113.6534423828125,156.9553985595703
2026-03-04,49.91999816894531,117.890380859375,50.657073974609375,29.510000228881836,16.75,15.489999771118164,18.610000610351562,37.11144256591797,64.49044799804688,87.8614273071289,17.790000915527344,35.970001220703125,26.1200008392334,483.2377014160156,,17.3859806060791,471.79998779296875,171.6435089111328,172.81015014648438,41.439998626708984,94.54042053222656,85.63394927978516,246.35110473632812,259.9962463378906,60.79835891723633,12.194448471069336,66.34220123291016,12.930000305175781,383.2300109863281,55.191009521484375,54.18497848510742,15.5600004196167,60.31451416015625,106.98567962646484,608.6770629882812,88.5749282836914,200.4920654296875,81.04428100585938,111.58999633789062,75.33999633789062,95.80000305175781,399.1000061035156,340.9447937011719,679.8201904296875,32.038307189941406,107.5713119506836,86.76216125488281,11.779999732971191,91.55999755859375,27.40999984741211,28.530000686645508,92.89785766601562,624.7665405273438,21.790000915527344,126.2960205078125,51.261661529541016,117.71691131591797,55.0980339050293,50.877708435058594,174.57705688476562,139.33740234375,85.51251220703125,42.73056411743164,46.30350112915039,155.12657165527344,115.6708984375,158.71263122558594
2026-03-05,49.650001525878906,113.41302490234375,50.695579528808594,28.780000686645508,16.8700008392334,14.850000381469727,18.549999237060547,36.56171798706055,65.61747741699219,82.02127838134766,18.190000534057617,35.58000183105469,26.40999984741211,475.4106140136719,,16.900005340576172,466.1300048828125,168.88002014160156,168.51412963867188,40.38999938964844,94.24744415283203,87.60357666015625,239.43846130371094,255.02993774414062,59.933048248291016,12.120487213134766,65.45763397216797,12.430000305175781,378.6300048828125,55.74980545043945,52.93217849731445,15.800000190734863,60.16516876220703,104.51844024658203,606.84326171875,87.93221282958984,198.16983032226562,80.98551940917969,113.5,74.2699966430664,93.18000030517578,395.3500061035156,337.17138671875,676.0297241210938,31.51757049560547,107.54230499267578,86.41180419921875,12.050000190734863,96.30999755859375,27.479999542236328,30.350000381469727,91.96440887451172,621.4254760742188,22.350000381469727,123.77849578857422,50.185489654541016,117.37007904052734,55.38240051269531,50.61096954345703,170.697998046875,139.67617797851562,83.79559326171875,42.32044982910156,45.94106674194336,152.0250244140625,115.82991027832031,161.72360229492188
2026-03-06,49.099998474121094,110.34484100341797,50.6378173828125,28.1200008392334,16.899999618530273,14.600000381469727,18.304000854492188,36.07196044921875,65.82691955566406,79.67922973632812,18.520000457763672,35.630001068115234,26.709999084472656,470.84320068359375,,15.977643966674805,473.510009765625,167.02780151367188,167.4051513671875,38.599998474121094,94.18885040283203,87.9535140991211,241.5930633544922,249.19947814941406,58.556400299072266,11.917093276977539,63.796627044677734,12.390000343322754,373.3299865722656,54.78189468383789,51.489707946777344,16.3799991607666,59.040122985839844,104.13508605957031,597.7142944335938,87.50704193115234,195.80807495117188,81.02470397949219,113.16999816894531,75.94000244140625,91.25,380.55999755859375,322.94622802734375,667.1688842773438,31.28309440612793,107.745361328125,86.09063720703125,12.75,108.7699966430664,27.469999313354492,34.45000076293945,90.96289825439453,613.117431640625,23.610000610351562,123.8783950805664,49.227787017822266,116.39892578125,55.47064971923828,49.958946228027344,168.59478759765625,136.7965545654297,84.1585922241211,41.88103485107422,45.784339904785156,150.82984924316406,113.73294830322266,162.0296173095703
2026-03-09,49.83000183105469,113.04324340820312,50.339385986328125,28.809999465942383,17.000999450683594,15.119999885559082,18.3799991607666,36.07196044921875,66.10618591308594,81.96147155761719,18.200000762939453,35.900001525878906,26.549999237060547,473.46868896484375,,16.43386459350586,472.5299987792969,166.9386444091797,171.13169860839844,39.130001068115234,94.4818115234375,87.69355773925781,241.38357543945312,251.9110870361328,58.42856979370117,11.861621856689453,63.639366149902344,12.720000267028809,379.1199951171875,54.69208526611328,52.10862350463867,16.190000534057617,59.498104095458984,105.31463623046875,605.6971435546875,87.78389739990234,196.3614959716797,81.0638656616211,113.66999816894531,78.26000213623047,91.98999786376953,394.3699951171875,335.7837829589844,673.0133056640625,31.615270614624023,107.9194107055664,86.84001159667969,12.3100004196167,104.33000183105469,27.459999084472656,31.170000076293945,91.1670913696289,618.4413452148438,22.979999542236328,126.9953384399414,49.35614013671875,116.4980239868164,55.22550582885742,49.72184371948242,169.58688354492188,139.2576904296875,84.34500122070312,41.96891403198242,45.892086029052734,152.37071228027344,113.88201904296875,159.7491912841797
2026-03-10,49.66999816894531,112.1937484741211,49.9254264831543,27.93000030517578,16.864999771118164,15.25,18.23200035095215,36.261863708496094,65.60749816894531,82.77869415283203,18.270000457763672,36.08000183105469,26.610000610351562,473.2904052734375,,16.443784713745117,477.8599853515625,165.17555236816406,172.11080932617188,39.709999084472656,94.17909240722656,85.63394927978516,239.1192626953125,251.65284729003906,58.34007263183594,11.944828033447266,63.609886169433594,12.954999923706055,382.260009765625,54.57234573364258,51.978851318359375,16.440000534057617,58.91069030761719,104.68553924560547,605.7071533203125,87.63558197021484,194.88906860351562,81.0149154663086,112.36000061035156,80.08999633789062,92.66000366210938,397.3299865722656,338.2195129394531,671.9317626953125,31.732507705688477,107.5616455078125,85.91545867919922,12.270000457763672,105.86000061035156,27.450000762939453,32.68000030517578,91.03096008300781,617.3705444335938,22.729999542236328,127.3050308227539,49.24753189086914,116.31964874267578,54.51949691772461,49.45510482788086,168.67417907714844,139.2576904296875,84.0997314453125,41.91032791137695,45.60801696777344,151.27432250976562,113.73294830322266,156.96527099609375
2026-03-11,49.91999816894531,112.17375183105469,50.45491027832031,27.670000076293945,16.801000595092773,15.350000381469727,18.459999084472656,36.281856536865234,65.5875473022461,82.01130676269531,18.520000457763672,36.119998931884766,26.700000762939453,470.4270324707031,,16.771072387695312,476.239990234375,163.91763305664062,170.71209716796875,40.06999969482422,93.7493896484375,85.72392272949219,238.0818634033203,251.1462860107422,57.681251525878906,11.870867729187012,62.88257598876953,13.140000343322754,385.0199890136719,54.32288360595703,51.889007568359375,16.760000228881836,58.74143600463867,104.23339080810547,605.62744140625,86.33039093017578,194.2467803955078,80.93653869628906,113.3499984741211,77.91000366210938,92.9800033569336,401.0299987792969,341.4938049316406,671.08837890625,31.712968826293945,107.39726257324219,84.80599975585938,12.880000114440918,108.05000305175781,27.549999237060547,31.190000534057617,90.0877914428711,616.6865844726562,22.850000381469727,126.25605773925781,49.208038330078125,115.94308471679688,55.8726806640625,49.04018020629883,168.14837646484375,139.92527770996094,82.99108123779297,41.41232681274414,45.22598648071289,150.97799682617188,113.43479919433594,162.58245849609375
2026-03-12,48.59000015258789,109.20550537109375,50.11796951293945,26.170000076293945,16.23200035095215,14.960000038146973,18.315000534057617,35.57221221923828,65.1287612915039,79.46994018554688,18.59000015258789,35.56999969482422,26.75,463.16473388671875,,16.72148323059082,466.8800048828125,159.84669494628906,166.0763702392578,39.95000076293945,93.44667053222656,84.97406768798828,230.90989685058594,245.74293518066406,57.101097106933594,11.658226013183594,62.37149429321289,12.630000114440918,372.4700012207031,52.97578430175781,50.411598205566406,17.209999084472656,57.138492584228516,102.89655303955078,595.2328491210938,86.24140167236328,191.24269104003906,80.79942321777344,111.72000122070312,76.4800033569336,90.22000122070312,388.1300048828125,329.61456298828125,660.89794921875,31.43941307067871,107.26190185546875,84.64054870605469,13.039999961853027,118.38999938964844,27.68000030517578,33.31999969482422,89.46548461914062,607.2384033203125,22.920000076293945,122.499755859375,49.05006790161133,114.22870635986328,56.39237976074219,48.23997116088867,163.93199157714844,137.34457397460938,82.65751647949219,41.14867401123047,45.54924392700195,148.32095336914062,110.83098602294922,164.5766143798828
2026-03-13,48.349998474121094,108.49592590332031,50.26237106323242,26.360000610351562,16.100000381469727,14.640000343322754,18.104999542236328,34.812591552734375,64.97915649414062,76.13128662109375,18.670000076293945,34.81999969482422,26.75,462.1046142578125,,16.969432830810547,460.8399963378906,160.45089721679688,165.35704040527344,40.369998931884766,93.3490219116211,84.1742172241211,228.76528930664062,244.92845153808594,56.85526657104492,11.55652904510498,62.02750015258789,12.390000343322754,371.1300048828125,53.32503128051758,50.08217239379883,17.1299991607666,57.16836166381836,102.5820083618164,591.7047729492188,86.20185089111328,191.23281860351562,80.84839630126953,111.6500015258789,72.69000244140625,88.27999877929688,387.3299865722656,330.74261474609375,657.1571655273438,31.497051239013672,107.0491714477539,84.22207641601562,12.640000343322754,119.88999938964844,27.889999389648438,33.880001068115234,89.61133575439453,603.8577270507812,23.43000030517578,121.71052551269531,48.566280364990234,113.4161148071289,56.57868957519531,48.29924392700195,163.34666442871094,136.30833435058594,83.13825225830078,41.2560920715332,45.99983596801758,147.95545959472656,110.17506408691406,165.7415008544922
2026-03-16,49.34000015258789,110.46475982666016,50.358638763427734,26.549999237060547,16.264999389648438,14.9399995803833,18.100000381469727,35.372310638427734,64.33085632324219,78.39360046386719,18.260000228881836,35.689998626708984,26.450000762939453,465.9586486816406,,18.824066162109375,460.42999267578125,162.00596618652344,166.98553466796875,41.939998626708984,93.76893615722656,84.93407440185547,232.22657775878906,247.2427520751953,57.189598083496094,11.593509674072266,62.37149429321289,12.449999809265137,372.57000732421875,54.15324783325195,50.59128189086914,16.899999618530273,57.92503356933594,103.43718719482422,598.3422241210938,86.65669250488281,192.6558074951172,80.94633483886719,112.55999755859375,73.22000122070312,89.62999725341797,393.9200134277344,337.2412109375,663.844970703125,31.820436477661133,107.3875961303711,84.8741226196289,12.210000038146973,115.02999877929688,27.729999542236328,31.329999923706055,90.36004638671875,609.9052124023438,22.850000381469727,123.78849029541016,48.773624420166016,114.28816986083984,56.77480697631836,48.704288482666016,164.74549865722656,138.28121948242188,83.37371826171875,41.57832717895508,46.293701171875,149.1605224609375,111.50678253173828,165.2281494140625
2026-03-17,49.58000183105469,111.32425689697266,50.695579528808594,27.200000762939453,16.527999877929688,14.989999771118164,18.190000534057617,35.3623161315918,64.79962158203125,77.6461410522461,18.329999923706055,35.209999084472656,26.6200008392334,466.55316162109375,,18.744722366333008,459.2699890136719,164.09783935546875,167.13751220703125,42.27000045776367,93.93495178222656,85.51396942138672,232.46713256835938,248.80694580078125,57.248592376708984,11.750678062438965,62.36166763305664,12.510000228881836,385.6300048828125,54.77191162109375,50.780948638916016,17.170000076293945,58.58213806152344,102.44438934326172,601.2622680664062,87.12141418457031,193.73291015625,80.95614624023438,113.48999786376953,71.66000366210938,90.41999816894531,396.8800048828125,339.8663024902344,665.5912475585938,31.839977264404297,107.76470184326172,85.10770416259766,12.199999809265137,118.83999633789062,27.68000030517578,30.8799991607666,90.75869750976562,611.5906982421875,22.610000610351562,124.0682144165039,48.89209747314453,114.32780456542969,57.372947692871094,48.961151123046875,165.18202209472656,139.03848266601562,83.09900665283203,41.715030670166016,46.16636276245117,147.80731201171875,112.48072814941406,167.9034881591797
2026-03-18,48.869998931884766,110.24488830566406,50.55117416381836,26.34000015258789,16.20400047302246,14.40999984741211,17.940000534057617,34.83258056640625,64.7896499633789,74.67623138427734,18.6299991607666,33.650001525878906,26.90999984741211,458.7260437011719,,17.653759002685547,444.739990234375,162.5063018798828,163.7481689453125,40.2599983215332,93.50526428222656,84.32418823242188,230.99986267089844,244.79698181152344,56.58977508544922,11.667471885681152,61.545902252197266,11.989999771118164,383.3800048828125,53.48468780517578,50.22193145751953,17.459999084472656,57.52678298950195,100.45880126953125,592.8807983398438,85.64813995361328,191.1833953857422,80.80923461914062,113.26000213623047,68.69999694824219,88.55999755859375,393.6700134277344,337.90850830078125,656.3037719726562,31.468721389770508,107.5616455078125,84.63081359863281,12.670000076293945,121.66999816894531,27.850000381469727,33.59000015258789,89.4168701171875,603.15380859375,23.209999084472656,120.9912338256836,47.86528396606445,112.63325500488281,57.29450225830078,48.37828063964844,163.87246704101562,137.4641571044922,81.07794189453125,41.031497955322266,45.774539947509766,145.33792114257812,109.88685607910156,171.14149475097656
2026-03-19,48.79999923706055,111.12437438964844,51.08066177368164,26.700000762939453,16.152000427246094,14.210000038146973,18.290000915527344,34.86256790161133,65.05894470214844,72.1348648071289,18.829999923706055,33.720001220703125,26.969999313354492,456.8039855957031,,17.286800384521484,426.4100036621094,162.7450408935547,164.4280548095703,39.81999969482422,93.49549865722656,84.44416809082031,226.89752197265625,246.39898681640625,56.9732666015625,11.769169807434082,62.10612869262695,11.550000190734863,392.6199951171875,52.65647506713867,49.90249252319336,17.219999313354492,57.83543014526367,100.26220703125,591.0072021484375,84.89665985107422,191.03518676757812,80.78963470458984,113.62999725341797,65.68000030517578,87.72000122070312,394.9200134277344,339.81634521484375,654.6864013671875,31.351484298706055,107.43594360351562,85.14662170410156,12.5600004196167,117.36000061035156,27.579999923706055,32.650001525878906,89.05709075927734,601.5377807617188,23.34000015258789,122.21003723144531,47.13467025756836,112.11795806884766,58.20642852783203,48.39803695678711,162.7613525390625,137.9324493408203,80.42060852050781,40.9338493347168,45.58842849731445,144.81442260742188,109.02223205566406,172.8000030517578
2026-03-20,47.369998931884766,107.63642883300781,50.88812255859375,26.049999237060547,15.854999542236328,13.739999771118164,17.764999389648438,33.58320236206055,63.862091064453125,68.8460464477539,18.799999237060547,32.349998474121094,26.850000381469727,452.6575927734375,,17.227293014526367,413.3800048828125,162.77488708496094,161.6185760498047,39.77000045776367,92.6556625366211,82.97444152832031,222.1463623046875,241.01588439941406,56.884765625,11.417852401733398,61.95869827270508,11.020000457763672,386.9700012207031,51.34928894042969,48.93418884277344,17.329999923706055,56.760154724121094,99.01384735107422,580.0844116210938,81.8215560913086,188.22872924804688,80.61334991455078,111.44000244140625,61.52000045776367,85.70999908447266,384.739990234375,332.1350402832031,645.301025390625,30.364728927612305,106.57537841796875,83.53108215332031,12.390000343322754,121.43000030517578,27.68000030517578,34.970001220703125,86.29564666748047,592.8034057617188,22.850000381469727,120.19200897216797,46.384307861328125,111.21617126464844,58.15740203857422,48.4869499206543,160.39024353027344,134.8037567138672,79.75346374511719,39.63513946533203,43.7370719909668,143.55010986328125,107.0743408203125,174.85337829589844
2026-03-23,48.52000045776367,110.38481140136719,51.1287956237793,26.6299991607666,16.2810001373291,14.430000305175781,18.3799991607666,34.22288513183594,64.82954406738281,73.30091094970703,18.510000228881836,33.529998779296875,26.84000015258789,458.6944885253906,,17.395898818969727,404.0400085449219,164.78419494628906,162.65838623046875,40.04999923706055,92.94862365722656,84.4241714477539,222.93490600585938,246.21987915039062,57.8303108215332,11.649913787841797,63.07972717285156,11.819999694824219,398.8500061035156,52.766239166259766,50.112125396728516,16.59000015258789,58.40742492675781,99.21043395996094,586.7431640625,82.20718383789062,190.2353973388672,80.73088073730469,113.86000061035156,62.470001220703125,88.48999786376953,391.3599853515625,336.21044921875,652.07666015625,30.60897445678711,106.5463638305664,84.07608795166016,11.729999542236328,110.55999755859375,27.559999465942383,33.13999938964844,86.96656036376953,599.2377319335938,22.68000030517578,121.58065032958984,47.15585708618164,112.04825592041016,58.853214263916016,48.92485809326172,162.2138671875,136.62744140625,80.0938491821289,39.9310302734375,44.171085357666016,143.58482360839844,109.65948486328125,173.32598876953125
2026-03-24,47.61000061035156,112.1937484741211,51.53312683105469,26.635000228881836,15.85200023651123,14.510000228881836,18.239999771118164,33.803096771240234,62.914581298828125,72.75276947021484,18.510000228881836,33.349998474121094,26.889999389648438,457.9001770019531,,17.07852554321289,404.1300048828125,162.88429260253906,161.60858154296875,39.279998779296875,92.63612365722656,80.80484771728516,222.2261962890625,247.5432586669922,58.2556037902832,11.546982765197754,63.60365676879883,12.460000038146973,406.70001220703125,52.087703704833984,50.880775451660156,16.8799991607666,58.37748718261719,99.52498626708984,582.731689453125,82.03909301757812,190.46365356445312,80.61334991455078,110.62999725341797,62.95000076293945,89.08000183105469,394.5899963378906,340.63543701171875,649.8877563476562,30.286569595336914,106.19827270507812,83.70626831054688,11.729999542236328,114.54000091552734,27.649999618530273,33.84000015258789,86.39263916015625,597.205322265625,22.700000762939453,119.42276763916016,48.048397064208984,110.4775390625,60.047454833984375,48.93478775024414,163.1589813232422,135.82933044433594,80.02478790283203,39.606632232666016,44.47686767578125,143.60464477539062,109.22132110595703,178.64857482910156
2026-03-25,47.900001525878906,113.45299530029297,51.37909698486328,26.860000610351562,16.089000701904297,14.770000457763672,18.190000534057617,34.362815856933594,63.20382308959961,75.38382720947266,18.75,33.790000915527344,26.959999084472656,460.8491516113281,,17.52482795715332,416.2900085449219,163.08323669433594,165.71778869628906,40.16999816894531,93.12439727783203,80.38493347167969,225.4402313232422,250.5681610107422,58.54242706298828,11.715415000915527,63.831024169921875,13.010000228881836,409.1099853515625,53.743263244628906,51.24513626098633,16.829999923706055,58.477264404296875,100.89130401611328,586.5635375976562,82.0094223022461,191.3865966796875,80.70149230957031,111.47000122070312,65.20999908447266,89.9800033569336,399.0199890136719,344.86065673828125,653.5093994140625,30.418460845947266,106.51736450195312,84.51402282714844,11.859999656677246,113.38999938964844,27.700000762939453,33.209999084472656,86.32384490966797,600.4570922851562,22.969999313354492,123.79846954345703,49.00044250488281,110.78572082519531,59.78097152709961,48.99436569213867,164.25335693359375,136.43789672851562,80.41943359375,39.586971282958984,44.63469314575195,145.04278564453125,110.26693725585938,180.01638793945312
2026-03-26,46.40999984741211,109.0199966430664,51.80268478393555,26.510000228881836,16.084999084472656,14.199999809265137,17.65999984741211,33.27336120605469,63.08393096923828,70.64990997314453,18.709999084472656,33.33000183105469,27.110000610351562,456.0533447265625,,16.52312469482422,400.6400146484375,161.6409149169922,165.22787475585938,38.81999969482422,92.37245178222656,79.73505401611328,219.7108917236328,246.2099151611328,58.44352340698242,11.56569766998291,63.73217010498047,12.390000343322754,413.25,52.574275970458984,50.06221389770508,17.020000457763672,57.73893737792969,100.22288513183594,572.5634765625,81.9995346069336,189.63003540039062,80.52520751953125,109.91999816894531,60.77000045776367,88.58999633789062,380.8399963378906,328.4791564941406,641.8385620117188,29.90554428100586,106.1305923461914,83.80357360839844,11.84000015258789,117.26000213623047,27.809999465942383,35.4900016784668,86.20592498779297,589.8093872070312,23.1200008392334,123.77849578857422,48.6830940246582,108.17115783691406,60.718597412109375,48.706398010253906,160.4429931640625,132.18792724609375,80.05438232421875,39.606632232666016,44.71360778808594,144.54685974121094,108.3748779296875,183.68373107910156
2026-03-27,45.470001220703125,109.7699966430664,51.48499298095703,25.010000228881836,15.574000358581543,14.359999656677246,17.350000381469727,32.44377517700195,60.7060432434082,71.36747741699219,18.579999923706055,33.45000076293945,27.170000076293945,448.18951416015625,,16.04707145690918,414.70001220703125,157.44322204589844,160.3788299560547,37.400001525878906,92.3822250366211,76.8755874633789,215.6384735107422,241.89149475097656,57.24676513671875,11.313048362731934,62.64475631713867,12.880000114440918,416.20001220703125,51.09556198120117,49.69285583496094,17.399999618530273,56.21240234375,99.249755859375,561.37744140625,81.32716369628906,187.0299072265625,80.69170379638672,106.0,63.439998626708984,88.16999816894531,374.25,323.1152038574219,630.8939819335938,29.796119689941406,106.04356384277344,83.34617614746094,12.279999732971191,124.19999694824219,27.84000015258789,38.22999954223633,85.49834442138672,579.7765502929688,23.170000076293945,119.47271728515625,48.50458526611328,106.41155242919922,61.74504852294922,47.4750862121582,158.3835906982422,129.61399841308594,80.68582153320312,39.33137893676758,44.97007369995117,142.087158203125,105.23805236816406,186.51846313476562
2026-03-30,44.779998779296875,105.91000366210938,51.273197174072266,24.81999969482422,15.5,14.289999961853027,17.32200050354004,31.974010467529297,60.73601531982422,70.51039123535156,18.290000915527344,33.59000015258789,27.1200008392334,448.8547668457031,,16.304935455322266,414.5799865722656,158.81591796875,161.82855224609375,37.68000030517578,93.03651428222656,77.60545349121094,210.3982391357422,238.41883850097656,57.4544677734375,11.453409194946289,62.88201141357422,12.949999809265137,401.8999938964844,50.99565124511719,49.10388946533203,17.5,55.8033332824707,100.1639175415039,557.0867309570312,81.4458236694336,186.64288330078125,80.79942321777344,105.19000244140625,63.52000045776367,88.5199966430664,362.5299987792969,309.4406433105469,628.78466796875,29.62221908569336,106.7010726928711,84.45563507080078,11.680000305175781,129.8300018310547,27.979999542236328,37.880001068115234,85.82264709472656,577.757568359375,23.260000228881836,118.66351318359375,48.6830940246582,107.3261489868164,61.152862548828125,48.02123260498047,155.806884765625,127.19970703125,80.78447723388672,39.527984619140625,45.29558181762695,142.64259338378906,105.2181396484375,183.84230041503906
2026-03-31,46.66999816894531,110.77999877929688,50.676326751708984,26.420000076293945,16.079999923706055,14.890000343322754,17.864999771118164,33.20339584350586,62.62434005737305,76.09142303466797,18.399999618530273,34.43000030517578,27.31999969482422,459.90582275390625,,16.929758071899414,430.2900085449219,163.31201171875,168.8171844482422,38.41999816894531,93.2025375366211,80.03499603271484,218.34344482421875,246.7671356201172,58.89849090576172,11.734128952026367,64.40438842773438,13.270000457763672,404.2099914550781,53.16376495361328,50.7210578918457,17.31999969482422,57.848690032958984,102.11018371582031,575.9462280273438,82.27639770507812,190.46365356445312,80.86798095703125,109.36000061035156,68.13999938964844,91.80999755859375,383.3999938964844,328.28936767578125,647.0620727539062,30.50150489807129,106.71074676513672,84.3680648803711,11.729999542236328,127.25,27.780000686645508,34.349998474121094,87.16899871826172,594.286865234375,23.56999969482422,127.60474395751953,49.5557975769043,110.20912170410156,60.46198272705078,49.02415466308594,160.90061950683594,132.5869903564453,80.88314056396484,40.137474060058594,45.2659912109375,145.4097442626953,108.52425384521484,180.2245330810547
2026-04-01,47.34000015258789,113.16000366210938,50.146846771240234,27.09000015258789,16.209999084472656,15.039999961853027,18.17099952697754,33.883056640625,63.09392166137695,77.88533020019531,18.18000030517578,34.34000015258789,27.100000381469727,462.1795959472656,,17.286800384521484,437.82000732421875,163.96853637695312,170.09693908691406,38.63999938964844,93.1212158203125,79.75504302978516,223.224365234375,248.31936645507812,59.442474365234375,11.696700096130371,65.09637451171875,13.515000343322754,396.1600036621094,53.283660888671875,51.59951400756836,17.100000381469727,58.54710388183594,103.68985748291016,583.06103515625,82.78067779541016,191.0789337158203,80.86504364013672,110.33000183105469,68.13999938964844,93.22000122070312,391.9700012207031,338.1582336425781,651.9373779296875,30.75551986694336,106.71074676513672,84.28499603271484,11.420000076293945,124.08999633789062,27.729999542236328,33.56999969482422,87.48347473144531,599.0108642578125,22.829999923706055,128.42393493652344,50.0417366027832,110.5868911743164,58.201812744140625,49.093666076660156,163.58677673339844,134.59225463867188,80.37010192871094,40.255435943603516,45.483001708984375,146.52056884765625,109.3408203125,173.30616760253906
2026-04-02,47.27000045776367,112.87000274658203,50.41640090942383,27.360000610351562,16.040000915527344,14.979999542236328,18.260000228881836,33.38330841064453,64.13299560546875,76.59969329833984,18.190000534057617,34.369998931884766,27.15999984741211,461.7625732421875,27.760000228881836,16.66197395324707,429.4100036621094,165.2716064453125,169.39706420898438,37.970001220703125,93.33676147460938,80.32493591308594,221.49757385253906,250.040771484375,59.5809440612793,11.846417427062988,65.24465942382812,13.539999961853027,399.04998779296875,53.113807678222656,51.21019744873047,17.520000457763672,58.447330474853516,103.22408294677734,583.7295532226562,84.10563659667969,191.62477111816406,80.90433502197266,111.83000183105469,65.79000091552734,92.48999786376953,392.32000732421875,339.2270202636719,652.5244140625,31.214706420898438,107.14585876464844,84.8028564453125,11.350000381469727,137.9199981689453,27.860000610351562,33.529998779296875,88.67259216308594,599.6970825195312,22.8700008392334,128.8335418701172,49.99215316772461,111.044189453125,58.47816848754883,49.18303680419922,162.93016052246094,135.6697235107422,80.79434967041016,40.90424346923828,45.70987319946289,145.6081085205078,107.69772338867188,176.15081787109375
2026-04-06,47.75,113.5999984741211,50.31050109863281,27.260000228881836,16.264999389648438,14.970000267028809,18.334999084472656,33.573211669921875,64.10302734375,76.46017456054688,18.290000915527344,34.29999923706055,27.280000686645508,463.4604187011719,29.15999984741211,17.306636810302734,427.6499938964844,166.2862091064453,168.79718017578125,39.52000045776367,93.0918197631836,80.44491577148438,224.7814483642578,251.10545349121094,60.20404815673828,11.949349403381348,65.87733459472656,13.380000114440918,399.5899963378906,53.85316848754883,51.339969635009766,17.549999237060547,58.90629196166992,102.37181854248047,587.2420654296875,83.79911041259766,192.448486328125,80.82575225830078,111.16000366210938,66.08999633789062,92.62999725341797,395.9800109863281,343.71197509765625,655.6088256835938,31.507801055908203,107.09752655029297,84.66606903076172,11.369999885559082,138.94000244140625,27.829999923706055,32.709999084472656,88.80034637451172,602.3624267578125,22.850000381469727,128.67369079589844,49.80372619628906,111.10383605957031,58.90256881713867,49.53058624267578,163.76585388183594,136.45785522460938,81.55404663085938,41.05169677734375,45.54218292236328,145.08245849609375,108.58399963378906,177.47898864746094
2026-04-07,47.849998474121094,113.43000030517578,50.762969970703125,27.15999984741211,16.125,14.850000381469727,18.270999908447266,33.37331008911133,65.19205474853516,76.4801025390625,18.049999237060547,34.08000183105469,27.010000228881836,462.5768127441406,29.440000534057617,17.041479110717773,431.80999755859375,166.50506591796875,168.4672393798828,39.099998474121094,93.32697296142578,80.48490905761719,222.88497924804688,251.65274047851562,60.28317642211914,11.865133285522461,65.98607635498047,13.430000305175781,407.7799987792969,53.113807678222656,51.394874572753906,17.520000457763672,58.32760238647461,101.59881591796875,587.3319091796875,84.09575653076172,192.02174377441406,80.88468933105469,111.33000183105469,65.94000244140625,92.8499984741211,399.8999938964844,347.3678283691406,655.8972778320312,31.458951950073242,107.22322845458984,84.65629577636719,11.550000190734863,138.0800018310547,27.75,33.86000061035156,88.9281005859375,602.73046875,22.850000381469727,128.72364807128906,49.664886474609375,111.16348266601562,59.376312255859375,49.53058624267578,163.4375457763672,137.1063232421875,80.17278289794922,41.01237487792969,45.64082717895508,145.37008666992188,107.31930541992188,178.7476806640625
2026-04-08,49.599998474121094,119.16000366210938,50.55117416381836,27.809999465942383,16.926000595092773,15.649999618530273,18.825000762939453,35.10244369506836,65.60169982910156,81.75218200683594,17.989999771118164,35.25,26.8700008392334,475.76263427734375,32.470001220703125,17.84588623046875,434.5299987792969,171.62782287597656,171.8265838623047,40.41999816894531,93.53273010253906,79.73505401611328,231.73849487304688,259.1751403808594,62.0140266418457,12.024208068847656,67.90387725830078,14.079999923706055,410.3999938964844,55.231964111328125,53.79566192626953,17.010000228881836,60.702213287353516,103.84841918945312,604.7944946289062,85.32183837890625,196.45782470703125,80.9632797241211,111.56999969482422,67.47000122070312,97.88999938964844,422.9200134277344,369.9822998046875,672.6027221679688,32.4105339050293,107.24256896972656,84.92988586425781,11.079999923706055,124.58000183105469,27.530000686645508,30.510000228881836,90.52997589111328,617.9469604492188,22.25,130.52186584472656,51.321044921875,113.14179992675781,57.29379653930664,50.841339111328125,169.5659637451172,141.35629272460938,81.67243957519531,41.72016525268555,46.143890380859375,148.4447021484375,110.35655975341797,170.174072265625
2026-04-09,49.349998474121094,120.62999725341797,50.406776428222656,27.06999969482422,16.593000411987305,15.5600004196167,18.290000915527344,34.90254211425781,63.02398681640625,81.28377532958984,17.889999389648438,35.209999084472656,26.8700008392334,478.4831848144531,32.380001068115234,17.885610580444336,437.9100036621094,170.48390197753906,172.1265411376953,40.90999984741211,93.50332641601562,76.6256332397461,231.32925415039062,260.65771484375,62.90418243408203,12.033565521240234,69.05059814453125,14.079999923706055,411.0400085449219,55.931358337402344,54.489444732666016,17.1200008392334,60.712188720703125,103.94751739501953,608.8856811523438,85.77667236328125,196.57691955566406,80.98292541503906,107.83999633789062,68.38999938964844,98.0999984741211,430.30999755859375,378.2030029296875,676.4829711914062,32.69972610473633,107.29090118408203,84.71492004394531,10.880000114440918,126.95999908447266,27.479999542236328,29.399999618530273,91.17858123779297,621.6068115234375,22.010000228881836,131.69073486328125,51.24170684814453,113.5990982055664,56.58317947387695,50.970428466796875,171.30699157714844,141.7353973388672,82.3334732055664,42.005245208740234,46.50886154174805,148.1074676513672,112.26852416992188,166.2787628173828
2026-04-10,49.369998931884766,120.33999633789062,50.3490104675293,26.68000030517578,16.566999435424805,15.930000305175781,18.229999542236328,35.41229248046875,60.686065673828125,83.23713684082031,17.75,35.869998931884766,26.889999389648438,475.8519592285156,32.43000030517578,18.193466186523438,437.1300048828125,169.09130859375,169.33706665039062,41.560001373291016,93.34656524658203,74.65599822998047,229.21319580078125,260.0010070800781,62.152496337890625,12.042922973632812,68.15101623535156,14.279999732971191,409.7799987792969,55.90138626098633,54.55433654785156,16.969999313354492,60.353004455566406,102.89704895019531,609.7637939453125,86.08319854736328,195.15774536132812,80.95346069335938,104.16000366210938,69.08000183105469,98.56999969482422,436.8800048828125,386.1640319824219,676.0353393554688,32.706565856933594,107.34892272949219,84.50971221923828,10.770000457763672,124.81999969482422,27.440000534057617,29.75,91.37512969970703,621.1890869140625,21.790000915527344,129.3130645751953,51.529300689697266,113.28097534179688,56.19825744628906,50.41434860229492,170.6404266357422,142.28408813476562,81.26792907714844,42.09371566772461,46.321441650390625,146.10400390625,112.41789245605469,166.97259521484375
2026-04-13,50.58000183105469,121.83999633789062,50.11796951293945,27.899999618530273,16.770000457763672,16.329999923706055,18.535999298095703,35.952022552490234,63.13388442993164,84.58257293701172,17.770000457763672,36.790000915527344,26.93000030517578,478.7115478515625,33.54999923706055,18.262985229492188,435.3599853515625,172.31417846679688,172.15652465820312,41.59000015258789,93.55233001708984,78.68524169921875,232.37730407714844,263.7522888183594,62.67669677734375,12.136495590209961,68.59586334228516,14.920000076293945,413.0799865722656,56.57080078125,54.92368698120117,17.270000457763672,61.11128616333008,102.7979507446289,616.0703735351562,85.82611846923828,197.3212127685547,81.01239013671875,109.41999816894531,68.27999877929688,99.47000122070312,443.3399963378906,392.89642333984375,682.641845703125,33.11983108520508,107.6003189086914,84.76377868652344,10.680000305175781,128.47000122070312,27.3799991607666,28.6200008392334,91.71908569335938,627.2756958007812,22.18000030517578,131.92050170898438,51.75739288330078,114.1458740234375,56.36604309082031,51.29811477661133,171.84422302246094,145.26705932617188,80.45890045166016,42.29032897949219,45.759193420410156,146.75860595703125,113.44358825683594,167.20054626464844
2026-04-14,51.83000183105469,122.79000091552734,49.62698745727539,29.299999237060547,17.09000015258789,16.6299991607666,18.70599937438965,36.571712493896484,62.7342414855957,86.13728332519531,17.760000228881836,37.2599983215332,27.1200008392334,482.0477294921875,35.56999969482422,18.67015266418457,445.0899963378906,174.7213897705078,175.81582641601562,42.130001068115234,93.85607147216797,79.46510314941406,234.992431640625,267.3841247558594,62.65691375732422,12.332999229431152,68.49700927734375,15.119999885559082,402.79998779296875,58.11945343017578,54.90372085571289,17.18000030517578,62.288612365722656,103.10516357421875,627.2562866210938,87.06209564208984,198.14491271972656,81.07132720947266,109.30000305175781,72.04000091552734,100.0999984741211,452.0,400.7875061035156,690.959716796875,33.364078521728516,107.8420639038086,85.21324157714844,10.5600004196167,123.8499984741211,27.31999969482422,28.110000610351562,92.5937271118164,634.864013671875,22.610000610351562,135.58689880371094,51.57888412475586,115.87565612792969,55.22115707397461,51.41727066040039,172.46104431152344,147.59158325195312,80.37996673583984,42.69337463378906,45.83810806274414,147.611572265625,115.95305633544922,161.97708129882812
2026-04-15,52.720001220703125,121.25,49.415199279785156,29.940000534057617,17.600000381469727,16.5,19.15999984741211,36.711639404296875,64.46269989013672,85.7884750366211,18.06999969482422,37.2599983215332,27.170000076293945,481.283203125,34.470001220703125,19.16670036315918,440.4599914550781,178.45155334472656,175.95579528808594,42.560001373291016,93.65029907226562,82.96444702148438,233.56509399414062,268.0508117675781,62.65691375732422,12.51078987121582,68.37837982177734,14.960000038146973,403.30999755859375,58.99869155883789,53.96536636352539,17.229999542236328,62.24870300292969,102.41144561767578,636.0375366210938,87.05220031738281,198.21438598632812,81.05168914794922,113.69000244140625,71.83999633789062,99.7699966430664,453.0,401.40679931640625,696.412109375,33.40315246582031,107.745361328125,84.84194946289062,10.579999923706055,122.58999633789062,27.290000915527344,28.329999923706055,92.66252136230469,639.9362182617188,22.530000686645508,136.31617736816406,50.9541130065918,116.67095947265625,55.033626556396484,51.804542541503906,170.3021697998047,149.94601440429688,79.97544860839844,42.673709869384766,45.39422607421875,146.5602569580078,117.68577575683594,162.80966186523438
2026-04-16,53.4900016784668,120.38999938964844,49.72325897216797,29.84000015258789,17.799999237060547,16.8799991607666,19.2189998626709,36.691650390625,65.86145782470703,85.91802978515625,17.969999313354492,36.939998626708984,27.110000610351562,482.18670654296875,35.040000915527344,19.03759765625,440.0799865722656,176.15377807617188,174.08615112304688,42.72999954223633,93.48373413085938,84.34418487548828,228.60433959960938,268.6080322265625,62.4195442199707,12.332999229431152,68.04227447509766,16.200000762939453,407.6300048828125,59.76802062988281,53.73577117919922,17.350000381469727,61.55028533935547,101.88621520996094,639.1009521484375,87.33895111083984,199.11749267578125,81.022216796875,116.62999725341797,71.23999786376953,99.61000061035156,454.79998779296875,405.4922180175781,698.1234130859375,33.96003341674805,107.51329803466797,84.30453491210938,10.779999732971191,125.83999633789062,27.3700008392334,28.290000915527344,93.51750183105469,641.3385009765625,22.799999237060547,135.32716369628906,51.321044921875,118.13233184814453,55.84294891357422,51.66551971435547,169.45652770996094,151.66197204589844,80.34049987792969,43.06692886352539,45.71973419189453,145.4097442626953,117.13806915283203,166.33824157714844
2026-04-17,54.099998474121094,123.12999725341797,49.203407287597656,30.790000915527344,18.299999237060547,17.110000610351562,19.48699951171875,37.391300201416016,66.42096710205078,86.89471435546875,17.950000762939453,37.290000915527344,26.920000076293945,490.924072265625,35.59000015258789,19.603660583496094,445.92999267578125,178.0934600830078,176.62567138671875,43.939998626708984,93.99323272705078,85.06405639648438,231.50892639160156,274.4090576171875,63.85367965698242,12.632436752319336,69.56465148925781,16.270000457763672,400.69000244140625,61.246734619140625,54.96361541748047,16.84000015258789,63.71537399291992,103.59075164794922,647.4630126953125,88.28817749023438,201.6183624267578,81.17938232421875,117.16999816894531,73.62999725341797,101.5199966430664,464.1600036621094,415.2412109375,706.5607299804688,34.497379302978516,107.79371643066406,85.07645416259766,10.84000015258789,116.04000091552734,27.360000610351562,27.93000030517578,95.01126861572266,649.2152709960938,22.469999313354492,138.5340118408203,51.44996643066406,118.40074157714844,54.30326843261719,52.062721252441406,172.62022399902344,153.98648071289062,81.35671997070312,43.725563049316406,45.53232192993164,147.58181762695312,119.90644836425781,158.280029296875
2026-04-20,53.90999984741211,123.87999725341797,49.33818435668945,31.239999771118164,18.260000228881836,16.93000030517578,19.440000534057617,37.48125457763672,66.9904556274414,85.95789337158203,18.079999923706055,37.0099983215332,26.989999771118164,491.0333557128906,35.06999969482422,18.809186935424805,442.0899963378906,179.1975860595703,175.725830078125,43.25,93.9050521850586,86.28382873535156,231.4191131591797,275.97125244140625,64.1207275390625,12.606901168823242,69.83155822753906,16.3700008392334,398.989990234375,61.43657302856445,55.37289810180664,17.100000381469727,63.54575729370117,102.6393814086914,645.4074096679688,88.6639175415039,202.25350952148438,81.14008331298828,119.23999786376953,72.1500015258789,101.94000244140625,463.9599914550781,417.0791015625,705.1477661132812,34.40945053100586,107.72602081298828,85.05691528320312,10.850000381469727,121.31999969482422,27.31999969482422,28.389999389648438,95.355224609375,647.9819946289062,22.75,137.6548614501953,51.797061920166016,118.05279541015625,54.35261535644531,52.261322021484375,173.00820922851562,154.19598388671875,81.28765869140625,43.882850646972656,45.127899169921875,146.21311950683594,119.36871337890625,159.68748474121094
2026-04-21,53.689998626708984,123.05999755859375,49.540348052978516,30.709999084472656,17.989999771118164,16.670000076293945,19.240999221801758,36.72163772583008,67.97958374023438,81.19408416748047,18.18000030517578,36.560001373291016,27.170000076293945,488.0831604003906,34.93000030517578,18.541051864624023,429.57000732421875,177.22805786132812,173.95619201660156,42.5099983215332,93.49353790283203,86.66374969482422,222.6753692626953,273.1453552246094,63.44816589355469,12.408292770385742,68.83311462402344,15.960000038146973,408.6000061035156,60.65724563598633,55.14330291748047,17.399999618530273,62.35845184326172,100.48888397216797,642.9527587890625,86.97309875488281,201.01300048828125,81.022216796875,120.33999633789062,68.48999786376953,100.77999877929688,464.6600036621094,420.2255859375,700.53125,33.60832214355469,107.54230499267578,84.58789825439453,10.949999809265137,128.25,27.469999313354492,28.90999984741211,93.66490936279297,643.7153930664062,23.15999984741211,136.25624084472656,51.34088134765625,116.47213745117188,55.14219665527344,51.933631896972656,170.5608367919922,154.32566833496094,80.74501037597656,43.037437438964844,44.338775634765625,144.72540283203125,118.47247314453125,163.5431365966797
2026-04-22,54.970001220703125,123.94999694824219,49.97356033325195,30.8799991607666,17.57200050354004,17.010000228881836,18.881999969482422,37.351318359375,68.84880828857422,84.61246490478516,18.209999084472656,37.599998474121094,27.1299991607666,491.46051025390625,37.29999923706055,19.345457077026367,435.260009765625,178.2227783203125,174.32611083984375,44.75,93.59151458740234,88.7233657836914,218.74269104003906,275.1055603027344,63.072322845458984,12.465036392211914,68.45746612548828,16.209999084472656,417.7900085449219,61.30668258666992,55.03349304199219,17.59000015258789,61.54030990600586,100.27085876464844,653.7096557617188,85.31194305419922,200.92367553710938,81.0615005493164,122.0999984741211,70.37000274658203,102.61000061035156,476.8299865722656,431.2830810546875,707.6253051757812,34.17497253417969,107.7066879272461,84.7540054321289,10.949999809265137,129.39999389648438,27.479999542236328,28.540000915527344,92.88854217529297,650.3291625976562,22.860000610351562,137.1753387451172,51.4003791809082,117.18790435791016,55.803470611572266,51.844261169433594,170.16287231445312,157.7176513671875,81.01140594482422,42.722862243652344,44.25986099243164,145.181640625,118.4326400756836,166.7743377685547
2026-04-23,53.5099983215332,125.43000030517578,50.2142333984375,29.799999237060547,17.170000076293945,16.530000686645508,18.965999603271484,36.64167404174805,66.5308609008789,82.18072509765625,18.280000686645508,36.959999084472656,27.399999618530273,489.71221923828125,36.36000061035156,18.66022300720215,431.0400085449219,175.3579864501953,171.4966583251953,44.04999923706055,93.44454956054688,83.55433654785156,218.70277404785156,274.15032958984375,63.626197814941406,12.285345077514648,69.19888305664062,15.569999694824219,425.4800109863281,60.03778839111328,56.25135803222656,17.84000015258789,60.62239074707031,100.38978576660156,650.0275268554688,87.22029113769531,200.9137420654297,81.022216796875,117.04000091552734,68.37999725341797,101.29000091552734,481.8500061035156,440.502685546875,704.8792114257812,34.438758850097656,107.8807373046875,84.56836700439453,10.520000457763672,134.72000122070312,27.530000686645508,28.510000228881836,93.84180450439453,647.7035522460938,23.40999984741211,134.3581085205078,51.38054656982422,116.70077514648438,56.237735748291016,51.4371337890625,173.17735290527344,155.47296142578125,82.36308288574219,43.21438217163086,45.46327209472656,145.04278564453125,117.24761199951172,168.0628662109375
2026-04-24,55.13999938964844,124.11000061035156,49.96393585205078,29.540000915527344,17.2450008392334,16.530000686645508,19.3439998626709,37.34132766723633,67.18029022216797,82.09103393554688,18.270000457763672,36.939998626708984,27.389999389648438,488.927490234375,37.20000076293945,18.719810485839844,433.25,175.61663818359375,169.74700927734375,44.02000045776367,93.63070678710938,85.18402862548828,215.39892578125,275.2746887207031,62.805274963378906,12.33263111114502,68.1015853881836,15.829999923706055,437.239990234375,60.78713607788086,56.001792907714844,17.790000915527344,60.91173553466797,99.28975677490234,662.4609375,87.25984954833984,200.49693298339844,81.1106185913086,118.54000091552734,68.79000091552734,101.55999755859375,506.44000244140625,461.0794677734375,710.341552734375,34.341060638427734,108.10313415527344,84.72469329833984,10.3100004196167,132.39999389648438,27.479999542236328,28.770000457763672,93.65508270263672,652.8353271484375,23.190000534057617,133.1492919921875,51.48963165283203,114.86164855957031,56.12916946411133,51.05979537963867,171.58555603027344,159.8426513671875,82.11642456054688,43.08658981323242,45.55205154418945,142.9996337890625,118.19364929199219,166.5662078857422
2026-04-27,55.380001068115234,125.6500015258789,50.0794563293457,29.90999984741211,17.173999786376953,16.639999389648438,19.357999801635742,38.47076416015625,67.49002075195312,81.42330169677734,18.510000228881836,36.93000030517578,27.56999969482422,488.550048828125,38.56999969482422,18.46160316467285,429.8900146484375,176.70086669921875,168.98715209960938,43.560001373291016,93.41514587402344,85.41398620605469,215.6384735107422,275.7622985839844,63.6756477355957,12.398834228515625,69.26808166503906,16.739999771118164,439.4100036621094,60.08774185180664,56.1714973449707,17.950000762939453,60.81196594238281,98.53658294677734,662.8101806640625,87.20051574707031,200.25875854492188,81.09097290039062,119.2300033569336,68.33000183105469,101.69000244140625,506.260009765625,454.8964538574219,711.5653076171875,33.930728912353516,108.07412719726562,84.30453491210938,10.489999771118164,134.72000122070312,27.450000762939453,27.809999465942383,93.14405822753906,653.9094848632812,23.709999084472656,132.90953063964844,51.35079574584961,115.13005828857422,56.03047561645508,51.44706726074219,171.62533569335938,160.19183349609375,81.23831939697266,42.75235366821289,45.561912536621094,142.28553771972656,117.34719848632812,167.98358154296875
2026-04-28,54.5,123.58999633789062,50.66670227050781,29.579999923706055,17.260000228881836,16.350000381469727,19.0,37.64117431640625,67.09037017822266,78.42350006103516,18.770000457763672,36.2400016784668,27.959999084472656,488.14276123046875,37.33000183105469,18.5609130859375,421.9100036621094,176.29302978515625,167.7773895263672,43.27000045776367,93.32697296142578,84.98406982421875,215.80816650390625,272.54833984375,63.903133392333984,12.502866744995117,69.56465148925781,16.389999389648438,441.6000061035156,59.2085075378418,55.632442474365234,18.06999969482422,60.203346252441406,98.8338851928711,656.1444702148438,88.58480834960938,199.23655700683594,81.04185485839844,117.87000274658203,66.19999694824219,102.26000213623047,491.2099914550781,438.2152404785156,708.1028442382812,33.70602035522461,108.03544616699219,84.39248657226562,10.329999923706055,139.60000610351562,27.530000686645508,27.389999389648438,93.99903869628906,650.6871948242188,24.719999313354492,131.0313720703125,50.97394561767578,115.0704116821289,56.95822525024414,51.486785888671875,170.1031951904297,157.47824096679688,81.96842193603516,43.16522979736328,45.621097564697266,142.66241455078125,116.52067565917969,170.13441467285156
2026-04-29,55.040000915527344,121.58000183105469,51.148048400878906,28.530000686645508,17.079999923706055,16.639999389648438,19.155000686645508,37.311344146728516,67.80973052978516,77.46675109863281,18.84000015258789,35.970001220703125,28.110000610351562,485.4111022949219,38.22999954223633,17.994850158691406,417.4100036621094,173.70677185058594,165.3478546142578,42.75,92.88605499267578,84.48416137695312,212.74386596679688,270.7274169921875,62.9140739440918,12.342089653015137,68.23998260498047,16.6299991607666,445.7799987792969,59.77801513671875,55.03349304199219,18.5,60.2332763671875,97.98162078857422,660.1558837890625,88.02120208740234,198.8892364501953,80.93379974365234,118.83000183105469,64.83999633789062,101.06999969482422,499.5799865722656,449.4825439453125,707.993408203125,33.52039337158203,107.7066879272461,83.73780822753906,10.149999618530273,150.6300048828125,27.610000610351562,28.010000228881836,93.2619857788086,650.6672973632812,24.610000610351562,128.77359008789062,50.53759002685547,114.61311340332031,58.26103210449219,51.55629348754883,169.05856323242188,158.73526000976562,81.81056213378906,42.899810791015625,45.05884552001953,141.6706085205078,116.35137939453125,176.15081787109375
2026-04-30,55.880001068115234,126.88999938964844,52.10111999511719,29.8700008392334,17.40999984741211,16.959999084472656,19.351999282836914,38.430782318115234,67.39009857177734,79.34038543701172,18.690000534057617,36.529998779296875,28.030000686645508,493.3378601074219,39.33000183105469,18.21333122253418,423.6600036621094,175.56689453125,168.6572265625,43.31999969482422,93.06242370605469,83.89427185058594,218.15379333496094,276.5881652832031,63.48773193359375,12.635272979736328,69.05059814453125,17.350000381469727,448.239990234375,59.458290100097656,56.690589904785156,18.530000686645508,60.90176010131836,100.9348373413086,666.3126831054688,89.3066177368164,201.896240234375,81.022216796875,118.7699966430664,66.66000366210938,103.41999816894531,506.7200012207031,460.91961669921875,715.0377197265625,34.40945053100586,107.87106323242188,83.65966033935547,10.600000381469727,147.08999633789062,27.360000610351562,27.219999313354492,94.66731262207031,656.97265625,24.110000610351562,131.20120239257812,51.043365478515625,115.8259506225586,58.87295913696289,51.76482391357422,173.6847381591797,159.1243438720703,83.18196868896484,43.64692306518555,46.21293640136719,144.79483032226562,117.85506439208984,176.63650512695312
2026-05-01,56.81999969482422,127.26000213623047,51.61977005004883,30.299999237060547,17.3799991607666,16.920000076293945,19.3700008392334,38.58070373535156,68.69894409179688,78.78227996826172,18.889999389648438,36.22999954223633,28.110000610351562,491.7187194824219,40.40999984741211,18.59070587158203,423.17999267578125,175.3082733154297,167.2375030517578,44.470001220703125,93.1332015991211,86.61375427246094,215.86805725097656,277.8916320800781,63.369041442871094,12.78659439086914,69.02094268798828,17.600000381469727,444.7300109863281,59.99782180786133,56.59075927734375,18.3700008392334,60.851871490478516,101.4006118774414,672.7090454101562,89.1187515258789,201.28094482421875,81.03501892089844,124.38999938964844,68.29000091552734,103.44999694824219,509.82000732421875,465.2247619628906,717.0177001953125,34.438758850097656,108.21217346191406,83.95877075195312,10.710000038146973,142.8000030517578,27.40999984741211,27.43000030517578,94.40196228027344,658.902099609375,24.010000228881836,130.29209899902344,50.92435836791992,116.03471374511719,58.0833740234375,51.55629348754883,172.0730438232422,161.48876953125,83.04383850097656,43.568275451660156,45.91701889038086,143.97161865234375,118.1338882446289,175.11009216308594
2026-05-04,57.11000061035156,125.2699966430664,51.90857696533203,30.579999923706055,17.56999969482422,16.65999984741211,19.020000457763672,38.360816955566406,69.68805694580078,76.39041137695312,19.1200008392334,35.58000183105469,28.290000915527344,486.295166015625,42.470001220703125,18.997873306274414,414.7099914550781,175.02975463867188,170.12692260742188,45.400001525878906,92.78913116455078,88.42342376708984,213.93165588378906,276.49859619140625,62.60746383666992,12.654189109802246,68.200439453125,16.739999771118164,443.510009765625,59.85794448852539,56.091636657714844,18.68000030517578,59.58475112915039,101.2024154663086,671.4417114257812,88.60458374023438,200.10989379882812,80.93649291992188,126.63999938964844,65.94000244140625,102.3499984741211,506.7900085449219,461.5389099121094,714.3909912109375,34.214054107666016,108.01781463623047,83.3213119506836,10.949999809265137,147.61000061035156,27.479999542236328,27.719999313354492,93.81232452392578,656.5150756835938,24.200000762939453,133.36907958984375,50.230159759521484,115.41835021972656,58.6163444519043,51.21867752075195,170.1031951904297,161.66835021972656,82.42227172851562,43.33234786987305,45.739463806152344,143.54513549804688,117.22769927978516,179.41177368164062
2026-05-05,58.43000030517578,130.67999267578125,51.88932800292969,29.780000686645508,17.84000015258789,16.889999389648438,19.136999130249023,38.73063278198242,70.80706787109375,77.94512176513672,18.920000076293945,36.33000183105469,28.3700008392334,489.6724548339844,46.290000915527344,19.122173309326172,418.2699890136719,176.0543212890625,170.306884765625,46.279998779296875,92.92676544189453,88.25344848632812,214.96971130371094,281.15533447265625,63.37893295288086,12.710932731628418,69.11979675292969,16.969999313354492,440.70001220703125,59.39834213256836,57.269569396972656,18.59000015258789,60.30311584472656,101.67809295654297,680.1530151367188,88.84188842773438,201.69775390625,80.97591400146484,130.27999877929688,65.91000366210938,104.72000122070312,522.6900024414062,482.1856384277344,720.1220092773438,34.17497253417969,107.94005584716797,83.78224182128906,10.640000343322754,144.1699981689453,27.5,27.700000762939453,94.10713958740234,661.6668701171875,23.75,133.65878295898438,51.102867126464844,114.95111083984375,58.675559997558594,51.228607177734375,171.52586364746094,165.2399139404297,82.93531036376953,43.42082214355469,45.739463806152344,144.1104736328125,117.57623291015625,178.9954833984375
2026-05-06,60.29999923706055,131.94000244140625,50.82073211669922,31.059999465942383,17.8799991607666,17.5,19.229999542236328,39.86006546020508,70.1076889038086,83.28697204589844,18.440000534057617,37.540000915527344,28.059999465942383,495.72186279296875,48.68000030517578,18.943180084228516,430.9599914550781,177.5364227294922,173.83619689941406,46.189998626708984,93.3887939453125,87.80353546142578,223.0047607421875,285.3742370605469,64.01193237304688,12.710932731628418,69.9007568359375,18.170000076293945,432.5899963378906,60.24760437011719,58.24785614013672,18.030000686645508,61.460487365722656,101.31143188476562,694.2827758789062,90.15696716308594,203.2955322265625,81.08428955078125,129.6199951171875,70.12999725341797,108.55000305175781,549.760009765625,506.29840087890625,730.1312866210938,34.917484283447266,108.01781463623047,84.4197006225586,10.449999809265137,133.9499969482422,27.350000381469727,27.09000015258789,95.4141845703125,670.9757080078125,23.31999969482422,137.5449676513672,51.97557067871094,116.66101837158203,56.257476806640625,51.47685623168945,175.96298217773438,169.62953186035156,83.11290740966797,43.98115539550781,45.08843994140625,144.2096405029297,119.36871337890625,167.8349151611328
2026-05-07,59.9900016784668,129.02999877929688,51.36947250366211,30.3799991607666,17.604000091552734,17.329999923706055,18.812999725341797,39.81009292602539,73.07504272460938,82.3302230834961,18.440000534057617,37.349998474121094,27.799999237060547,492.6028137207031,46.54999923706055,18.525537490844727,431.67999267578125,175.6962127685547,170.06695556640625,45.400001525878906,93.10370635986328,90.83296966552734,222.096435546875,280.8568115234375,63.40860366821289,12.569069862365723,69.14945220947266,17.850000381469727,417.69000244140625,59.77801513671875,56.71055221557617,18.049999237060547,61.191104888916016,99.92400360107422,693.4545288085938,89.81090545654297,201.99546813964844,81.01532745361328,129.49000549316406,71.5999984741211,106.4800033569336,540.0999755859375,491.8047180175781,727.8926391601562,34.25313186645508,107.90118408203125,83.99799346923828,10.680000305175781,134.97000122070312,27.40999984741211,26.850000381469727,94.72627258300781,668.8673095703125,23.1299991607666,133.5289306640625,50.97394561767578,116.69084167480469,55.22115707397461,51.18888473510742,173.10769653320312,169.29034423828125,82.85639190673828,43.64692306518555,44.50646209716797,143.53521728515625,119.378662109375,164.59378051757812
2026-05-08,62.310001373291016,129.6199951171875,51.17693328857422,30.479999542236328,17.969999313354492,17.399999618530273,18.735000610351562,41.429283142089844,75.25311279296875,85.67884063720703,18.610000610351562,38.27000045776367,27.969999313354492,492.8213195800781,52.79999923706055,18.67469596862793,433.7699890136719,176.55165100097656,169.90696716308594,45.45000076293945,93.34947204589844,91.1329116821289,223.0746307373047,282.75732421875,63.34926223754883,12.483951568603516,69.05059814453125,17.690000534057617,420.8399963378906,58.66897964477539,56.690589904785156,18.06999969482422,60.48270797729492,98.9428939819336,709.709716796875,90.14708709716797,202.55123901367188,81.08428955078125,129.88999938964844,73.01000213623047,108.1500015258789,566.5399780273438,519.7132568359375,733.9021606445312,34.16520309448242,108.2607650756836,84.4197006225586,10.569999694824219,133.58999633789062,27.34000015258789,27.049999237060547,94.95230102539062,674.3372192382812,23.40999984741211,134.57789611816406,51.16237258911133,116.25343322753906,54.97441101074219,50.88106155395508,172.3118133544922,175.1066131591797,83.05370330810547,43.6567497253418,44.111900329589844,142.31529235839844,119.69732666015625,163.70172119140625
2026-05-11,62.849998474121094,130.39999389648438,51.44648361206055,29.940000534057617,17.424999237060547,17.8700008392334,18.309999465942383,41.28935241699219,75.36302185058594,87.29335021972656,18.760000228881836,39.38999938964844,28.329999923706055,493.7947998046875,55.08000183105469,18.8437442779541,434.6499938964844,176.8799285888672,169.9669647216797,46.470001220703125,93.03489685058594,90.67300415039062,225.5699920654297,283.9115295410156,62.23162078857422,12.228599548339844,67.7654800415039,18.100000381469727,431.1499938964844,57.26020431518555,56.94015121459961,18.549999237060547,59.155723571777344,98.79425048828125,711.7653198242188,90.37450408935547,202.44207763671875,81.0054702758789,128.16000366210938,78.0,108.66000366210938,576.3099975585938,532.1592407226562,735.5736694335938,34.54623031616211,108.17330169677734,83.90971374511719,11.220000267028809,138.66000366210938,27.350000381469727,27.40999984741211,95.02108764648438,675.8092041015625,23.989999771118164,134.61785888671875,51.826812744140625,114.90141296386719,56.425262451171875,50.821475982666016,174.14236450195312,177.46107482910156,82.25454711914062,43.81403732299805,44.52619171142578,141.86895751953125,118.87080383300781,167.1708221435547
2026-05-12,61.02000045776367,129.33999633789062,52.052982330322266,29.719999313354492,17.191999435424805,17.690000534057617,18.25,40.69964599609375,74.7735366821289,90.46258544921875,18.93000030517578,40.439998626708984,28.56999969482422,494.56964111328125,51.29999923706055,18.416154861450195,432.92999267578125,177.30764770507812,172.24652099609375,45.79999923706055,92.72032928466797,89.42323303222656,224.97109985351562,281.165283203125,62.0140266418457,12.171854019165039,67.44914245605469,18.049999237060547,437.239990234375,56.720672607421875,56.42106246948242,18.90999984741211,58.70674133300781,100.26094818115234,705.7282104492188,90.8392333984375,202.263427734375,80.94635772705078,125.58999633789062,78.55000305175781,107.72000122070312,561.25,515.4080810546875,734.4593505859375,34.17497253417969,107.98865509033203,83.35071563720703,10.90999984741211,144.3000030517578,27.450000762939453,26.770000457763672,95.02108764648438,674.9638061523438,25.489999771118164,134.77769470214844,51.70780944824219,115.17976379394531,56.82004928588867,51.21867752075195,173.45591735839844,174.787353515625,83.31023406982422,43.82386779785156,44.57550811767578,144.65597534179688,117.79531860351562,168.2412872314453
2026-05-13,62.11000061035156,129.47999572753906,52.180564880371094,29.6299991607666,17.011999130249023,18.030000686645508,18.3439998626709,41.60919189453125,75.78263854980469,91.5987319946289,18.979999542236328,40.27000045776367,28.729999542236328,493.8246154785156,54.540000915527344,18.18744468688965,430.5,177.58616638183594,172.61643981933594,45.119998931884766,92.72032928466797,88.58338928222656,225.29051208496094,281.2647705078125,61.104095458984375,12.086735725402832,66.37161254882812,17.5,437.45001220703125,57.53995895385742,56.37114715576172,18.700000762939453,58.77658462524414,101.2024154663086,713.1823120117188,90.95787811279297,201.3801727294922,80.97591400146484,125.62000274658203,79.3499984741211,109.7699966430664,572.4600219726562,527.6942749023438,738.5685424804688,33.920955657958984,107.98865509033203,83.16439056396484,10.979999542236328,142.0399932861328,27.510000228881836,27.329999923706055,94.23489379882812,678.6834106445312,25.3700008392334,135.71678161621094,51.628475189208984,116.0744857788086,56.879268646240234,50.6328125,172.72964477539062,176.43348693847656,83.58648681640625,43.46014404296875,44.06258010864258,145.50892639160156,118.22351837158203,166.85365295410156
2026-05-14,62.43000030517578,131.10000610351562,52.86753845214844,29.18000030517578,16.764999389648438,17.600000381469727,18.40999984741211,41.09944534301758,78.29042053222656,89.0772933959961,18.530000686645508,40.02000045776367,28.25,497.460205078125,53.790000915527344,18.515592575073242,427.2099914550781,178.71018981933594,171.29669189453125,46.16999816894531,92.66134643554688,90.62300872802734,224.04283142089844,283.03594970703125,61.69752883911133,12.058363914489746,66.9647445678711,16.5,441.42999267578125,57.07036590576172,56.73051834106445,18.600000381469727,59.41513442993164,100.88529205322266,718.2514038085938,90.19652557373047,202.11456298828125,80.94635772705078,128.10000610351562,75.51000213623047,109.31999969482422,578.3400268554688,529.4323120117188,744.3989868164062,33.784183502197266,107.88175201416016,83.28207397460938,11.15999984741211,143.0,27.6200008392334,26.68000030517578,93.67473602294922,683.9743041992188,24.81999969482422,134.71775817871094,51.24170684814453,116.42243194580078,57.313541412353516,50.93070602416992,173.61508178710938,179.07723999023438,83.84300994873047,43.16522979736328,44.28945541381836,145.42958068847656,118.17372131347656,167.72589111328125
2026-05-15,61.040000915527344,127.76000213623047,53.044189453125,28.149999618530273,16.55500030517578,16.610000610351562,18.22100067138672,40.20989227294922,78.97980499267578,82.76873779296875,18.139999389648438,38.13999938964844,27.829999923706055,492.3377685546875,51.099998474121094,17.91895866394043,417.2900085449219,176.73069763183594,166.79757690429688,44.81999969482422,91.924072265625,91.7627944946289,216.86619567871094,276.2200012207031,61.005191802978516,11.944872856140137,66.20355987548828,15.6899995803833,440.5199890136719,56.10121154785156,55.31300354003906,18.610000610351562,58.976131439208984,99.93391418457031,707.4146118164062,88.36727905273438,200.03050231933594,80.84783172607422,128.5,69.04000091552734,105.88999938964844,556.3400268554688,507.946533203125,735.4443969726562,32.92443084716797,107.4930191040039,82.04637908935547,11.329999923706055,148.22999572753906,27.770000457763672,26.93000030517578,92.28907775878906,675.7296752929688,24.110000610351562,130.5618438720703,49.883060455322266,115.39847564697266,58.66569137573242,50.742034912109375,170.52102661132812,175.84486389160156,83.50755310058594,42.49676513671875,43.273460388183594,143.912109375,116.04267883300781,172.592529296875
2026-05-18,60.720001220703125,124.98999786376953,53.44655990600586,28.110000610351562,16.650999069213867,16.260000228881836,18.507999420166016,39.81009292602539,80.84813690185547,81.57279205322266,18.739999771118164,38.400001525878906,28.200000762939453,493.96771240234375,49.31999969482422,17.093610763549805,418.42999267578125,178.01388549804688,163.9981231689453,43.529998779296875,91.88473510742188,92.85259246826172,219.8206787109375,274.59808349609375,61.78654479980469,11.8980073928833,67.14268493652344,15.380000114440918,453.9200134277344,56.15116882324219,54.62421417236328,18.719999313354492,59.295406341552734,100.21139526367188,704.3711547851562,89.4153823852539,201.26109313964844,80.8872299194336,129.2899932861328,69.94000244140625,105.7300033569336,546.1599731445312,495.310791015625,734.927001953125,33.012359619140625,107.36669158935547,81.94829559326172,11.539999961853027,149.2899932861328,27.700000762939453,26.299999237060547,93.37008666992188,675.2025146484375,25.0,127.54479217529297,49.80372619628906,116.2931900024414,59.79084014892578,51.37755584716797,169.87437438964844,173.94935607910156,84.75069427490234,43.0079460144043,43.342506408691406,144.5270233154297,115.83354949951172,174.65415954589844
2026-05-19,60.400001525878906,122.54000091552734,53.819488525390625,28.1200008392334,16.430999755859375,15.970000267028809,18.572999954223633,38.87055969238281,80.32860565185547,79.1011962890625,18.739999771118164,37.630001068115234,28.280000686645508,490.9562683105469,49.77000045776367,17.00411605834961,411.5,175.18890380859375,164.1580810546875,43.5,91.53083801269531,91.9327621459961,217.91424560546875,271.6428527832031,61.30190658569336,11.783235549926758,66.78680419921875,15.109999656677246,451.0199890136719,55.40182113647461,53.675872802734375,18.84000015258789,58.287689208984375,101.53936004638672,700.030517578125,90.06797790527344,200.0900421142578,80.828125,128.11000061035156,66.9000015258789,103.3499984741211,543.9600219726562,496.1798095703125,730.0317993164062,32.84627151489258,107.00711822509766,81.41870880126953,11.899999618530273,152.9600067138672,27.790000915527344,26.6200008392334,93.63542938232422,670.9061279296875,25.200000762939453,126.66566467285156,48.633506774902344,115.1698226928711,60.49159622192383,50.742034912109375,167.8746795654297,172.8319854736328,84.93815612792969,43.19472122192383,43.73706817626953,146.11395263671875,114.5489501953125,176.98341369628906
2026-05-20,61.869998931884766,125.33999633789062,53.38768005371094,29.540000915527344,16.53499984741211,16.3799991607666,18.60099983215332,39.23038101196289,81.58748626708984,82.03123474121094,18.420000076293945,38.56999969482422,27.969999313354492,497.1779479980469,51.5099983215332,17.23282814025879,417.3999938964844,177.9442596435547,167.8773651123047,43.9900016784668,92.15015411376953,93.30250549316406,222.86502075195312,278.47869873046875,62.66680908203125,11.936264991760254,68.37837982177734,15.4399995803833,451.0400085449219,57.080360412597656,54.394615173339844,18.420000076293945,59.80424880981445,101.67809295654297,711.6256103515625,90.90843963623047,202.2832794189453,80.93649291992188,129.2899932861328,68.7300033569336,105.18000030517578,564.6599731445312,519.7232666015625,737.5138549804688,33.23706817626953,107.2597885131836,82.29154968261719,11.489999771118164,144.27000427246094,27.729999542236328,26.020000457763672,94.82453918457031,677.8480224609375,24.899999618530273,131.58084106445312,49.30786895751953,115.41835021972656,59.020999908447266,51.29811477661133,169.85447692871094,176.72279357910156,84.37577819824219,43.676414489746094,43.904754638671875,145.9254913330078,117.44678497314453,173.1872100830078
2026-05-21,62.61000061035156,124.63999938964844,53.17177200317383,30.530000686645508,16.649999618530273,16.670000076293945,18.469999313354492,39.630184173583984,82.0770492553711,82.73883056640625,18.309999465942383,38.58000183105469,27.610000610351562,500.03033447265625,54.34000015258789,17.252714157104492,416.989990234375,178.77981567382812,169.02713012695312,44.0,92.20915222167969,92.4626693725586,222.73526000976562,281.0856628417969,62.76571273803711,11.936264991760254,68.41792297363281,15.619999885559082,445.1300048828125,57.3701057434082,54.44452667236328,18.309999465942383,60.18339157104492,102.86731719970703,712.9827270507812,90.60192108154297,203.1566162109375,80.92664337158203,129.77000427246094,69.44999694824219,106.04000091552734,567.8800048828125,524.1182861328125,738.9764404296875,33.579010009765625,107.2597885131836,82.5955810546875,11.329999923706055,142.5399932861328,27.729999542236328,25.290000915527344,95.00143432617188,679.111083984375,24.5,132.6497802734375,49.605384826660156,115.41835021972656,58.3597297668457,51.36762619018555,169.65550231933594,178.1793670654297,83.52729034423828,43.74522399902344,44.38809585571289,146.9371337890625,118.20359802246094,169.1432342529297
2026-05-22,62.810001373291016,125.05999755859375,53.50544357299805,30.670000076293945,16.45400047302246,16.709999084472656,18.434999465942383,40.26986312866211,84.20515441894531,83.06771087646484,18.360000610351562,38.91999816894531,27.559999465942383,503.02191162109375,52.81999969482422,16.63619041442871,413.82000732421875,178.93896484375,168.75718688964844,42.959999084472656,92.28778839111328,93.99237823486328,224.9511260986328,283.70257568359375,62.84484100341797,11.859749794006348,68.57609558105469,15.65999984741211,443.9599914550781,57.25020980834961,54.84382629394531,18.200000762939453,60.47273635864258,104.04662322998047,716.0062255859375,90.99742889404297,205.01242065429688,80.90695190429688,133.02999877929688,68.36000061035156,106.66999816894531,576.3200073242188,536.7240600585938,741.8817749023438,33.559471130371094,107.26950073242188,83.04669189453125,10.9399995803833,140.9199981689453,27.770000457763672,25.43000030517578,95.0997085571289,681.8062744140625,24.549999237060547,131.5308837890625,49.873146057128906,114.78211212158203,58.71504211425781,51.576148986816406,170.88914489746094,179.96514892578125,83.66541290283203,43.80420684814453,44.733333587646484,148.66290283203125,118.68159484863281,170.4317626953125
2026-05-26,65.19999694824219,128.3000030517578,52.337589263916016,31.299999237060547,16.665000915527344,17.200000762939453,18.326000213623047,40.87955856323242,84.40498352050781,87.21363067626953,18.18000030517578,39.029998779296875,27.469999313354492,502.15728759765625,60.5099983215332,16.685911178588867,414.0,178.1531524658203,169.38706970214844,42.9900016784668,92.68099975585938,94.0323715209961,229.06349182128906,289.0658264160156,63.53717803955078,11.95539379119873,69.49544525146484,15.859999656677246,443.19000244140625,57.639869689941406,56.211429595947266,17.90999984741211,61.5103759765625,103.19435119628906,728.718994140625,91.1556396484375,206.06436157226562,80.99561309814453,133.6199951171875,69.72000122070312,109.98999786376953,602.1400146484375,569.4471435546875,746.8068237304688,34.018653869628906,107.69710540771484,83.45860290527344,10.90999984741211,137.0,27.75,24.639999389648438,95.54193878173828,686.2418823242188,24.219999313354492,133.21923828125,50.567344665527344,114.87158966064453,57.09640121459961,51.486785888671875,173.4061737060547,184.70396423339844,82.51106262207031,43.95166015625,44.71360778808594,147.29417419433594,118.9504623413086,164.63343811035156
2026-05-27,65.0999984741211,129.42999267578125,51.709495544433594,32.060001373291016,16.709999084472656,17.18000030517578,18.639999389648438,40.04997253417969,81.96714782714844,85.79843139648438,18.0,38.47999954223633,27.469999313354492,503.77728271484375,60.72999954223633,16.546693801879883,408.489990234375,176.70086669921875,169.84698486328125,42.45000076293945,92.72032928466797,93.03256225585938,230.0516357421875,288.9264831542969,62.90418243408203,11.974522590637207,68.78369140625,15.680000305175781,425.5299987792969,58.05950927734375,56.62071228027344,17.600000381469727,62.37841033935547,103.86824035644531,727.8907470703125,90.75023651123047,205.91551208496094,81.0054702758789,132.30999755859375,67.5,110.37000274658203,595.5,563.343994140625,746.677490234375,33.81349182128906,107.75541687011719,83.65474700927734,11.180000305175781,131.02999877929688,27.75,24.1299991607666,95.24711608886719,686.1922607421875,23.760000228881836,134.31814575195312,50.755767822265625,115.57742309570312,56.24760818481445,51.05979537963867,173.4061737060547,183.99562072753906,83.4483642578125,43.87302017211914,44.52619171142578,147.57188415527344,121.04168701171875,161.91761779785156
2026-05-28,66.33999633789062,130.49000549316406,51.464149475097656,34.119998931884766,17.05500030517578,17.299999237060547,18.670000076293945,40.259864807128906,83.6056900024414,88.1404800415039,18.209999084472656,39.060001373291016,27.579999923706055,503.9462585449219,62.56999969482422,16.21854591369629,412.7699890136719,178.630615234375,172.20652770996094,41.560001373291016,92.93658447265625,95.66206359863281,235.13218688964844,290.5782775878906,62.78549575805664,11.984086036682129,68.75403594970703,16.030000686645508,420.67999267578125,58.269325256347656,56.3511848449707,17.719999313354492,62.58793258666992,104.7601547241211,734.0276489257812,90.10752868652344,206.66973876953125,81.04489135742188,135.00999450683594,68.36000061035156,111.0199966430664,599.8300170898438,568.8277587890625,750.7965698242188,34.02842712402344,108.04696655273438,84.08625030517578,11.890000343322754,130.77999877929688,27.700000762939453,23.700000762939453,94.88351440429688,690.12060546875,23.829999923706055,135.8566436767578,50.93427658081055,115.9850082397461,56.2081298828125,50.91084671020508,172.9087371826172,186.40992736816406,83.30036163330078,43.6567497253418,44.023128509521484,149.64479064941406,121.54954528808594,163.5034942626953
2026-05-29,67.31999969482422,129.17999267578125,50.6397819519043,34.63999938964844,17.319000244140625,17.299999237060547,18.649999618530273,40.12993240356445,88.96092987060547,87.84149169921875,17.93000030517578,38.86000061035156,27.25,507.6534118652344,63.20000076293945,16.21854591369629,417.1199951171875,181.82362365722656,172.14651489257812,41.630001068115234,93.04472351074219,101.64094543457031,235.00242614746094,288.9862060546875,62.795387268066406,12.012779235839844,68.81334686279297,16.219999313354492,418.25,57.400081634521484,56.211429595947266,17.6200008392334,62.69768524169922,103.79886627197266,736.7318115234375,88.7430191040039,207.24533081054688,81.08428955078125,144.57000732421875,68.33000183105469,110.86000061035156,598.9299926757812,568.4382934570312,752.6671142578125,33.930728912353516,108.07611083984375,84.10587310791016,11.930000305175781,129.08999633789062,27.65999984741211,23.290000915527344,94.04817199707031,691.6919555664062,23.3799991607666,136.5559539794922,50.726016998291016,115.0107650756836,55.55672836303711,51.21867752075195,172.24217224121094,190.5701141357422,81.80070495605469,43.243873596191406,43.81597900390625,148.246337890625,120.36453247070312,162.5420684814453
2026-06-01,69.44000244140625,127.48999786376953,51.21880340576172,34.75,17.761999130249023,17.270000457763672,19.1200008392334,40.57970428466797,94.06639099121094,89.75498962402344,17.899999618530273,39.959999084472656,27.239999771118164,508.30938720703125,68.0,16.119108200073242,411.260009765625,182.9078826904297,169.33706665039062,40.4900016784668,92.88394927978516,107.6798095703125,229.4827117919922,287.5434265136719,61.84588623046875,11.984086036682129,67.5282211303711,16.25,420.5899963378906,57.230228424072266,55.88200378417969,17.8700008392334,63.57569122314453,101.36096954345703,741.15234375,86.92366790771484,207.62246704101562,81.037841796875,155.1699981689453,67.66999816894531,111.62999725341797,607.8099975585938,571.2849731445312,754.7167358398438,33.569244384765625,108.1233139038086,84.15116882324219,11.539999961853027,135.5,27.760000228881836,23.850000381469727,92.4659652709961,693.4920654296875,23.309999465942383,133.48895263671875,50.497920989990234,114.93123626708984,56.55356979370117,51.06972885131836,171.5159149169922,195.2989501953125,80.93247985839844,42.53608703613281,42.5139274597168,146.6296844482422,117.69573974609375,166.38778686523438
2026-06-02,70.13999938964844,128.7899932861328,51.74875259399414,34.0,17.709999084472656,17.700000762939453,19.030000686645508,40.619686126708984,94.23623657226562,93.34280395507812,17.709999084472656,40.599998474121094,27.1200008392334,510.9034423828125,69.56999969482422,15.373311996459961,411.95001220703125,181.18701171875,164.23806762695312,38.04999923706055,92.95299530029297,104.71037292480469,227.9056396484375,290.2100830078125,62.82505798339844,11.984086036682129,68.74414825439453,16.299999237060547,430.45001220703125,56.50086212158203,56.79041290283203,17.979999542236328,62.73759078979492,100.31050109863281,744.5650024414062,86.90388488769531,208.44615173339844,81.037841796875,153.08999633789062,67.98999786376953,113.56999969482422,632.2100219726562,604.3377075195312,755.7415771484375,33.88187789916992,108.11347198486328,84.32838439941406,11.470000267028809,137.27000427246094,27.760000228881836,23.459999084472656,92.88854217529297,694.4468994140625,23.149999618530273,127.63471221923828,51.092952728271484,112.90321350097656,57.20497131347656,51.09951400756836,173.29673767089844,197.74319458007812,80.73515319824219,42.75235366821289,43.30305099487305,145.2014617919922,117.0982437133789,167.35914611816406
2026-06-03,69.16000366210938,129.47999572753906,51.611358642578125,33.91999816894531,17.31999969482422,17.40999984741211,18.802000045776367,40.24987030029297,91.58859252929688,89.94434356689453,17.469999313354492,39.41999816894531,26.860000610351562,505.14886474609375,69.70999908447266,14.507068634033203,407.8699951171875,178.0934600830078,167.4674530029297,37.0,92.71627807617188,100.18121337890625,224.47203063964844,286.2399597167969,61.39092254638672,11.687592506408691,67.10314178466797,15.539999961853027,431.2200012207031,55.301902770996094,57.18971252441406,18.049999237060547,62.06910705566406,100.63753509521484,742.6192626953125,87.31916809082031,207.6621551513672,80.99832153320312,147.74000549316406,66.20999908447266,112.26000213623047,637.9000244140625,614.9856567382812,750.4384155273438,33.276145935058594,107.9168472290039,83.9936294555664,11.710000038146973,140.86000061035156,27.860000610351562,23.520000457763672,92.78044891357422,689.5736083984375,22.670000076293945,129.7026824951172,51.20204162597656,111.42195892333984,57.94519805908203,50.513648986816406,173.15745544433594,195.76783752441406,81.06073760986328,42.77201461791992,43.11563491821289,146.34205627441406,116.2418441772461,169.61900329589844
2026-06-04,68.06999969482422,131.8000030517578,52.25907897949219,36.27000045776367,17.51300048828125,17.079999923706055,19.149999618530273,40.059967041015625,90.61945343017578,89.9144515991211,17.229999542236328,39.72999954223633,26.690000534057617,513.5371704101562,65.69999694824219,14.29797649383545,411.2699890136719,183.0570831298828,171.39666748046875,36.02000045776367,92.83464050292969,100.0412368774414,231.13961791992188,290.558349609375,63.24046325683594,11.936264991760254,69.17911529541016,15.130000114440918,438.9700012207031,55.731529235839844,57.509151458740234,17.850000381469727,62.617862701416016,104.07634735107422,739.0269165039062,88.46615600585938,209.23016357421875,81.05760955810547,147.99000549316406,66.9800033569336,111.76000213623047,627.530029296875,602.040283203125,753.2740478515625,34.113311767578125,107.92668914794922,84.18070220947266,12.119999885559082,136.74000549316406,27.84000015258789,22.670000076293945,94.44127655029297,692.2588500976562,22.469999313354492,133.28915405273438,51.19211959838867,112.44590759277344,57.98468017578125,51.82440185546875,175.2566375732422,192.71505737304688,80.94234466552734,43.64692306518555,43.342506408691406,150.8349609375,116.7696304321289,169.50997924804688
2026-06-05,62.52000045776367,127.97000122070312,51.78800964355469,33.40999984741211,17.239999771118164,15.859999656677246,18.819000244140625,37.96101379394531,86.62300109863281,80.36688995361328,17.059999465942383,38.08000183105469,26.399999618530273,506.5800476074219,55.790000915527344,12.694931030273438,396.239990234375,179.0284881591797,168.4072723388672,34.13999938964844,92.34146118164062,95.83203125,229.0235595703125,280.2498474121094,63.418495178222656,11.75454330444336,69.36692810058594,13.680000305175781,414.70001220703125,54.35273361206055,56.580780029296875,17.459999084472656,62.857322692871094,104.79979705810547,703.5528564453125,89.7515640258789,206.2529296875,80.88961791992188,140.75999450683594,61.56999969482422,106.66999816894531,569.6900024414062,539.1613159179688,733.83251953125,33.10479736328125,107.40563201904297,83.74748992919922,11.670000076293945,133.02000427246094,28.020000457763672,24.309999465942383,95.11936950683594,674.2974853515625,22.280000686645508,128.54380798339844,50.2103271484375,111.01436614990234,56.91874694824219,51.933631896972656,173.28677368164062,179.8753662109375,82.3236083984375,43.94183349609375,43.74692916870117,151.75733947753906,114.3796615600586,164.52439880371094
2026-06-08,64.44000244140625,128.13999938964844,51.611358642578125,33.150001525878906,17.34000015258789,15.8100004196167,18.941999435424805,38.300846099853516,86.05351257324219,81.01469421386719,17.020000457763672,38.54999923706055,26.329999923706055,505.79486083984375,60.52000045776367,13.57112979888916,397.2699890136719,179.04840087890625,166.88755798339844,35.88999938964844,92.24282836914062,95.63207244873047,226.83761596679688,282.6976318359375,63.50750732421875,11.658899307250977,69.55476379394531,13.380000114440918,429.80999755859375,54.10295104980469,56.411075592041016,17.6200008392334,62.827388763427734,103.71958923339844,714.5394287109375,88.27828216552734,206.0345916748047,80.92914581298828,139.9499969482422,61.58000183105469,106.33999633789062,598.1599731445312,570.8056030273438,735.4940795898438,32.81105041503906,107.28765106201172,83.31428527832031,11.369999885559082,135.14999389648438,28.030000686645508,23.90999984741211,93.8221435546875,675.9683227539062,22.350000381469727,128.30404663085938,49.54587936401367,110.4377670288086,57.570152282714844,51.6059455871582,172.73960876464844,183.74620056152344,81.95855712890625,43.28319549560547,42.92822265625,151.40029907226562,114.90744018554688,166.90321350097656
2026-06-09,63.15999984741211,127.72000122070312,51.15991973876953,33.560001373291016,17.219999313354492,15.739999771118164,19.4950008392334,37.6011962890625,84.26509857177734,79.86858367919922,17.040000915527344,38.599998474121094,26.280000686645508,506.29180908203125,59.86000061035156,13.352079391479492,390.7799987792969,179.2174835205078,169.3270721435547,35.13999938964844,92.49928283691406,92.93257141113281,230.02169799804688,283.60308837890625,64.37787628173828,11.821493148803711,70.42469024658203,13.720000267028809,420.75,54.742393493652344,57.06991958618164,17.3799991607666,63.69541931152344,104.93853759765625,706.3170166015625,90.64147186279297,207.60260009765625,80.96866607666016,136.3000030517578,59.0099983215332,106.41000366210938,591.010009765625,561.5060424804688,733.3350219726562,32.86001205444336,107.47444915771484,83.80657196044922,11.390000343322754,131.3000030517578,28.010000228881836,24.270000457763672,95.98417663574219,673.9991455078125,22.3799991607666,131.25115966796875,50.34916687011719,110.82547760009766,56.64239501953125,52.09251022338867,174.6995086669922,180.34425354003906,82.97477722167969,44.207252502441406,43.381961822509766,153.30458068847656,115.38543701171875,162.60153198242188
2026-06-10,61.36000061035156,122.7699966430664,51.78800964355469,32.849998474121094,16.860000610351562,15.239999771118164,19.94700050354004,36.221885681152344,83.17607116699219,77.18769073486328,17.06999969482422,37.720001220703125,26.329999923706055,497.1878662109375,57.369998931884766,13.123074531555176,374.5799865722656,177.8845672607422,165.89773559570312,35.08000183105469,92.41050720214844,91.56283569335938,224.45205688476562,280.6478271484375,64.555908203125,11.783235549926758,70.82011413574219,13.201000213623047,422.9200134277344,53.37358093261719,55.20319366455078,17.43000030517578,63.3861198425293,104.34393310546875,692.2072143554688,91.44239044189453,204.96278381347656,80.96866607666016,133.6300048828125,57.65999984741211,104.20999908447266,570.9099731445312,540.8993530273438,721.7736206054688,32.39981460571289,107.3663101196289,83.57026672363281,11.539999961853027,134.3000030517578,28.049999237060547,25.68000030517578,95.99400329589844,663.4072875976562,22.540000915527344,128.72364807128906,49.18886184692383,110.35823822021484,57.49119567871094,51.86412048339844,168.7899627685547,176.21400451660156,84.34617614746094,44.22691345214844,43.40169143676758,151.59866333007812,113.01538848876953,166.50674438476562
2026-06-11,63.95000076293945,128.38999938964844,51.336570739746094,33.650001525878906,17.26099967956543,15.979999542236328,20.239999771118164,37.24137496948242,85.39410400390625,82.87836456298828,16.719999313354492,38.939998626708984,26.299999237060547,506.2420654296875,65.12000274658203,13.541259765625,386.32000732421875,179.9933624267578,170.4568634033203,36.04999923706055,93.05162811279297,90.9029541015625,235.60130310058594,288.96630859375,65.26803588867188,11.811929702758789,71.52198791503906,14.270000457763672,425.8800048828125,54.472625732421875,57.07990646362305,17.239999771118164,64.88272094726562,106.23677062988281,715.587158203125,90.947998046875,208.15835571289062,81.11688995361328,133.77999877929688,60.81999969482422,109.04000091552734,609.4500122070312,586.2681274414062,734.04150390625,32.82084274291992,107.74972534179688,84.6532974243164,11.15999984741211,128.8300018310547,27.950000762939453,24.40999984741211,95.92521667480469,674.5261840820312,22.43000030517578,132.60983276367188,50.79543685913086,111.46173095703125,56.37591552734375,52.25138854980469,174.25180053710938,182.77850341796875,84.12911987304688,44.15809631347656,43.451011657714844,152.82850646972656,115.81363677978516,161.96717834472656
2026-06-12,64.0,129.4499969482422,51.15991973876953,33.470001220703125,17.344999313354492,16.489999771118164,20.138999938964844,37.101444244384766,85.25422668457031,85.67884063720703,16.799999237060547,39.54999923706055,26.239999771118164,509.91943359375,65.01000213623047,13.411820411682129,386.5400085449219,183.2958221435547,170.6268310546875,36.040000915527344,92.8938217163086,90.68299102783203,233.35546875,291.4936828613281,66.20764923095703,11.907572746276855,72.56985473632812,15.114999771118164,428.1700134277344,54.302772521972656,57.65888595581055,17.059999465942383,65.05233001708984,105.5133285522461,719.7981567382812,91.75879669189453,210.04393005371094,81.09713745117188,134.02000427246094,61.290000915527344,110.8499984741211,619.9600219726562,595.5775756835938,738.0113525390625,32.957923889160156,107.75955200195312,84.44652557373047,11.350000381469727,125.43000030517578,27.950000762939453,23.290000915527344,96.80967712402344,678.2259521484375,22.34000015258789,133.65878295898438,51.74747848510742,110.9944839477539,56.80031204223633,52.966346740722656,175.2765350341797,184.36476135253906,84.67176818847656,44.590641021728516,43.92448425292969,152.55079650878906,116.11238098144531,163.880126953125
2026-06-15,66.55000305175781,130.3699951171875,50.28648376464844,35.099998474121094,17.844999313354492,16.950000762939453,20.020000457763672,38.23088073730469,86.19338989257812,89.5058364868164,16.860000610351562,39.650001525878906,26.3799991607666,515.2665405273438,71.06999969482422,14.65642261505127,396.54998779296875,185.9126739501953,172.16073608398438,37.7400016784668,92.9924545288086,92.68000030517578,237.12510681152344,293.87249755859375,65.36693572998047,11.840621948242188,71.40336608886719,15.1899995803833,415.32000732421875,55.42180252075195,58.06816864013672,16.889999389648438,65.1920166015625,104.41329956054688,742.40966796875,90.79142761230469,211.2646026611328,81.13667297363281,136.72999572753906,63.470001220703125,111.08000183105469,647.0999755859375,628.0393676757812,751.0254516601562,33.09500503540039,107.90702819824219,84.39730834960938,11.430000305175781,121.20999908447266,27.969999313354492,21.700000762939453,96.13158416748047,690.0410766601562,22.540000915527344,136.2662353515625,52.06482696533203,111.53131866455078,54.82636642456055,53.18480682373047,177.76368713378906,191.33828735351562,84.33631896972656,44.22691345214844,44.131629943847656,151.63833618164062,118.07414245605469,156.96176147460938
2026-06-16,64.63999938964844,130.27000427246094,50.03131866455078,34.880001068115234,17.84600067138672,16.770000457763672,19.8799991607666,37.86106872558594,85.00444793701172,89.48590850830078,16.93000030517578,39.54999923706055,26.65999984741211,518.2482299804688,68.12000274658203,14.457286834716797,397.6300048828125,187.23904418945312,171.4307861328125,37.16999816894531,93.22916412353516,91.37000274658203,239.24267578125,291.3191223144531,65.74279022216797,11.917135238647461,71.6603775024414,14.788999557495117,406.19000244140625,55.46176528930664,58.3975944519043,16.670000076293945,65.52127838134766,104.14572143554688,728.2998657226562,90.71188354492188,210.5599822998047,81.15642547607422,135.32000732421875,63.38999938964844,110.43000030517578,616.0,590.8536987304688,746.5481567382812,33.222293853759766,107.90702819824219,84.86005401611328,11.760000228881836,115.47000122070312,27.93000030517578,21.81999969482422,96.36743927001953,685.9833374023438,22.75,135.207275390625,52.28300476074219,111.66055297851562,54.63883972167969,53.969268798828125,178.92771911621094,186.0009002685547,84.44483947753906,44.33504867553711,44.44728088378906,151.6879425048828,117.96460723876953,155.7822723388672
2026-06-17,64.33000183105469,129.25,49.66820526123047,35.040000915527344,17.940000534057617,16.600000381469727,19.579999923706055,37.57121276855469,84.15521240234375,86.46617126464844,17.149999618530273,38.63999938964844,26.84000015258789,513.1395874023438,69.94999694824219,13.949488639831543,388.6000061035156,187.07948303222656,173.43067932128906,36.36000061035156,92.73599243164062,89.16000366210938,242.5088653564453,289.1248779296875,64.64492797851562,11.716285705566406,70.33572387695312,14.64900016784668,397.1199951171875,54.19287109375,57.87850570678711,16.540000915527344,64.6233139038086,103.30335998535156,720.9656372070312,88.52462768554688,207.40411376953125,80.90938568115234,131.9199981689453,60.61000061035156,107.62999725341797,623.969970703125,599.338134765625,737.225341796875,32.899173736572266,107.18934631347656,84.9979019165039,11.569999694824219,114.2300033569336,28.18000030517578,22.700000762939453,93.95973205566406,677.6888427734375,23.200000762939453,139.2532958984375,51.58880615234375,108.55886840820312,53.95782470703125,53.67137145996094,178.6790008544922,185.36241149902344,82.5604019165039,43.22421646118164,43.855438232421875,149.4761962890625,115.00701904296875,154.3748016357422
2026-06-18,66.80000305175781,130.89999389648438,49.72708511352539,36.86000061035156,18.01300048828125,16.56999969482422,19.469999313354492,38.3508186340332,84.46492767333984,85.19050598144531,16.950000762939453,38.86000061035156,26.6299991607666,513.7625732421875,76.70999908447266,13.730439186096191,387.1199951171875,185.5935516357422,173.6306610107422,35.619998931884766,93.07136535644531,89.08999633789062,238.71328735351562,294.82000732421875,64.99109649658203,11.75454330444336,70.89920043945312,14.1899995803833,385.489990234375,55.331878662109375,58.457489013671875,16.5,65.32172393798828,101.60873413085938,739.0369262695312,88.57433319091797,208.36676025390625,81.01807403564453,131.8800048828125,59.5099983215332,105.3499984741211,659.8800048828125,639.0322265625,744.8902587890625,32.84042739868164,107.54326629638672,85.41141510009766,11.739999771118164,114.87000274658203,28.299999237060547,21.899999618530273,93.91059112548828,684.3522338867188,22.940000534057617,140.58200073242188,51.38054656982422,108.8073959350586,53.06955337524414,53.19473648071289,179.98228454589844,190.98912048339844,82.18548583984375,43.11608123779297,44.1513557434082,148.17689514160156,116.6700439453125,152.0059051513672
2026-06-22,67.08999633789062,133.25,49.7172737121582,36.400001525878906,17.788000106811523,16.610000610351562,19.25,38.31084442138672,83.50578308105469,84.60250091552734,16.770000457763672,38.810001373291016,26.649999618530273,515.3171997070312,80.72000122070312,13.949488639831543,384.5899963378906,186.19190979003906,176.990478515625,36.5,92.71627807617188,87.30999755859375,235.2373046875,297.40325927734375,65.58871459960938,11.589120864868164,71.58230590820312,13.670000076293945,388.9100036621094,53.51346206665039,59.13629913330078,16.360000610351562,64.77122497558594,102.540283203125,737.1818237304688,89.5088882446289,208.8250274658203,80.93903350830078,129.5399932861328,58.90999984741211,104.77999877929688,668.9099731445312,654.58203125,742.546142578125,33.10479736328125,107.10086822509766,84.7615966796875,11.770000457763672,112.69000244140625,28.360000610351562,21.850000381469727,94.92281341552734,682.353271484375,22.75,145.86000061035156,51.3835334777832,106.50897216796875,53.74056625366211,53.510616302490234,181.3126983642578,191.926025390625,81.64305114746094,43.652565002441406,44.393577575683594,149.48788452148438,114.68740844726562,154.28482055664062
2026-06-23,63.349998474121094,129.52000427246094,50.6888542175293,36.0099983215332,17.514999389648438,15.779999732971191,18.790000915527344,36.62168502807617,84.13522338867188,79.21082305908203,16.739999771118164,37.31999969482422,26.600000381469727,514.8588256835938,69.22000122070312,13.371994018554688,377.32000732421875,184.98521423339844,178.08042907714844,35.310001373291016,92.83464050292969,87.31999969482422,235.6568145751953,294.55072021484375,66.46376037597656,11.685859680175781,72.7059097290039,13.199999809265137,384.5199890136719,54.042999267578125,57.708805084228516,16.18000030517578,65.02100372314453,104.3736572265625,712.9071655273438,91.16922760009766,208.10772705078125,80.99832153320312,129.36000061035156,55.72999954223633,101.77999877929688,622.0499877929688,602.9957885742188,731.7628784179688,32.771888732910156,107.0615463256836,84.8698959350586,11.5,111.26000213623047,28.450000762939453,22.979999542236328,96.17089080810547,672.6466064453125,22.420000076293945,147.02999877929688,50.636966705322266,106.9176254272461,54.13819885253906,53.68998336791992,177.67247009277344,183.97531127929688,83.17298889160156,44.26738739013672,44.741024017333984,151.59979248046875,113.51000213623047,154.42425537109375
2026-06-24,63.38999938964844,130.47999572753906,49.45229721069336,38.58000183105469,17.864999771118164,15.4399995803833,18.559999465942383,36.56171798706055,83.7255859375,75.44361877441406,16.6200008392334,36.310001373291016,26.559999465942383,516.7523193359375,69.93000030517578,12.734758377075195,365.9200134277344,180.8963623046875,181.52023315429688,33.869998931884766,93.43630981445312,86.16999816894531,235.91651916503906,295.9171447753906,67.11009979248047,11.647163391113281,73.55109405517578,13.170000076293945,371.2699890136719,54.9900016784668,58.3077507019043,15.779999732971191,65.98013305664062,104.77997589111328,709.8803100585938,91.9844741821289,209.59214782714844,81.09713745117188,129.0800018310547,51.779998779296875,100.18000030517578,618.9199829101562,601.1069946289062,731.4237060546875,32.23335647583008,107.47444915771484,86.03168487548828,11.729999542236328,106.29000091552734,28.530000686645508,22.90999984741211,96.17585754394531,672.0001220703125,22.360000610351562,149.7100067138672,50.92564010620117,106.19002532958984,53.25345993041992,53.530548095703125,179.7269744873047,182.83663940429688,83.88829040527344,44.13847351074219,45.20759201049805,152.76535034179688,114.8171157836914,152.4222412109375
2026-06-25,64.18000030517578,132.9199981689453,50.149085998535156,40.11000061035156,17.739999771118164,15.369999885559082,18.405000686645508,36.59170150756836,83.6575927734375,76.22098541259766,16.950000762939453,36.97999954223633,26.920000076293945,517.48974609375,76.88999938964844,12.535622596740723,369.4599914550781,177.27622985839844,183.66012573242188,33.52000045776367,93.49549102783203,84.76000213623047,237.1051483154297,298.13134765625,67.83599090576172,11.69553279876709,74.3465576171875,12.729999542236328,380.5299987792969,53.439998626708984,59.884986877441406,16.110000610351562,65.93017578125,105.85027313232422,715.63427734375,92.96875,210.95701599121094,81.11688995361328,126.5199966430664,52.36000061035156,101.05000305175781,636.8800048828125,624.79150390625,732.4810791015625,31.822118759155273,107.65141296386719,86.00215148925781,11.75,109.30999755859375,28.479999542236328,22.479999542236328,96.35430908203125,672.02001953125,22.559999465942383,151.58999633789062,51.60252380371094,105.2331771850586,53.7703857421875,53.261497497558594,183.62648010253906,184.35487365722656,83.39155578613281,44.21780776977539,45.51532745361328,155.03665161132812,113.10089874267578,154.12545776367188
2026-06-26,63.150001525878906,129.69000244140625,50.482757568359375,41.43000030517578,17.954999923706055,15.010000228881836,18.780000686645508,35.992000579833984,85.35753631591797,75.9219970703125,16.860000610351562,37.33000183105469,26.799999237060547,515.98486328125,71.87999725341797,12.675016403198242,373.6300048828125,175.34152221679688,187.3499298095703,33.849998474121094,93.7322006225586,88.19999694824219,236.50582885742188,299.0489501953125,68.03486633300781,11.889006614685059,74.74429321289062,12.144000053405762,375.54998779296875,54.29999923706055,58.73699951171875,15.869999885559082,67.55870056152344,108.4566421508789,705.7846069335938,94.54954528808594,209.5224151611328,81.21571350097656,129.57000732421875,53.279998779296875,99.13999938964844,611.6099853515625,589.5545654296875,727.1842651367188,31.920032501220703,107.84803009033203,86.01200103759766,11.869999885559082,105.4800033569336,28.459999084472656,22.6200008392334,97.82157897949219,668.5409545898438,22.170000076293945,155.3800048828125,51.363624572753906,105.83120727539062,53.52186584472656,53.38107681274414,180.7143096923828,180.89889526367188,84.1565170288086,44.86238098144531,45.86277389526367,159.72869873046875,114.11865997314453,154.06568908691406
2026-06-29,64.22000122070312,131.5800018310547,50.74773406982422,42.36000061035156,18.225000381469727,15.220000267028809,19.059999465942383,36.86000061035156,88.49744415283203,75.73999786376953,16.469999313354492,37.22999954223633,26.510000228881836,519.9014892578125,71.94000244140625,13.07328987121582,368.5799865722656,174.73318481445312,189.77978515625,34.18000030517578,93.76179504394531,89.88999938964844,238.85311889648438,298.1911926269531,67.8260498046875,11.966397285461426,74.32667541503906,12.07699966430664,372.9800109863281,54.84000015258789,58.599998474121094,15.84000015258789,67.30892944335938,109.45756530761719,723.3262939453125,94.84780883789062,212.2521514892578,81.1959457397461,132.89999389648438,52.68000030517578,99.19999694824219,631.97998046875,613.9485473632812,739.1644897460938,31.802536010742188,108.04466247558594,86.10061645507812,11.430000305175781,107.08000183105469,28.3700008392334,21.700000762939453,97.3060531616211,679.263427734375,21.809999465942383,158.30999755859375,50.42792892456055,107.52561950683594,53.26340103149414,53.530548095703125,182.27012634277344,185.19387817382812,83.8187484741211,44.545047760009766,45.68408966064453,160.12718200683594,116.86261749267578,154.75294494628906
2026-06-30,65.61000061035156,133.25,50.885128021240234,42.060001373291016,18.204999923706055,15.369999885559082,18.690000534057617,37.939998626708984,89.84740447998047,76.97000122070312,16.75,37.72999954223633,26.670000076293945,520.6090698242188,73.8499984741211,12.704887390136719,368.3800048828125,174.8528594970703,190.17977905273438,33.290000915527344,93.27849578857422,90.5999984741211,242.13929748535156,299.6673583984375,67.83599090576172,12.014764785766602,74.42610931396484,12.491999626159668,372.0299987792969,54.40999984741211,58.91999816894531,15.880000114440918,66.50965118408203,108.36744689941406,735.6334838867188,94.14192199707031,211.97320556640625,81.13667297363281,134.55999755859375,53.470001220703125,98.41000366210938,655.8900146484375,640.3413696289062,744.9202270507812,31.107345581054688,107.58259582519531,85.08650207519531,11.720000267028809,106.44000244140625,28.40999984741211,21.290000915527344,95.60083770751953,685.0485229492188,22.030000686645508,158.25,50.59715270996094,106.77808380126953,52.79617691040039,53.420936584472656,184.73350524902344,190.2979278564453,82.52723693847656,43.662479400634766,45.00905227661133,158.0550994873047,117.02226257324219,153.64735412597656
2026-07-01,63.630001068115234,129.36000061035156,50.65940856933594,42.619998931884766,18.510000228881836,15.329999923706055,18.969999313354492,38.060001373291016,91.10736846923828,75.29000091552734,16.950000762939453,37.209999084472656,26.860000610351562,520.6190795898438,65.86000061035156,13.003592491149902,370.6000061035156,180.71685791015625,190.10977172851562,34.0,93.05187225341797,93.33999633789062,243.57763671875,298.540283203125,68.98946380615234,12.06313419342041,75.74857330322266,12.47700023651123,360.07000732421875,55.709999084472656,57.68000030517578,15.779999732971191,66.4596939086914,107.5949935913086,724.4151000976562,95.12619018554688,212.61080932617188,81.10494232177734,136.3000030517578,53.58000183105469,96.86000061035156,620.4600219726562,599.3081665039062,743.9127197265625,30.862560272216797,107.38206481933594,84.51136779785156,11.520000457763672,103.2699966430664,28.489999771118164,21.520000457763672,95.98748779296875,683.7020263671875,22.399999618530273,156.5500030517578,50.78628158569336,109.37950897216797,52.49795150756836,54.58680725097656,182.86851501464844,185.40362548828125,82.7557373046875,43.81122970581055,44.443214416503906,158.93173217773438,117.83048248291016,153.13938903808594
2026-07-02,61.849998474121094,125.91000366210938,51.091224670410156,42.90999984741211,18.54599952697754,15.130000114440918,19.049999237060547,37.38999938964844,90.6673812866211,76.6500015258789,16.860000610351562,37.290000915527344,26.739999771118164,526.0803833007812,60.630001068115234,13.690610885620117,378.1300048828125,183.7784881591797,195.68946838378906,34.869998931884766,93.14094543457031,93.56999969482422,247.9026336669922,296.8048095703125,68.2337417602539,12.014764785766602,74.59513854980469,12.340999603271484,359.6000061035156,55.86000061035156,57.150001525878906,15.869999885559082,67.16905212402344,111.02368927001953,711.8582153320312,96.87600708007812,214.10519409179688,81.20404815673828,134.86000061035156,55.02000045776367,98.19000244140625,592.2899780273438,565.9500122070312,742.9351806640625,30.480693817138672,107.54090118408203,84.5014877319336,11.579999923706055,103.9800033569336,28.34000015258789,21.229999542236328,97.17716217041016,683.0836181640625,22.40999984741211,160.4600067138672,51.77174377441406,109.2399673461914,52.9055290222168,55.42384338378906,183.41705322265625,180.37950134277344,84.4346923828125,44.30705642700195,45.42598342895508,163.11573791503906,116.86261749267578,154.02584838867188
2026-07-06,63.84000015258789,126.97000122070312,50.953826904296875,43.56999969482422,18.54599952697754,15.369999885559082,19.31399917602539,38.25,92.9073257446289,78.4800033569336,17.450000762939453,37.84000015258789,27.540000915527344,528.2828369140625,64.76000213623047,14.437372207641602,382.1300048828125,188.80477905273438,195.29949951171875,36.119998931884766,93.2003173828125,94.79000091552734,250.4896240234375,298.1213684082031,68.81047058105469,11.995417594909668,75.13208770751953,12.475000381469727,359.8500061035156,56.34000015258789,57.83000183105469,16.100000381469727,66.22990417480469,109.598388671875,722.067626953125,95.80225372314453,214.19483947753906,81.24369049072266,137.55999755859375,56.11000061035156,100.12999725341797,604.2999877929688,581.1300659179688,749.4190673828125,30.382780075073242,107.6997299194336,84.44219207763672,11.710000038146973,104.3499984741211,28.31999969482422,20.649999618530273,96.40386962890625,688.8487548828125,22.93000030517578,160.80999755859375,51.74188232421875,109.84796905517578,52.81605911254883,55.942012786865234,185.0626220703125,183.3560333251953,83.55050659179688,43.920310974121094,44.96934509277344,161.342529296875,117.75066375732422,153.3485565185547
2026-07-07,62.08000183105469,122.87000274658203,51.886146545410156,42.599998474121094,18.774999618530273,14.75,19.229999542236328,36.59000015258789,92.20733642578125,74.62999725341797,17.6299991607666,37.38999938964844,27.549999237060547,526.6484375,60.59000015258789,14.40945053100586,377.489990234375,188.28619384765625,198.21934509277344,36.150001525878906,92.72530364990234,94.12999725341797,244.82618713378906,295.4184265136719,68.36300659179688,11.918027877807617,74.64485931396484,11.744000434875488,366.29998779296875,56.099998474121094,56.439998626708984,16.31999969482422,66.4596939086914,111.23299407958984,708.6915283203125,96.99530792236328,213.9258575439453,81.12476348876953,139.00999450683594,54.459999084472656,98.43000030517578,581.4500122070312,551.3295288085938,745.85791015625,30.245698928833008,107.38206481933594,83.55281066894531,11.760000228881836,108.91999816894531,28.399999618530273,20.8700008392334,97.55390167236328,685.31787109375,23.09000015258789,163.8699951171875,51.2740364074707,110.65530395507812,54.317134857177734,55.85232925415039,181.89114379882812,178.97113037109375,84.3055419921875,44.51530075073242,45.366424560546875,163.8130645751953,117.13201904296875,156.73504638671875
2026-07-08,62.56999969482422,122.55999755859375,52.30814743041992,41.869998931884766,18.100000381469727,14.40999984741211,19.309999465942383,35.9900016784668,91.65735626220703,73.04000091552734,17.329999923706055,37.06999969482422,27.6200008392334,520.98779296875,62.040000915527344,14.000600814819336,374.45001220703125,185.79299926757812,196.32943725585938,35.22999954223633,92.53728485107422,92.4800033569336,239.3525390625,292.71551513671875,66.82173156738281,11.811617851257324,72.9246597290039,11.539999961853027,377.8299865722656,56.349998474121094,56.040000915527344,16.6200008392334,65.43062591552734,109.96717071533203,710.699462890625,95.03670501708984,211.40533447265625,81.10494232177734,138.85000610351562,52.83000183105469,97.33000183105469,593.0,561.6627807617188,743.5536499023438,30.14778709411621,107.262939453125,83.36505889892578,11.600000381469727,112.20999908447266,28.360000610351562,21.229999542236328,95.96765899658203,683.5025024414062,22.700000762939453,162.97000122070312,49.93022155761719,109.10043334960938,55.271461486816406,54.77613830566406,179.9364013671875,181.1885528564453,83.83861541748047,43.78147888183594,45.028907775878906,161.6812286376953,115.04661560058594,161.34666442871094
2026-07-09,63.83000183105469,124.3499984741211,51.96466064453125,43.0,18.489999771118164,14.600000381469727,19.344999313354492,36.630001068115234,94.25728607177734,75.4000015258789,17.25,37.75,27.709999084472656,522.4029541015625,64.36000061035156,14.070404052734375,378.17999267578125,188.20640563964844,197.3293914794922,35.810001373291016,92.73519897460938,93.87999725341797,239.34254455566406,296.4656982421875,67.93543243408203,11.898681640625,74.22724151611328,11.520999908447266,374.5,57.290000915527344,56.41999816894531,16.420000076293945,66.02009582519531,109.26947021484375,722.5271606445312,94.45012664794922,212.70046997070312,81.17432403564453,141.85000610351562,54.13999938964844,97.08999633789062,607.72998046875,581.3199462890625,749.8480224609375,30.45132064819336,107.33243560791016,83.49351501464844,10.829999923706055,109.01000213623047,28.360000610351562,20.809999465942383,96.25516510009766,688.9185791015625,23.049999237060547,164.27999877929688,50.029762268066406,110.14698791503906,54.49607467651367,55.3441276550293,180.62454223632812,185.1339569091797,82.65638732910156,43.860809326171875,44.80058670043945,161.5517120361328,116.59320831298828,158.82672119140625
2026-07-10,63.439998626708984,123.62000274658203,51.71931457519531,41.31999969482422,18.554000854492188,14.680000305175781,19.489999771118164,36.90999984741211,91.87734985351562,76.54000091552734,17.479999542236328,37.9900016784668,27.770000457763672,523.987548828125,63.040000915527344,14.429394721984863,377.010009765625,187.9870147705078,192.04966735839844,36.22999954223633,92.6560287475586,92.41000366210938,238.78318786621094,295.21893310546875,68.36300659179688,12.024439811706543,74.59513854980469,11.428000450134277,380.239990234375,57.380001068115234,56.689998626708984,16.440000534057617,66.14997100830078,108.44220733642578,724.7548217773438,94.45012664794922,213.49746704101562,81.14458465576172,139.77000427246094,53.95000076293945,99.12000274658203,611.030029296875,580.960205078125,753.0799560546875,30.774436950683594,107.34235382080078,83.4737548828125,10.600000381469727,108.69999694824219,28.389999389648438,20.34000015258789,96.48318481445312,692.0804443359375,23.719999313354492,159.02999877929688,50.65687561035156,111.27326965332031,54.754539489746094,55.513526916503906,181.432373046875,185.56344604492188,83.57038116455078,44.078975677490234,45.07854080200195,160.22679138183594,116.98234558105469,157.94024658203125
2026-07-13,61.29999923706055,121.44999694824219,52.690887451171875,40.59000015258789,18.225000381469727,14.289999961853027,19.610000610351562,35.869998931884766,91.83734893798828,74.3499984741211,17.549999237060547,37.939998626708984,27.719999313354492,522.6819458007812,57.29999923706055,14.269844055175781,367.1300048828125,188.19644165039062,189.53981018066406,35.220001220703125,92.319580078125,92.69999694824219,234.77784729003906,292.71551513671875,68.4326171875,11.918027877807617,74.694580078125,10.96500015258789,382.8999938964844,57.04999923706055,56.22999954223633,16.899999618530273,65.88021850585938,108.42227172851562,710.9990844726562,95.51393127441406,213.42771911621094,81.05538940429688,139.99000549316406,52.15999984741211,99.30999755859375,585.6199951171875,553.248291015625,747.3142700195312,30.324031829833984,107.12396240234375,82.97965240478516,10.369999885559082,117.79000091552734,28.5,21.020000457763672,96.98880767822266,686.7341918945312,23.65999984741211,155.33999633789062,50.34830093383789,111.22343444824219,56.40473175048828,55.872257232666016,179.8865203857422,181.06869506835938,84.03730010986328,44.32688903808594,45.38628005981445,160.79461669921875,115.78498840332031,164.53395080566406
2026-07-14,61.959999084472656,123.30999755859375,52.8184700012207,41.04999923706055,18.274999618530273,14.720000267028809,19.399999618530273,35.880001068115234,94.7272720336914,78.72000122070312,17.489999771118164,38.540000915527344,27.6299991607666,522.9012451171875,61.22999954223633,15.107486724853516,372.1499938964844,192.9434814453125,188.65985107421875,36.58000183105469,92.57686614990234,93.62999725341797,234.99758911132812,293.7428283691406,68.39283752441406,12.034112930297852,74.57525634765625,11.211999893188477,385.4100036621094,57.31999969482422,56.709999084472656,17.079999923706055,65.4006576538086,106.42884826660156,718.9408569335938,95.36479949951172,212.65065002441406,81.19413757324219,139.30999755859375,53.16999816894531,101.25,600.3099975585938,567.5488891601562,749.9677124023438,30.216325759887695,107.22323608398438,83.0883560180664,10.520000457763672,120.16999816894531,28.389999389648438,20.65999984741211,96.73104095458984,689.3275146484375,23.90999984741211,155.4499969482422,50.40802001953125,111.08389282226562,56.613487243652344,55.98187255859375,179.96630859375,183.4059600830078,82.87494659423828,44.10872268676758,45.35649490356445,157.68650817871094,115.64529418945312,165.19134521484375
2026-07-15,61.119998931884766,123.2300033569336,52.21001052856445,41.220001220703125,18.371999740600586,14.699999809265137,19.6299991607666,36.029998779296875,93.08731079101562,77.26000213623047,17.790000915527344,38.630001068115234,27.979999542236328,524.1569213867188,57.400001525878906,15.476448059082031,372.3500061035156,195.78573608398438,189.88978576660156,36.810001373291016,92.80447387695312,93.94000244140625,236.14625549316406,294.99951171875,69.19828033447266,12.121176719665527,75.35083770751953,11.187999725341797,382.05999755859375,58.650001525878906,56.63999938964844,17.170000076293945,65.71037292480469,107.16641235351562,716.9928588867188,94.5793685913086,212.17245483398438,81.26351165771484,137.02999877929688,52.209999084472656,101.8499984741211,590.77001953125,554.9072265625,752.9403076171875,30.226118087768555,107.28279113769531,83.24646759033203,10.550000190734863,121.37999725341797,28.25,20.059999465942383,97.01854705810547,692.0205688476562,24.920000076293945,156.22000122070312,50.2686653137207,113.00755310058594,56.16614532470703,56.360530853271484,179.57736206054688,181.36834716796875,82.92462158203125,44.18805694580078,44.889930725097656,157.68650817871094,116.74288177490234,164.20526123046875
2026-07-16,59.310001373291016,122.26000213623047,52.94605255126953,40.09000015258789,18.559999465942383,14.199999809265137,19.3700008392334,35.529998779296875,91.8873519897461,74.68000030517578,17.6200008392334,38.060001373291016,27.59000015258789,523.0407104492188,52.34000015258789,15.087542533874512,364.9599914550781,191.75672912597656,189.4998016357422,36.38999938964844,92.7450942993164,93.69999694824219,230.62265014648438,294.82000732421875,70.88871002197266,12.295304298400879,77.47872161865234,10.65999984741211,377.0899963378906,58.47999954223633,56.779998779296875,16.959999084472656,66.17994689941406,109.51864624023438,705.2051391601562,97.55207061767578,214.25462341308594,81.26351165771484,136.3800048828125,50.38999938964844,100.27999877929688,568.9199829101562,530.1533813476562,748.8604125976562,29.687589645385742,107.18352508544922,83.21681213378906,10.420000076293945,119.30000305175781,28.34000015258789,20.559999465942383,99.20954132080078,688.3699951171875,24.920000076293945,152.0,50.65687561035156,112.27995300292969,56.683074951171875,56.549861907958984,179.6671142578125,177.31307983398438,85.24932861328125,45.080543518066406,45.13810348510742,161.18313598632812,117.0821304321289,165.77899169921875
2026-07-17,58.70000076293945,121.12000274658203,53.02456283569336,39.869998931884766,18.364999771118164,14.015000343322754,19.179000854492188,34.400001525878906,92.35733795166016,73.3499984741211,17.780000686645508,37.91999816894531,27.84000015258789,519.181884765625,52.720001220703125,14.838244438171387,368.4100036621094,187.85736083984375,189.74978637695312,36.349998474121094,92.86384582519531,92.80000305175781,230.4628448486328,293.2740478515625,69.84461975097656,12.130850791931152,76.25569152832031,10.562000274658203,378.989990234375,57.56999969482422,56.29999923706055,17.25,65.63044738769531,109.6781234741211,694.606201171875,97.24385833740234,212.57095336914062,81.25360107421875,136.10000610351562,50.779998779296875,100.22000122070312,556.530029296875,521.4690551757812,741.4487915039062,29.716964721679688,107.48133087158203,83.52315521240234,10.510000228881836,123.95999908447266,28.329999923706055,21.649999618530273,99.15996551513672,681.4178466796875,25.25,154.25999450683594,50.298526763916016,110.2865219116211,57.339176177978516,56.061588287353516,178.92910766601562,175.3853302001953,84.63338470458984,45.04087448120117,44.84029006958008,160.475830078125,115.18630981445312,169.50413513183594
2026-07-20,59.13999938964844,120.20999908447266,53.45637512207031,38.279998779296875,18.264999389648438,13.880000114440918,19.452999114990234,34.25,91.787353515625,73.86000061035156,17.90999984741211,38.41999816894531,28.020000457763672,516.3208618164062,53.060001373291016,15.277009010314941,367.6000061035156,187.21910095214844,186.5199737548828,36.88999938964844,92.56697082519531,92.9800033569336,229.00453186035156,291.5485534667969,69.09883880615234,11.930380821228027,75.46022033691406,10.187999725341797,375.17999267578125,58.11000061035156,55.70000076293945,17.3799991607666,65.69039154052734,107.55513763427734,695.33544921875,97.07484436035156,211.62451171875,81.22386169433594,136.66000366210938,50.97999954223633,99.0,558.8300170898438,523.7975463867188,740.2518310546875,29.677797317504883,107.262939453125,82.90059661865234,10.289999961853027,125.51000213623047,28.389999389648438,21.229999542236328,98.62461853027344,680.4603271484375,24.989999771118164,150.94000244140625,49.80081558227539,110.43603515625,57.59763717651367,55.84236526489258,177.64256286621094,175.50518798828125,84.3055419921875,44.85246276855469,44.611968994140625,158.64285278320312,114.3581314086914,169.36468505859375
2026-07-21,61.0,123.13999938964844,53.38768005371094,39.560001373291016,18.170000076293945,14.430000305175781,19.219999313354492,34.88999938964844,90.57738494873047,78.23999786376953,18.010000228881836,39.529998779296875,28.149999618530273,519.879638671875,58.849998474121094,15.486419677734375,374.80999755859375,188.09671020507812,189.29981994628906,37.66999816894531,92.33936309814453,91.81999969482422,229.4739990234375,295.7675476074219,69.15850830078125,11.989054679870605,75.54971313476562,10.300000190734863,383.489990234375,57.349998474121094,56.20000076293945,17.649999618530273,65.53053283691406,109.01033020019531,708.2319946289062,97.30352020263672,211.96322631835938,81.15450286865234,136.02000427246094,53.08000183105469,100.4000015258789,584.0800170898438,552.328857421875,746.426513671875,30.000913619995117,107.09417724609375,82.67330932617188,10.399999618530273,128.85000610351562,28.479999542236328,20.65999984741211,98.66426849365234,686.1057739257812,25.200000762939453,154.5,49.8704948425293,109.6685562133789,58.154327392578125,55.91211700439453,178.18112182617188,180.56927490234375,83.5107650756836,44.822715759277344,44.59211730957031,159.6390380859375,114.61756134033203,173.1396484375
2026-07-22,60.13999938964844,123.62999725341797,53.799861907958984,38.849998474121094,17.920000076293945,14.489999771118164,18.940000534057617,34.88999938964844,89.32742309570312,79.98999786376953,18.280000686645508,39.25,28.229999542236328,519.8397827148438,57.77000045776367,15.496392250061035,379.1199951171875,189.29344177246094,186.9899444580078,37.34000015258789,92.13154602050781,89.0199966430664,230.8424072265625,293.0246887207031,68.93975067138672,11.87170696258545,75.17185974121094,10.425999641418457,388.4800109863281,56.369998931884766,56.599998474121094,17.809999465942383,65.18085479736328,108.26280212402344,704.61572265625,96.94560241699219,211.90345764160156,81.09503936767578,133.19000244140625,53.91999816894531,101.66999816894531,586.9099731445312,555.1570434570312,745.55859375,30.20653533935547,106.98497772216797,82.45589447021484,10.600000381469727,131.67999267578125,28.450000762939453,20.719999313354492,98.16856384277344,685.2680053710938,26.0,152.11000061035156,50.587196350097656,108.8412857055664,58.85019302368164,55.85232925415039,178.37060546875,180.05987548828125,83.82867431640625,44.63429641723633,45.59474563598633,158.82215881347656,113.76942443847656,175.888671875
2026-07-23,59.33000183105469,124.19000244140625,53.907814025878906,38.81999969482422,17.67099952697754,14.315999984741211,18.610000610351562,34.310001373291016,87.71746826171875,78.37000274658203,18.309999465942383,38.2400016784668,28.239999771118164,514.6461181640625,58.29999923706055,15.077569961547852,371.5199890136719,186.8201904296875,188.96983337402344,36.650001525878906,91.88414764404297,87.0999984741211,237.9541473388672,291.3291015625,68.38289642333984,11.695685386657715,74.72441101074219,10.529999732971191,382.9599914550781,54.68000030517578,57.5099983215332,18.059999465942383,64.4515151977539,109.58841705322266,691.23974609375,97.38304901123047,211.12637329101562,81.03556823730469,129.72000122070312,52.060001373291016,101.83000183105469,580.1699829101562,550.8798217773438,736.3515014648438,30.164430618286133,106.70701599121094,82.18907928466797,10.609999656677246,139.49000549316406,28.559999465942383,21.780000686645508,97.8414077758789,676.8695068359375,25.6299991607666,152.22999572753906,50.059627532958984,105.03382873535156,59.02912902832031,55.63310623168945,181.45233154296875,178.2419891357422,82.66632080078125,44.57480239868164,45.852848052978516,160.8245086669922,108.52098846435547,174.96237182617188
2026-07-24,57.97999954223633,121.12000274658203,53.96670150756836,37.810001373291016,17.790000915527344,14.069999694824219,18.91699981689453,33.83000183105469,88.39745330810547,77.72000122070312,18.299999237060547,38.349998474121094,28.239999771118164,517.1383056640625,53.20000076293945,14.977851867675781,371.8999938964844,186.391357421875,188.1298828125,36.349998474121094,92.06227111816406,87.9800033569336,239.86195373535156,290.4115295410156,68.96957397460938,11.764137268066406,75.3011245727539,10.175000190734863,391.6600036621094,54.75,57.689998626708984,17.950000762939453,64.9710464477539,110.26618194580078,683.5177612304688,98.7451171875,212.77020263671875,81.11485290527344,131.9600067138672,52.59000015258789,103.48999786376953,561.1900024414062,526.6656494140625,737.099609375,30.813602447509766,106.71694946289062,82.26814270019531,10.550000190734863,136.69000244140625,28.579999923706055,21.440000534057617,99.94317626953125,677.398193359375,25.219999313354492,150.47999572753906,51.02518081665039,105.95081329345703,59.2677116394043,56.111412048339844,182.17039489746094,175.67498779296875,83.58030700683594,45.56645584106445,45.952117919921875,161.9501953125,109.16956329345703,173.3587646484375
2026-07-27,58.29999923706055,120.41000366210938,53.22084045410156,37.790000915527344,18.479999542236328,14.1899995803833,19.479999542236328,34.34000015258789,89.09742736816406,77.9000015258789,17.90999984741211,38.77000045776367,27.6200008392334,519.6304931640625,52.43000030517578,15.675887107849121,374.6300048828125,188.1365966796875,188.3198699951172,36.77000045776367,92.3096694946289,90.91000366210938,243.62757873535156,292.14697265625,68.83036804199219,11.83259105682373,75.0923080444336,10.317000389099121,385.67999267578125,56.369998931884766,57.47999954223633,17.34000015258789,66.5895767211914,110.9439468383789,681.4099731445312,98.22813415527344,214.37416076660156,81.13467407226562,135.83999633789062,52.93000030517578,104.0999984741211,548.5499877929688,515.8927001953125,737.25927734375,30.519859313964844,106.60774993896484,82.76223754882812,10.109999656677246,124.76000213623047,28.600000381469727,21.3799991607666,99.67549896240234,677.5677490234375,24.520000457763672,150.58999633789062,51.15458679199219,107.30635070800781,58.01515579223633,56.67940139770508,182.7089385986328,174.09683227539062,84.80227661132812,45.37803649902344,45.3465690612793,162.7770233154297,110.5964126586914,168.40850830078125
2026-07-28,57.2400016784668,116.0199966430664,53.78023147583008,37.81999969482422,19.12700080871582,13.949999809265137,19.66200065612793,33.97999954223633,89.27742004394531,76.5199966430664,18.079999923706055,38.33000183105469,27.84000015258789,525.2428588867188,47.77000045776367,15.436559677124023,369.3699951171875,188.3360595703125,190.509765625,36.13999938964844,92.58676147460938,91.77999877929688,244.6963348388672,292.60577392578125,69.90428924560547,11.998834609985352,76.3551254272461,10.050000190734863,371.3500061035156,57.11000061035156,57.099998474121094,17.059999465942383,67.73853302001953,113.19651794433594,674.786865234375,98.4766845703125,216.87477111816406,81.20404815673828,137.89999389648438,51.70000076293945,104.41000366210938,529.5999755859375,491.1388854980469,739.0248413085938,30.294658660888672,106.87578582763672,83.24646759033203,9.800000190734863,120.48999786376953,28.579999923706055,21.239999771118164,100.08197021484375,679.2135620117188,24.6200008392334,149.77999877929688,52.10023498535156,109.30973815917969,57.22982406616211,57.3968620300293,182.0008544921875,170.89056396484375,86.49116516113281,45.62594985961914,45.187740325927734,166.622314453125,112.2328109741211,165.70925903320312
2026-07-29,55.97999954223633,110.36000061035156,53.799861907958984,37.5,19.110000610351562,13.880000114440918,19.61199951171875,33.68000030517578,88.78743743896484,76.13999938964844,17.829999923706055,38.349998474121094,27.489999771118164,513.7987060546875,44.849998474121094,15.177290916442871,371.0799865722656,183.8682403564453,188.51986694335938,36.0,92.20081329345703,92.37000274658203,235.98643493652344,287.81829833984375,69.25794219970703,11.86192798614502,75.74857330322266,9.902000427246094,367.94000244140625,56.72999954223633,54.9900016784668,17.56999969482422,67.77849578857422,113.04701232910156,661.0411376953125,98.41703033447266,214.92210388183594,81.25360107421875,138.55999755859375,51.77000045776367,103.62999725341797,504.2200012207031,464.6961669921875,727.6531372070312,29.912792205810547,106.98497772216797,81.87285614013672,9.930000305175781,129.30999755859375,28.420000076293945,22.530000686645508,99.79447174072266,668.9100341796875,24.5,147.91000366210938,51.502986907958984,109.1502685546875,58.303443908691406,56.480106353759766,176.1864776611328,166.3758544921875,86.7892074584961,45.57637023925781,44.582191467285156,165.606201171875,111.3647232055664,171.35675048828125
2026-07-30,58.689998626708984,115.22000122070312,53.80967712402344,39.2599983215332,19.290000915527344,14.430000305175781,19.229999542236328,34.900001525878906,90.01740264892578,79.5,17.760000228881836,39.34000015258789,27.479999542236328,519.879638671875,52.34000015258789,15.476448059082031,377.1600036621094,186.3813934326172,189.94979858398438,36.70000076293945,92.24040222167969,93.30999755859375,237.85427856445312,291.82781982421875,69.08890533447266,11.813033103942871,75.47016143798828,10.067000389099121,375.8299865722656,57.06999969482422,56.099998474121094,17.5,66.98921966552734,111.23299407958984,682.8384399414062,95.54375457763672,214.57342529296875,81.27342224121094,140.02999877929688,53.5,106.43000030517578,538.9000244140625,504.2003479003906,739.852783203125,30.54923439025879,106.95519256591797,81.82345581054688,10.010000228881836,127.4800033569336,28.139999389648438,21.06999969482422,98.63452911376953,680.0413818359375,24.6200008392334,151.4600067138672,51.4034423828125,106.22989654541016,58.611610412597656,56.798980712890625,177.91183471679688,175.52516174316406,84.91156005859375,44.921878814697266,44.334014892578125,162.89657592773438,112.14300537109375,174.17550659179688
2026-07-31,58.88999938964844,117.05000305175781,54.290557861328125,38.560001373291016,19.34000015258789,14.34000015258789,19.118999481201172,35.220001220703125,91.82735443115234,78.86000061035156,17.649999618530273,39.560001373291016,27.510000228881836,522.680908203125,50.369998931884766,15.007766723632812,371.5400085449219,185.7530975341797,186.3999786376953,35.63999938964844,91.98310089111328,94.58000183105469,239.38250732421875,290.4414367675781,69.25794219970703,11.725022315979004,75.6292495727539,9.935999870300293,384.80999755859375,59.4900016784668,56.36000061035156,17.559999465942383,66.80937957763672,110.03694152832031,687.2738647460938,95.55370330810547,214.20480346679688,81.26351165771484,143.0,52.36000061035156,105.4800033569336,540.530029296875,504.56011962890625,745.1796264648438,30.226118087768555,106.84599304199219,81.27993774414062,10.0600004196167,129.1699981689453,28.170000076293945,20.510000228881836,98.09916687011719,684.8889770507812,23.809999465942383,147.00999450683594,50.1989860534668,107.88443756103516,59.198123931884766,56.73918914794922,179.3579559326172,175.14561462402344,84.49430084228516,44.69379806518555,44.026275634765625,161.93026733398438,115.83487701416016,176.69544982910156
2026-08-03,60.56999969482422,120.25,54.11390686035156,39.619998931884766,19.940000534057617,14.449999809265137,19.020000457763672,35.93000030517578,93.90729522705078,79.36000061035156,17.93000030517578,39.63999938964844,27.790000915527344,529.559326171875,51.130001068115234,15.03768253326416,371.7099914550781,186.8102264404297,185.90000915527344,36.15999984741211,92.16979217529297,97.41999816894531,245.79507446289062,295.4483642578125,70.123046875,11.989054679870605,76.62358856201172,10.015000343322754,382.1300048828125,61.04999923706055,57.540000915527344,17.25,66.74942779541016,108.27275848388672,699.34130859375,95.46421813964844,216.2969512939453,81.28438568115234,147.97999572753906,52.459999084472656,105.58999633789062,545.4600219726562,507.3482666015625,755.793212890625,30.54923439025879,106.86000061035156,81.5478286743164,10.109999656677246,122.12000274658203,28.170000076293945,20.350000381469727,98.2181396484375,694.6139526367188,24.260000228881836,147.30999755859375,50.77632522583008,110.97425079345703,58.4426155090332,57.17763900756836,182.66905212402344,177.83245849609375,84.3055419921875,44.80288314819336,44.03620529174805,161.6214599609375,117.9502182006836,173.58786010742188
2026-08-04,63.130001068115234,122.66000366210938,53.97651290893555,40.70000076293945,19.917999267578125,14.949999809265137,19.260000228881836,37.09000015258789,97.93717956542969,83.98999786376953,17.75,40.13999938964844,27.65999984741211,538.7405395507812,54.88999938964844,15.089612007141113,374.1600036621094,188.48565673828125,190.1397705078125,36.38999938964844,92.5967788696289,102.0,250.35977172851562,300.9240417480469,70.8986587524414,12.14551830291748,77.399169921875,10.418999671936035,392.1499938964844,61.70000076293945,58.58000183105469,16.899999618530273,67.16905212402344,107.79434204101562,723.0964965820312,95.16596221923828,219.40525817871094,81.38379669189453,153.42999267578125,53.84000015258789,108.52999877929688,575.7100219726562,541.8557739257812,769.4193725585938,31.264007568359375,107.05000305175781,82.17289733886719,9.770000457763672,115.77999877929688,28.15999984741211,20.450000762939453,98.06942749023438,707.16162109375,23.860000610351562,151.8800048828125,51.76179122924805,111.67195892333984,58.17420959472656,57.67587661743164,185.90036010742188,186.68214416503906,84.81221008300781,44.79296112060547,43.78803253173828,161.48199462890625,118.03004455566406,171.26710510253906
2026-08-05,62.36000061035156,122.05999755859375,53.34842300415039,41.2400016784668,20.09000015258789,15.210000038146973,18.825000762939453,37.29999923706055,97.56718444824219,86.72000122070312,17.6200008392334,40.849998474121094,27.6299991607666,541.1130981445312,53.7400016784668,15.429153442382812,389.6400146484375,189.4330596923828,191.78968811035156,36.7400016784668,92.65635681152344,101.30999755859375,251.98788452148438,298.9891052246094,70.600341796875,12.008612632751465,76.9020004272461,10.5,385.05999755859375,61.22999954223633,58.650001525878906,16.979999542236328,67.4288101196289,109.5086898803711,716.5533447265625,96.0508041381836,218.90713500976562,81.41361999511719,153.47999572753906,56.06999969482422,110.0,569.7000122070312,530.353271484375,767.8831787109375,30.872352600097656,107.0,82.35150146484375,9.739999771118164,114.87999725341797,28.09000015258789,19.770000457763672,98.06942749023438,705.78515625,24.059999465942383,153.00999450683594,52.398860931396484,110.50580596923828,56.97136306762695,57.79545211791992,185.8505096435547,185.69329833984375,84.77247619628906,44.822715759277344,43.34131622314453,163.5341339111328,118.3792724609375,164.53395080566406
2026-08-06,61.95000076293945,121.13999938964844,54.005950927734375,40.54999923706055,19.770000457763672,15.069999694824219,18.763999938964844,36.939998626708984,96.38722229003906,86.08999633789062,17.610000610351562,40.7599983215332,27.43000030517578,536.507568359375,51.439998626708984,15.359248161315918,389.6700134277344,186.54095458984375,192.95962524414062,36.4900016784668,92.29887390136719,99.41999816894531,249.70054626464844,297.47308349609375,69.75513458251953,12.096624374389648,76.05681610107422,10.6899995803833,392.0799865722656,60.209999084472656,58.349998474121094,17.229999542236328,66.50965118408203,110.26618194580078,713.9061279296875,95.41451263427734,217.76144409179688,81.31421661376953,150.58999633789062,55.849998474121094,108.80000305175781,571.47998046875,532.1720581054688,766.65625,30.83220672607422,106.87000274658203,81.875244140625,9.630000114440918,118.87000274658203,28.190000534057617,19.530000686645508,97.1969985961914,704.5883178710938,23.719999313354492,154.5,51.93101119995117,110.81478118896484,57.81633758544922,57.60612487792969,184.26475524902344,185.11398315429688,84.55390930175781,44.435970306396484,43.063358306884766,163.82302856445312,117.84046173095703,166.38656616210938
2026-08-07,63.349998474121094,123.54000091552734,53.34842300415039,43.040000915527344,19.985000610351562,15.420000076293945,19.059999465942383,37.61000061035156,97.84717559814453,88.02999877929688,17.639999389648438,39.900001525878906,27.6200008392334,537.93310546875,50.599998474121094,15.439140319824219,398.4700012207031,187.73768615722656,197.69937133789062,36.79999923706055,92.517333984375,102.69000244140625,250.45965576171875,300.7744445800781,69.57614135742188,12.35087776184082,75.77840423583984,11.178000450134277,388.2799987792969,61.310001373291016,58.689998626708984,17.25,67.4188232421875,110.79444885253906,722.2774047851562,96.04086303710938,219.26577758789062,81.4334945678711,156.1699981689453,57.5,110.0199966430664,582.7000122070312,542.9150390625,771.3446044921875,31.126928329467773,107.08000183105469,82.11337280273438,9.739999771118164,117.9800033569336,28.06999969482422,19.559999465942383,97.5836410522461,708.8872680664062,23.90999984741211,157.3699951171875,52.617855072021484,110.88455200195312,57.16023635864258,57.3968620300293,184.6836395263672,187.7509002685547,84.5638427734375,44.604549407958984,43.29167938232422,165.04832458496094,119.59659576416016,165.73915100097656
2026-08-10,63.5099983215332,122.44000244140625,54.02558135986328,44.310001373291016,20.190000534057617,15.611000061035156,19.040000915527344,37.41999816894531,100.59709930419922,89.51000213623047,17.639999389648438,40.18000030517578,27.81999969482422,537.3049926757812,49.599998474121094,15.089612007141113,402.5400085449219,187.71774291992188,200.00924682617188,36.22999954223633,92.11021423339844,105.01000213623047,250.8392333984375,299.1985778808594,69.54631042480469,12.24330997467041,75.59942626953125,11.380999565124512,411.3399963378906,61.220001220703125,58.29999923706055,17.829999923706055,67.0291748046875,112.36924743652344,720.11962890625,94.51972198486328,219.39529418945312,81.37385559082031,160.77999877929688,59.40999984741211,110.06999969482422,569.4099731445312,529.0441284179688,771.1151733398438,30.79891586303711,106.86000061035156,81.41883850097656,10.140000343322754,125.91999816894531,28.139999389648438,19.549999237060547,96.27499389648438,708.827392578125,24.010000228881836,158.02999877929688,52.93638610839844,111.462646484375,59.82440185546875,57.60612487792969,184.10519409179688,186.1028289794922,84.39495086669922,44.02939224243164,42.815185546875,167.79782104492188,119.4070053100586,175.23129272460938
2026-08-11,63.20000076293945,122.97000122070312,54.31999588012695,44.54999923706055,20.209999084472656,15.329999923706055,19.22100067138672,37.47999954223633,99.9171142578125,88.58999633789062,17.56999969482422,40.220001220703125,27.59000015258789,535.6004028320312,50.88999938964844,15.129558563232422,400.9599914550781,187.46841430664062,199.72926330566406,35.939998626708984,92.21944427490234,103.91999816894531,251.6083221435547,300.2059326171875,70.11310577392578,12.36065673828125,76.37500762939453,11.180000305175781,415.29998779296875,60.869998931884766,58.70000076293945,17.90999984741211,67.34889221191406,111.651611328125,717.7021484375,92.49152374267578,219.86354064941406,81.38379669189453,161.08999633789062,58.54999923706055,109.33999633789062,572.9299926757812,533.8509521484375,768.6513061523438,31.032930374145508,106.88999938964844,81.5478286743164,10.069999694824219,127.61000061035156,28.139999389648438,19.299999237060547,95.55126953125,706.6030883789062,23.709999084472656,158.07000732421875,52.99611282348633,110.90447998046875,60.569969177246094,57.59615707397461,185.20223999023438,185.87307739257812,84.13665771484375,43.71206283569336,43.3115348815918,167.36944580078125,118.97795104980469,177.66160583496094
2026-08-12,63.77000045776367,123.44999694824219,54.66999816894531,44.689998626708984,20.18000030517578,15.5600004196167,19.12700080871582,37.810001373291016,100.38710021972656,88.30000305175781,18.200000762939453,40.02000045776367,27.84000015258789,535.4708251953125,54.79999923706055,15.109585762023926,404.9200134277344,188.90451049804688,200.70921325683594,35.88999938964844,92.30880737304688,103.08000183105469,251.32864379882812,301.92144775390625,70.62023162841797,12.36065673828125,76.94178009033203,11.5,413.239990234375,59.91999816894531,58.4900016784668,17.969999313354492,68.43789672851562,111.06355285644531,722.9467163085938,93.14771270751953,220.2520751953125,81.4334945678711,162.55999755859375,59.060001373291016,109.61000061035156,584.8300170898438,546.2528076171875,770.5764770507812,31.45591926574707,106.91999816894531,81.46845245361328,10.199999809265137,127.30000305175781,28.200000762939453,18.770000457763672,96.47327423095703,708.3485717773438,24.360000610351562,159.38999938964844,52.33913803100586,109.90776824951172,60.669376373291016,57.71573257446289,185.38177490234375,188.63986206054688,84.52410888671875,44.1186408996582,43.52000045776367,167.79782104492188,117.63092041015625,177.8707733154297
2026-08-13,64.62000274658203,122.77999877929688,54.349998474121094,44.31999969482422,20.360000610351562,15.390000343322754,19.2450008392334,37.81999969482422,102.19705200195312,85.5199966430664,17.90999984741211,39.849998474121094,27.6200008392334,536.2283935546875,56.93000030517578,15.169504165649414,398.9599914550781,191.48745727539062,198.92930603027344,35.880001068115234,92.64643096923828,106.27999877929688,249.40089416503906,302.7093811035156,71.00804138183594,12.54645824432373,77.30968475341797,11.34000015258789,410.57000732421875,59.599998474121094,58.310001373291016,17.770000457763672,68.96741485595703,111.15325927734375,731.3079833984375,94.60920715332031,221.89588928222656,81.5428466796875,168.91000366210938,58.15999984741211,108.5,589.1199951171875,550.380126953125,775.9531860351562,31.714412689208984,107.16000366210938,81.94469451904297,9.970000267028809,125.02999877929688,28.18000030517578,18.860000610351562,97.73235321044922,713.1163330078125,24.31999969482422,156.86000061035156,52.07037353515625,112.18028259277344,60.69920349121094,58.054534912109375,185.2919921875,190.54763793945312,85.43809509277344,44.74338150024414,43.718544006347656,167.73805236816406,118.18968963623047,178.45843505859375
2026-08-14,64.19999694824219,124.75,54.959999084472656,43.45000076293945,20.399999618530273,15.437000274658203,19.569000244140625,37.7400016784668,99.59712219238281,85.69999694824219,18.260000228881836,40.0099983215332,27.770000457763672,535.1218872070312,57.31999969482422,15.119572639465332,401.4800109863281,190.64974975585938,198.24932861328125,35.630001068115234,92.38824462890625,104.08000183105469,252.9268035888672,304.2952575683594,71.26657104492188,12.468226432800293,77.48866271972656,11.65999984741211,421.3299865722656,59.36000061035156,58.59000015258789,17.90999984741211,68.88748931884766,110.49542999267578,730.3090209960938,94.85775756835938,221.9357452392578,81.51302337646484,165.33999633789062,58.47999954223633,107.95999908447266,587.8200073242188,550.0603637695312,774.4169921875,31.89065933227539,106.98999786376953,81.39900207519531,9.920000076293945,126.5999984741211,28.110000610351562,18.6299991607666,97.9802017211914,711.77978515625,24.969999313354492,157.41000366210938,52.299320220947266,112.57896423339844,61.5441780090332,57.95488739013672,186.01007080078125,189.78851318359375,85.52750396728516,44.89213180541992,43.986572265625,166.7318878173828,117.94023895263672,179.773193359375
2026-08-17,64.0,124.86000061035156,54.689998626708984,44.040000915527344,20.090999603271484,15.5600004196167,19.46500015258789,37.81999969482422,97.78717803955078,87.33999633789062,18.459999084472656,40.130001068115234,28.139999389648438,532.52001953125,60.38999938964844,15.339274406433105,405.489990234375,190.48020935058594,201.9191436767578,36.41999816894531,92.18965148925781,101.98999786376953,250.9091339111328,303.2679443359375,70.66000366210938,12.34109878540039,76.95172119140625,11.670000076293945,426.6000061035156,58.470001220703125,58.72999954223633,18.209999084472656,68.16814422607422,110.71470642089844,729.1102294921875,94.04249572753906,219.96315002441406,81.51302337646484,162.24000549316406,59.56999969482422,108.30000305175781,594.0700073242188,558.7546997070312,770.7560424804688,31.63804054260254,106.7699966430664,80.71438598632812,9.829999923706055,130.2899932861328,28.100000381469727,18.81999969482422,97.13751220703125,708.4483642578125,25.0,159.52999877929688,52.000694274902344,110.45596313476562,62.21022415161133,57.37693405151367,185.82058715820312,190.09815979003906,84.12671661376953,44.45580291748047,43.857521057128906,166.41311645507812,116.4934310913086,182.62184143066406
2026-08-18,62.529998779296875,120.27999877929688,55.310001373291016,43.209999084472656,20.06999969482422,15.210000038146973,19.16900062561035,36.54999923706055,97.43719482421875,85.56999969482422,18.420000076293945,39.18000030517578,28.030000686645508,531.2440185546875,55.099998474121094,15.38920783996582,398.54998779296875,189.8818359375,203.54905700683594,36.599998474121094,92.27902221679688,101.95999908447266,251.86802673339844,299.44793701171875,70.20259857177734,12.321540832519531,76.41477966308594,11.239999771118164,420.489990234375,58.310001373291016,57.310001373291016,18.200000762939453,67.71855163574219,112.82772827148438,716.7631225585938,93.85359954833984,218.96690368652344,81.53289794921875,161.3699951171875,57.439998626708984,106.69000244140625,569.77001953125,531.0427856445312,765.5490112304688,31.009431838989258,107.0199966430664,81.02196502685547,10.100000381469727,130.66000366210938,28.139999389648438,18.860000610351562,96.78060913085938,703.5908813476562,24.709999084472656,160.11000061035156,51.54280090332031,110.11708068847656,63.3037223815918,57.636016845703125,183.0779571533203,185.40362548828125,85.02083587646484,44.25747299194336,43.69868850708008,169.0828857421875,116.10428619384766,184.6138916015625
2026-08-19,62.9900016784668,118.19999694824219,54.900001525878906,47.72999954223633,20.149999618530273,15.399999618530273,19.44099998474121,36.380001068115234,95.53724670410156,88.27999877929688,18.760000228881836,39.38999938964844,28.290000915527344,532.5997924804688,55.13999938964844,16.90715789794922,413.8399963378906,189.6624298095703,216.94834899902344,38.779998779296875,92.72586059570312,102.80999755859375,245.86497497558594,300.93402099609375,68.73092651367188,12.419330596923828,74.57525634765625,11.229999542236328,418.69000244140625,60.099998474121094,56.779998779296875,18.329999923706055,68.00828552246094,116.89431762695312,715.3345947265625,94.7483901977539,221.23837280273438,81.57266235351562,161.1699981689453,60.0099983215332,106.69999694824219,560.9199829101562,519.3304443359375,767.1549682617188,31.058387756347656,107.51000213623047,82.371337890625,10.010000228881836,130.91000366210938,27.8799991607666,18.309999465942383,97.76209259033203,705.096923828125,25.34000015258789,169.5500030517578,52.27941131591797,110.9543228149414,63.204315185546875,57.277286529541016,181.46229553222656,183.4259490966797,85.97456359863281,44.61446762084961,43.69868850708008,175.0102081298828,118.32938385009766,185.58999633789062
2026-08-20,63.029998779296875,115.37999725341797,54.90999984741211,47.63999938964844,20.049999237060547,15.430000305175781,19.48900032043457,35.810001373291016,93.44730377197266,89.93000030517578,18.829999923706055,39.349998474121094,28.3799991607666,525.8609619140625,57.58000183105469,18.704727172851562,415.260009765625,188.3360595703125,210.81866455078125,41.20000076293945,92.34852600097656,101.91000366210938,237.28492736816406,296.89459228515625,68.2337417602539,12.301982879638672,74.28690338134766,11.329999923706055,416.05999755859375,59.380001068115234,56.040000915527344,18.549999237060547,67.52871704101562,114.70155334472656,710.18994140625,95.20572662353516,219.455078125,81.53289794921875,159.41000366210938,61.65999984741211,104.80000305175781,562.6500244140625,522.0086669921875,760.7109985351562,30.9996395111084,107.5199966430664,81.6966552734375,10.010000228881836,134.5399932861328,27.90999984741211,18.440000534057617,97.75218200683594,699.2120971679688,25.3799991607666,163.3800048828125,52.179866790771484,110.31642150878906,63.37330627441406,56.7491569519043,179.28814697265625,182.88658142089844,84.76253509521484,44.70371627807617,43.45051193237305,171.73275756835938,116.423583984375,186.70555114746094
2026-08-21,63.43000030517578,115.2699966430664,54.75,49.45000076293945,20.058000564575195,15.979999542236328,19.649999618530273,36.040000915527344,94.84725952148438,94.58999633789062,19.010000228881836,39.9900016784668,28.31999969482422,530.99609375,57.68000030517578,19.423757553100586,423.3599853515625,194.00059509277344,213.54852294921875,43.68000030517578,92.16979217529297,103.37000274658203,237.065185546875,299.1786193847656,68.35306549072266,12.321540832519531,74.43605041503906,12.220000267028809,415.3299865722656,58.81999969482422,56.38999938964844,18.649999618530273,67.89838409423828,116.24645233154297,712.6973876953125,95.5338134765625,220.83985900878906,81.51302337646484,161.22999572753906,62.720001220703125,107.19999694824219,560.4199829101562,519.710205078125,763.8232421875,31.019222259521484,107.12999725341797,81.40892028808594,9.989999771118164,134.63999938964844,27.899999618530273,18.209999084472656,97.65303802490234,701.9052124023438,25.40999984741211,165.72999572753906,53.29473876953125,111.0340576171875,63.26395797729492,57.277286529541016,179.76686096191406,183.09632873535156,85.42815399169922,44.70371627807617,42.45781326293945,173.95425415039062,117.76063537597656,188.78724670410156
2026-08-24,62.29999923706055,112.36000061035156,54.91999816894531,48.0099983215332,20.250999450683594,16.042999267578125,19.849000930786133,35.25,93.22731018066406,94.52999877929688,19.219999313354492,40.06999969482422,28.299999237060547,532.4228515625,54.279998779296875,19.883136749267578,426.69000244140625,194.22996520996094,212.51856994628906,44.63999938964844,92.35845947265625,102.44999694824219,233.12974548339844,297.19378662109375,68.40278625488281,12.375908851623535,74.33661651611328,12.34000015258789,408.7099914550781,59.56999969482422,55.91999816894531,18.469999313354492,68.74761199951172,116.09695434570312,705.5847778320312,96.19994354248047,221.09889221191406,81.51302337646484,158.97000122070312,62.20000076293945,107.66000366210938,546.7999877929688,505.8492736816406,761.5787963867188,30.794021606445312,107.25,81.91493225097656,10.149999618530273,132.2100067138672,27.959999084472656,18.239999771118164,98.24787902832031,700.030029296875,25.479999542236328,164.1699981689453,53.334556579589844,111.95103454589844,62.737091064453125,58.014678955078125,178.52020263671875,179.8401336669922,86.87861633300781,44.951629638671875,42.9045295715332,174.03395080566406,118.04002380371094,185.5003662109375
2026-08-25,63.08000183105469,111.19999694824219,54.61000061035156,50.060001373291016,20.2450008392334,16.06999969482422,19.892000198364258,35.849998474121094,92.45732879638672,96.31999969482422,19.59000015258789,40.7599983215332,28.280000686645508,534.0091552734375,56.2400016784668,19.823217391967773,428.07000732421875,196.24447631835938,216.38836669921875,44.720001220703125,92.8549575805664,101.8499984741211,234.02871704101562,298.4505310058594,68.05475616455078,12.375908851623535,73.9090576171875,11.989999771118164,405.69000244140625,59.689998626708984,55.630001068115234,18.170000076293945,68.71764373779297,117.48237609863281,709.9801635742188,96.1800537109375,220.9394989013672,81.5925521850586,158.60000610351562,62.31999969482422,108.91000366210938,555.8200073242188,513.72412109375,764.0127563476562,31.371715545654297,107.63999938964844,82.81782531738281,10.229999542236328,126.1500015258789,27.940000534057617,18.010000228881836,98.39659118652344,702.2144165039062,25.6299991607666,169.10000610351562,53.334556579589844,112.80821228027344,61.693294525146484,58.1043586730957,177.92181396484375,181.52816772460938,85.9546890258789,44.981380462646484,42.99386978149414,174.62168884277344,117.69078826904297,182.00428771972656
2026-08-26,63.06999969482422,112.66999816894531,55.47999954223633,49.45000076293945,20.034000396728516,15.970000267028809,19.573999404907227,35.630001068115234,93.65730285644531,95.54000091552734,20.030000686645508,40.060001373291016,28.59000015258789,533.00146484375,56.38999938964844,19.883136749267578,421.32000732421875,194.429443359375,215.2184295654297,44.459999084472656,92.6662826538086,102.38999938964844,236.10630798339844,298.15130615234375,68.31328582763672,12.306713104248047,74.15763854980469,11.914999961853027,404.8800048828125,59.08000183105469,56.209999084472656,18.18000030517578,68.05824279785156,115.49891662597656,710.6295166015625,95.65312194824219,221.27821350097656,81.56272888183594,159.8699951171875,61.59000015258789,108.5999984741211,555.77001953125,515.0632934570312,764.182373046875,31.25421714782715,107.51000213623047,82.64915466308594,10.40999984741211,127.3499984741211,28.020000457763672,17.829999923706055,97.76209259033203,702.3939208984375,26.989999771118164,168.38999938964844,53.42414093017578,112.24008178710938,62.06110763549805,58.054534912109375,179.8566131591797,182.6268768310547,85.70632934570312,44.71363067626953,43.19240951538086,172.87835693359375,116.90252685546875,183.72743225097656
2026-08-27,64.54000091552734,112.77999877929688,55.310001373291016,49.869998931884766,19.941999435424805,16.09000015258789,19.545000076293945,36.13999938964844,100.78709411621094,96.44999694824219,19.799999237060547,39.97999954223633,28.81999969482422,533.9891967773438,56.83000183105469,20.082866668701172,422.6000061035156,194.81837463378906,214.7884521484375,45.290000915527344,92.57691955566406,110.31999969482422,233.98875427246094,299.02899169921875,68.03486633300781,12.39567756652832,73.92893981933594,11.934000015258789,414.95001220703125,58.47999954223633,56.060001373291016,18.420000076293945,66.79938507080078,113.68490600585938,720.359375,94.3507080078125,220.6206817626953,81.55278778076172,166.60000610351562,62.77000045776367,109.7300033569336,573.0,525.086669921875,769.18994140625,31.24442481994629,107.44000244140625,82.48047637939453,10.430000305175781,130.00999450683594,28.020000457763672,17.350000381469727,96.81034851074219,706.9322509765625,27.219999313354492,168.22999572753906,52.98615646362305,111.04402923583984,61.92193603515625,57.67587661743164,178.32073974609375,188.39015197753906,84.52410888671875,44.2872200012207,42.86481857299805,170.92584228515625,115.62533569335938,184.73341369628906
2026-08-28,64.22000122070312,109.4800033569336,55.2400016784668,47.63999938964844,19.954999923706055,15.890000343322754,19.64299964904785,35.75,98.5571517944336,94.41999816894531,19.950000762939453,39.66999816894531,29.190000534057617,533.82958984375,55.83000183105469,19.593528747558594,408.8900146484375,194.6089324951172,208.9387664794922,43.900001525878906,92.19957733154297,109.5,232.55043029785156,294.9795837402344,68.07463836669922,12.356138229370117,73.87922668457031,11.767999649047852,418.30999755859375,59.58000183105469,55.310001373291016,18.389999389648438,66.83934783935547,113.24635314941406,715.6842651367188,94.09220886230469,219.86354064941406,81.40367889404297,165.13999938964844,60.02000045776367,108.69000244140625,553.1099853515625,508.28765869140625,767.4442749023438,30.568817138671875,106.94000244140625,82.23242950439453,10.329999923706055,129.6999969482422,28.18000030517578,17.65999984741211,96.40386962890625,705.4260864257812,28.0,162.3800048828125,52.93638610839844,112.61883544921875,62.30963134765625,57.89509963989258,176.66519165039062,185.4735565185547,84.89168548583984,44.10872268676758,42.4181022644043,170.5074462890625,116.9524154663086,185.20155334472656
2026-08-31,64.30000305175781,108.22000122070312,55.59000015258789,47.22999954223633,19.72599983215332,15.800000190734863,19.347000122070312,35.88999938964844,100.14710998535156,92.86000061035156,20.059999465942383,40.0,29.31999969482422,530.3475952148438,56.900001525878906,19.94305419921875,408.4200134277344,193.94076538085938,209.03875732421875,44.66999816894531,92.0903549194336,109.9800033569336,228.08560180664062,293.164306640625,67.42829895019531,12.366023063659668,73.1434097290039,11.949999809265137,429.17999267578125,58.0,54.70000076293945,18.649999618530273,65.31073760986328,112.7081298828125,716.013916015625,93.22724151611328,218.5684051513672,81.40367889404297,165.33999633789062,60.130001068115234,108.01000213623047,556.6300048828125,510.70611572265625,765.1499633789062,30.519859313964844,106.81999969482422,81.875244140625,10.539999961853027,133.6999969482422,28.1200008392334,17.280000686645508,95.61075592041016,703.0821533203125,27.809999465942383,162.5,52.448631286621094,111.09386444091797,63.58206558227539,57.506473541259766,174.66058349609375,186.28260803222656,84.42475891113281,43.74181365966797,41.9217529296875,169.88980102539062,116.33377838134766,188.20956420898438
2026-09-01,63.060001373291016,106.04000091552734,55.86000061035156,46.84000015258789,19.100000381469727,15.460000038146973,19.040000915527344,35.150001525878906,96.19721984863281,89.23999786376953,20.290000915527344,39.06999969482422,29.489999771118164,526.536376953125,55.060001373291016,19.443729400634766,396.75,190.869140625,210.8086700439453,43.7599983215332,91.78340911865234,106.18000030517578,225.19894409179688,289.8130798339844,66.5731430053711,12.207864761352539,72.208740234375,11.979999542236328,426.8800048828125,57.15999984741211,53.91999816894531,19.049999237060547,64.59139251708984,114.13343048095703,706.9033813476562,93.78400421142578,216.775146484375,81.34783935546875,160.72000122070312,57.91999816894531,108.33999633789062,545.219970703125,499.98309326171875,759.89306640625,29.99112319946289,106.80999755859375,81.54159545898438,10.579999923706055,141.0,28.209999084472656,17.799999237060547,95.47196197509766,698.4840087890625,28.0,163.39999389648438,51.83147048950195,110.51576232910156,64.38727569580078,56.99827575683594,172.2670135498047,183.4259490966797,84.6929931640625,43.67239761352539,42.24934387207031,171.0155029296875,114.33817291259766,191.95462036132812
2026-09-02,63.08000183105469,106.2699966430664,55.790000915527344,47.150001525878906,19.204999923706055,15.420000076293945,19.170000076293945,35.189998626708984,93.53730010986328,89.9000015258789,20.219999313354492,39.529998779296875,29.270000457763672,529.3997802734375,56.209999084472656,19.243999481201172,402.7799987792969,190.3007049560547,213.78851318359375,43.790000915527344,91.8631362915039,103.41999816894531,223.11135864257812,293.2441101074219,67.96526336669922,12.277058601379395,73.8195571899414,11.881999969482422,436.5799865722656,57.58000183105469,54.279998779296875,19.059999465942383,65.17086791992188,115.14009857177734,708.501708984375,93.41614532470703,217.7813720703125,81.39769744873047,159.30999755859375,59.06999969482422,110.26000213623047,550.47998046875,501.11236572265625,763.2646484375,29.90300178527832,106.86000061035156,81.62126922607422,10.75,141.14999389648438,28.170000076293945,17.280000686645508,94.95642852783203,701.6058959960938,27.860000610351562,165.3699951171875,52.70743942260742,112.05070495605469,64.71533203125,57.45664978027344,172.31687927246094,183.38600158691406,84.97116088867188,43.36498260498047,42.35853958129883,172.29061889648438,114.60758209228516,192.39288330078125
2026-09-03,64.30000305175781,107.63999938964844,55.41999816894531,47.20000076293945,18.989999771118164,15.699999809265137,19.482999801635742,35.810001373291016,95.31725311279297,91.25,20.170000076293945,39.90999984741211,29.09000015258789,535.6952514648438,55.9900016784668,20.25,410.2200012207031,197.52099609375,213.7985076904297,46.349998474121094,91.9627914428711,106.94999694824219,225.7183380126953,294.4210510253906,68.72098541259766,12.316598892211914,74.44599914550781,11.739999771118164,429.80999755859375,57.70000076293945,54.689998626708984,19.09000015258789,64.85115814208984,115.3892822265625,716.9229125976562,93.72434997558594,219.22593688964844,81.46749114990234,163.9199981689453,60.54999923706055,110.8499984741211,552.5999755859375,501.87188720703125,771.2548217773438,30.483999252319336,107.0,81.74079132080078,10.489999771118164,142.08999633789062,28.010000228881836,16.950000762939453,95.82886505126953,708.8971557617188,27.1200008392334,164.3800048828125,52.37895202636719,113.00755310058594,64.23816680908203,58.353477478027344,174.09210205078125,185.75323486328125,84.70292663574219,43.88064193725586,42.715911865234375,172.59942626953125,116.20406341552734,191.56617736816406
2026-09-04,64.31999969482422,108.72000122070312,55.720001220703125,47.13999938964844,18.979999542236328,15.53600025177002,19.368999481201172,35.95000076293945,94.58726501464844,90.66000366210938,20.06999969482422,39.95000076293945,28.850000381469727,532.8518676757812,59.689998626708984,19.760000228881836,406.7699890136719,195.92535400390625,211.90859985351562,45.22999954223633,91.93289184570312,104.56999969482422,225.34877014160156,295.2389221191406,68.9496841430664,12.366023063659668,74.8437271118164,11.451000213623047,427.5299987792969,57.560001373291016,55.15999984741211,19.010000228881836,64.73126220703125,113.83441162109375,718.2116088867188,92.71025848388672,218.17987060546875,81.44754791259766,161.55999755859375,59.81999969482422,110.98999786376953,567.010009765625,519.5203247070312,768.2822265625,30.579999923706055,106.97000122070312,81.8802261352539,10.5600004196167,141.9600067138672,28.079999923706055,17.0,95.1943588256836,706.1941528320312,26.489999771118164,163.80999755859375,52.19977569580078,111.6619873046875,63.68147277832031,57.89509963989258,174.80020141601562,187.06170654296875,84.02737426757812,43.563316345214844,42.76554870605469,170.7963409423828,114.65747833251953,189.95260620117188
2026-09-08,64.31999969482422,109.37999725341797,55.970001220703125,46.849998474121094,18.530000686645508,15.670000076293945,19.30699920654297,35.61000061035156,94.00729370117188,94.37999725341797,19.969999313354492,40.56999969482422,29.1299991607666,526.8157958984375,61.099998474121094,19.959999084472656,399.7200012207031,192.7639617919922,207.31884765625,44.38999938964844,91.84320831298828,102.66000366210938,223.27117919921875,293.90240478515625,68.01498413085938,12.188095092773438,73.88916778564453,11.354999542236328,428.57000732421875,56.869998931884766,54.810001373291016,19.299999237060547,63.712188720703125,110.06684112548828,717.6122436523438,92.70030975341797,215.91836547851562,81.41764068603516,159.6199951171875,59.369998931884766,111.19000244140625,573.72998046875,528.0547485351562,764.0626831054688,30.93000030517578,107.05000305175781,81.8702621459961,10.460000038146973,146.02999877929688,27.989999771118164,17.299999237060547,95.10514068603516,702.2642822265625,26.959999084472656,161.92999267578125,51.702064514160156,111.1536636352539,64.38727569580078,57.09791946411133,173.95248413085938,187.6510009765625,83.47102355957031,43.533565521240234,43.13284683227539,166.49281311035156,113.73949432373047,193.139892578125
2026-09-09,64.11000061035156,106.52999877929688,56.189998626708984,46.310001373291016,17.916000366210938,15.770000457763672,19.22100067138672,35.18000030517578,94.47727966308594,95.2699966430664,19.829999923706055,41.04999923706055,29.0,522.8648681640625,61.58000183105469,19.81999969482422,403.3500061035156,191.10848999023438,205.4789581298828,44.290000915527344,91.58409881591797,101.83000183105469,219.19590759277344,289.8829040527344,67.2890853881836,12.03982162475586,73.0340347290039,11.380000114440918,429.3500061035156,55.7599983215332,54.189998626708984,19.600000381469727,62.80301284790039,109.75786590576172,715.5643920898438,91.72599029541016,213.83619689941406,81.38772583007812,158.13999938964844,60.720001220703125,111.0999984741211,574.2899780273438,531.6524047851562,760.5115356445312,30.719999313354492,106.80000305175781,81.40216064453125,10.09000015258789,149.97000122070312,27.979999542236328,17.559999465942383,94.1236572265625,699.0724487304688,26.280000686645508,159.3800048828125,51.15458679199219,110.46593475341797,64.92408752441406,56.858768463134766,171.32952880859375,187.6510009765625,82.50736999511719,43.04765319824219,42.62656784057617,165.9449005126953,112.21285247802734,194.2355194091797
2026-09-10,63.08000183105469,105.16000366210938,55.75,45.380001068115234,17.68199920654297,15.130000114440918,19.184999465942383,34.7599983215332,94.15728759765625,88.61000061035156,20.010000228881836,39.040000915527344,29.31999969482422,519.552490234375,58.560001373291016,19.790000915527344,396.3599853515625,189.25355529785156,202.6291046142578,43.68000030517578,90.86656951904297,101.19999694824219,218.0672149658203,286.9505615234375,67.57745361328125,11.842122077941895,73.39199829101562,10.911999702453613,420.2200012207031,55.560001373291016,53.36000061035156,20.049999237060547,62.35342025756836,109.23957061767578,707.9523315429688,91.46749114990234,212.3717041015625,81.1783447265625,156.61000061035156,57.5,108.62999725341797,560.280029296875,517.0919189453125,755.9528198242188,30.030000686645508,106.33000183105469,80.45596313476562,10.1899995803833,158.3800048828125,28.030000686645508,18.15999984741211,93.31070709228516,694.86328125,26.709999084472656,156.82000732421875,50.527469635009766,111.13372802734375,64.54633331298828,56.669437408447266,170.0928497314453,185.0041046142578,82.54710388183594,42.69065856933594,42.20963668823242,165.02841186523438,111.71395111083984,194.69369506835938
2026-09-11,63.97999954223633,107.29000091552734,55.90999984741211,45.560001373291016,17.777999877929688,15.055999755859375,19.358999252319336,35.279998779296875,94.39727783203125,88.52999877929688,19.920000076293945,39.18000030517578,28.93000030517578,524.5808715820312,59.099998474121094,20.420000076293945,398.7699890136719,189.9915313720703,202.91908264160156,43.77000045776367,90.69715881347656,101.5199966430664,218.75640869140625,288.1374816894531,67.6570053100586,11.812467575073242,73.48149108886719,10.437000274658203,420.6700134277344,56.220001220703125,54.08000183105469,19.790000915527344,63.03280258178711,109.0801010131836,714.1358642578125,91.54702758789062,214.06532287597656,81.12850189208984,158.47000122070312,58.119998931884766,108.97000122070312,568.530029296875,526.7256469726562,762.3967895507812,30.312999725341797,105.83999633789062,80.54560852050781,10.170000076293945,154.89999389648438,28.06999969482422,17.299999237060547,93.98485565185547,700.7581176757812,26.25,156.1999969482422,50.71660232543945,112.23011779785156,64.75509643554688,57.048095703125,171.90797424316406,187.4512481689453,82.83521270751953,43.05757141113281,42.08058547973633,164.72955322265625,112.71175384521484,194.9427032470703
2026-09-14,63.470001220703125,104.77999877929688,55.47999954223633,46.79999923706055,17.860000610351562,14.770000457763672,19.361000061035156,34.7599983215332,100.047119140625,85.62000274658203,20.020000457763672,38.2599983215332,28.959999084472656,523.2838745117188,54.79999923706055,20.43000030517578,392.8399963378906,188.3560028076172,204.58900451660156,44.7400016784668,90.617431640625,106.63999938964844,216.51901245117188,287.1600036621094,67.7564468383789,11.802582740783691,73.69029998779297,10.319999694824219,402.05999755859375,56.70000076293945,53.02000045776367,19.780000686645508,63.60228729248047,110.77450561523438,708.4417724609375,91.89500427246094,214.20480346679688,81.09857940673828,162.77000427246094,56.84000015258789,106.11000061035156,541.5,497.07501220703125,758.9952392578125,29.3799991607666,105.81999969482422,80.60536193847656,10.329999923706055,156.66000366210938,28.170000076293945,17.489999771118164,93.5188980102539,697.5064697265625,26.170000076293945,157.60000610351562,50.25871276855469,114.69200134277344,64.14869689941406,56.82887268066406,169.47450256347656,184.06520080566406,83.86841583251953,42.760074615478516,41.51474380493164,167.11044311523438,112.60199737548828,192.70164489746094
2026-09-15,62.959999084472656,105.05000305175781,55.29999923706055,47.709999084472656,17.65999984741211,14.59000015258789,19.32900047302246,34.630001068115234,100.99708557128906,84.58999633789062,20.040000915527344,38.66999816894531,28.8799991607666,520.0313720703125,55.0099983215332,19.40999984741211,394.1499938964844,185.22999572753906,202.0,43.11000061035156,90.5078125,105.55000305175781,214.0,285.1400146484375,67.56751251220703,11.703734397888184,73.6306381225586,10.071000099182129,411.510009765625,55.459999084472656,52.84000015258789,20.100000381469727,62.35342025756836,110.16651153564453,703.8065795898438,91.54000091552734,213.15875244140625,81.06867218017578,162.3699951171875,57.529998779296875,106.58000183105469,542.1099853515625,498.8500061035156,755.513916015625,29.420000076293945,105.79000091552734,80.38624572753906,10.539999961853027,161.86000061035156,28.219999313354492,17.530000686645508,93.2908706665039,694.4144287109375,26.31999969482422,154.02999877929688,50.49760818481445,113.6554183959961,65.5404281616211,56.649505615234375,168.3974151611328,183.5258331298828,83.18292999267578,42.71049118041992,41.018394470214844,167.0207977294922,110.63632202148438,198.90689086914062
2026-09-16,63.0099983215332,105.63500213623047,54.72999954223633,47.849998474121094,17.672000885009766,14.449999809265137,19.1299991607666,34.720001220703125,100.29711151123047,84.19000244140625,19.969999313354492,38.59000015258789,28.81999969482422,514.03515625,55.33000183105469,19.329999923706055,391.739990234375,181.16000366210938,202.39999389648438,43.040000915527344,90.41812133789062,104.95999908447266,215.27000427246094,283.9200134277344,66.40409851074219,11.654309272766113,72.32805633544922,9.868000030517578,399.8500061035156,55.119998931884766,52.75,19.799999237060547,62.273494720458984,110.13661193847656,703.9863891601562,90.94000244140625,211.4850311279297,80.9988784790039,161.88999938964844,57.04999923706055,106.19000244140625,545.5599975585938,502.05999755859375,752.1821899414062,29.399999618530273,105.38999938964844,80.55555725097656,10.359999656677246,156.1699981689453,28.399999618530273,17.670000076293945,92.67620849609375,691.4620361328125,26.549999237060547,154.17999267578125,50.12930679321289,112.62879943847656,63.65165328979492,55.73275375366211,168.25779724121094,183.71559143066406,82.78553771972656,42.45266342163086,41.018394470214844,167.13037109375,109.9378662109375,191.0382843017578
2026-09-17,64.37000274658203,106.05999755859375,55.0099983215332,51.59000015258789,17.68000030517578,14.779999732971191,18.875,35.1150016784668,101.65707397460938,86.61000061035156,19.829999923706055,39.65999984741211,28.420000076293945,517.157958984375,57.779998779296875,19.68000030517578,398.3599853515625,182.50999450683594,207.07000732421875,43.29999923706055,90.93633270263672,105.77999877929688,213.8800048828125,285.42999267578125,66.3046646118164,11.772928237915039,72.32805633544922,10.211999893188477,400.6000061035156,55.5099983215332,52.90999984741211,19.709999084472656,62.073673248291016,111.30276489257812,716.1737060546875,91.12999725341797,212.51116943359375,81.1185302734375,164.38999938964844,58.970001220703125,108.37000274658203,560.6099853515625,519.0999755859375,760.7109985351562,29.809999465942383,105.70999908447266,81.45195007324219,10.329999923706055,155.30999755859375,28.3799991607666,16.979999542236328,93.00336456298828,699.2320556640625,26.239999771118164,158.25,50.477699279785156,111.9809341430664,64.0989990234375,55.68292999267578,168.55697631835938,187.84078979492188,82.94448852539062,42.58157730102539,41.38569259643555,168.16639709472656,111.14520263671875,191.82513427734375
2026-09-18,64.12999725341797,106.44999694824219,54.97999954223633,51.63999938964844,17.350000381469727,14.699999809265137,18.219999313354492,35.11000061035156,99.86711883544922,87.27999877929688,19.700000762939453,40.22999954223633,28.149999618530273,515.8800048828125,59.61000061035156,21.219999313354492,401.1700134277344,184.8000030517578,204.55999755859375,46.02000045776367,90.48788452148438,104.3499984741211,213.83999633789062,284.1000061035156,66.24500274658203,11.594999313354492,72.33799743652344,10.010000228881836,398.7099914550781,55.83000183105469,52.959999084472656,19.65999984741211,61.7140007019043,110.80440521240234,720.6990356445312,89.72000122070312,211.4949951171875,80.9988784790039,162.02000427246094,59.93000030517578,106.08999633789062,573.0,533.0700073242188,761.6900024414062,29.559999465942383,105.2699966430664,80.92407989501953,10.40999984741211,153.82000732421875,28.389999389648438,17.09000015258789,92.11111450195312,699.9801635742188,25.860000610351562,156.72000122070312,49.76100158691406,110.44599151611328,63.929996490478516,55.66299819946289,169.2949981689453,189.37899780273438,82.25900268554688,42.17499923706055,40.79999923706055,167.7480010986328,110.78599548339844,189.85299682617188
2026-09-21,66.30999755859375,106.41000366210938,54.349998474121094,51.810001373291016,17.53499984741211,14.829999923706055,18.14699935913086,35.81999969482422,103.08702087402344,87.48999786376953,20.270000457763672,40.66999816894531,28.68000030517578,519.780029296875,61.58000183105469,22.219999313354492,398.3800048828125,187.10000610351562,207.16000366210938,49.0099983215332,90.83667755126953,107.12999725341797,216.13999938964844,285.5799865722656,66.06999969482422,11.680000305175781,71.98999786376953,10.315999984741211,396.6300048828125,56.47999954223633,53.08000183105469,19.440000534057617,62.689998626708984,111.29280090332031,741.469970703125,90.30000305175781,212.67999267578125,81.04873657226562,168.2100067138672,59.630001068115234,106.08000183105469,596.030029296875,559.3400268554688,773.5,30.1299991607666,105.68000030517578,81.47187805175781,10.260000228881836,148.16000366210938,28.479999542236328,16.940000534057617,93.00336456298828,710.9519653320312,26.309999465942383,158.22999572753906,49.709999084472656,114.75,62.459999084472656,55.900001525878906,169.97999572753906,194.85000610351562,81.91999816894531,42.59000015258789,40.65999984741211,169.00999450683594,112.2300033569336,184.75
2026-09-22,66.72000122070312,106.08499908447266,53.66999816894531,52.869998931884766,17.354999542236328,15.039999961853027,18.22599983215332,36.0099983215332,102.57203674316406,89.9800033569336,19.979999542236328,41.43000030517578,28.549999237060547,518.0,63.619998931884766,22.110000610351562,400.07000732421875,183.44000244140625,210.80999755859375,48.83000183105469,90.84664154052734,106.75,214.0,287.2099914550781,65.2300033569336,11.720000267028809,71.19000244140625,10.38700008392334,395.05999755859375,56.5099983215332,53.56999969482422,19.360000610351562,62.369998931884766,111.51206970214844,747.4600219726562,89.83999633789062,212.8000030517578,81.07864379882812,167.38999938964844,60.72999954223633,106.7300033569336,607.4600219726562,572.780029296875,773.3800048828125,30.18000030517578,105.55999755859375,81.42207336425781,10.859999656677246,144.0800018310547,28.479999542236328,16.479999542236328,92.81500244140625,710.9519653320312,25.989999771118164,161.8699951171875,50.529998779296875,113.52999877929688,61.779998779296875,54.79999923706055,170.27000427246094,196.27000427246094,82.7300033569336,42.5,40.529998779296875,169.88999938964844,112.33000183105469,181.61000061035156
2026-09-23,65.98999786376953,105.31999969482422,53.58000183105469,50.91999816894531,16.7450008392334,14.819999694824219,17.72599983215332,35.290000915527344,104.00700378417969,87.02999877929688,19.760000228881836,40.61000061035156,28.549999237060547,514.2999877929688,61.900001525878906,21.530000686645508,392.8800048828125,182.8300018310547,206.60000610351562,47.880001068115234,89.87997436523438,108.0999984741211,213.9199981689453,281.9200134277344,64.51000213623047,11.460000038146973,70.37999725341797,10.20300006866455,395.6600036621094,54.970001220703125,53.38999938964844,19.610000610351562,61.4900016784668,109.93727111816406,741.2100219726562,89.08999633789062,211.30999755859375,80.87924194335938,167.5399932861328,58.15999984741211,104.80000305175781,601.4099731445312,565.719970703125,767.8099975585938,29.516000747680664,104.80999755859375,80.13724517822266,10.869999885559082,148.8300018310547,28.649999618530273,16.790000915527344,91.44999694824219,705.78515625,25.68000030517578,155.1999969482422,50.279998779296875,112.55999755859375,62.369998931884766,54.540000915527344,170.10000610351562,195.33999633789062,82.43000030517578,41.84000015258789,39.75,168.8000030517578,110.6500015258789,182.64999389648438
2026-09-24,65.9800033569336,104.4000015258789,53.400001525878906,53.529998779296875,16.79599952697754,14.640000343322754,17.434999465942383,35.220001220703125,103.19000244140625,86.25,19.68000030517578,40.650001525878906,28.549999237060547,512.6799926757812,60.720001220703125,21.670000076293945,391.69000244140625,181.0800018310547,209.25,47.810001373291016,89.38169860839844,107.1500015258789,212.75999450683594,281.6600036621094,64.80000305175781,11.3100004196167,70.94000244140625,9.779999732971191,394.20001220703125,54.5099983215332,53.06999969482422,19.799999237060547,62.0,110.7446060180664,741.0999755859375,89.0999984741211,210.25999450683594,80.84932708740234,166.91000366210938,57.619998931884766,104.83000183105469,600.52001953125,566.0700073242188,767.1799926757812,29.16200065612793,104.30000305175781,79.1014175415039,11.550000190734863,153.08999633789062,28.690000534057617,16.899999618530273,91.16999816894531,705.1767578125,25.56999969482422,156.0500030517578,49.68000030517578,113.98999786376953,62.599998474121094,54.529998779296875,168.8300018310547,194.7100067138672,81.69999694824219,41.650001525878906,39.36000061035156,169.8699951171875,110.31999969482422,184.0500030517578
2026-09-25,65.97000122070312,105.02999877929688,53.04999923706055,53.36000061035156,16.85300064086914,14.609999656677246,17.3799991607666,35.400001525878906,100.94999694824219,86.7300033569336,19.729999542236328,40.61000061035156,28.540000915527344,517.489990234375,61.90999984741211,21.639999389648438,393.4100036621094,180.8800048828125,209.77000427246094,47.56999969482422,89.69062805175781,106.01000213623047,213.80999755859375,281.9700012207031,65.36000061035156,11.319999694824219,71.55000305175781,9.5600004196167,393.67999267578125,54.5099983215332,53.470001220703125,19.5,62.290000915527344,110.98381805419922,744.5,89.19999694824219,211.11000061035156,80.9689712524414,164.67999267578125,58.13999938964844,104.80000305175781,606.5599975585938,572.6799926757812,771.3499755859375,28.996999740600586,104.54000091552734,79.00182342529297,11.130000114440918,148.3300018310547,28.6200008392334,16.610000610351562,90.98999786376953,708.9669799804688,25.5,155.02999877929688,49.79999923706055,112.95999908447266,62.040000915527344,54.84000015258789,170.42999267578125,196.27000427246094,82.05999755859375,41.560001373291016,39.5099983215332,170.6999969482422,110.55999755859375,181.5
2026-09-28,64.70999908447266,103.69999694824219,52.93000030517578,53.349998474121094,16.775999069213867,14.380000114440918,16.809999465942383,35.130001068115234,101.66999816894531,85.26000213623047,19.530000686645508,39.68000030517578,28.25,514.02001953125,59.70000076293945,21.469999313354492,377.9100036621094,178.3800048828125,210.7100067138672,47.209999084472656,89.22224426269531,105.43000030517578,209.25999450683594,280.0199890136719,64.5,11.1899995803833,70.55000305175781,9.279999732971191,389.7900085449219,54.0,53.08000183105469,19.3700008392334,62.720001220703125,111.11339569091797,736.530029296875,89.16999816894531,209.74000549316406,80.86927032470703,162.4600067138672,54.95000076293945,104.08000183105469,600.010009765625,560.7899780273438,765.6099853515625,28.649999618530273,104.08999633789062,78.30463409423828,10.789999961853027,150.00999450683594,28.700000762939453,16.790000915527344,90.58999633789062,703.6099853515625,24.969999313354492,156.61000061035156,49.470001220703125,111.18000030517578,62.099998474121094,54.189998626708984,168.77999877929688,194.52999877929688,82.27999877929688,41.349998474121094,39.25,171.25999450683594,109.0,180.13999938964844
2026-09-29,65.05000305175781,103.91000366210938,52.2599983215332,53.95000076293945,16.85099983215332,14.369999885559082,16.445999145507812,35.2400016784668,101.97000122070312,85.4800033569336,19.5,39.93000030517578,28.25,512.8800048828125,61.290000915527344,21.610000610351562,382.8900146484375,177.88999938964844,211.0399932861328,47.33000183105469,89.14251708984375,105.22000122070312,209.3000030517578,279.010009765625,63.83000183105469,11.239999771118164,69.83000183105469,9.319999694824219,380.260009765625,53.97999954223633,52.90999984741211,19.09000015258789,62.68000030517578,110.7446060180664,737.9299926757812,89.22000122070312,209.5,80.91912078857422,162.75,55.47999954223633,102.51000213623047,606.9000244140625,567.4400024414062,764.2000122070312,28.520000457763672,104.01000213623047,77.91619873046875,10.350000381469727,143.35000610351562,28.75,16.68000030517578,90.52999877929688,702.4600219726562,25.049999237060547,156.80999755859375,49.099998474121094,111.47000122070312,61.540000915527344,54.0099983215332,169.1300048828125,194.5,81.8499984741211,41.34000015258789,39.709999084472656,170.72999572753906,109.1500015258789,178.6300048828125
2026-09-30,65.16000366210938,103.23999786376953,51.869998931884766,54.220001220703125,16.893999099731445,14.300000190734863,16.260000228881836,35.22999954223633,103.08999633789062,84.69999694824219,19.040000915527344,39.779998779296875,28.139999389648438,508.54998779296875,60.36000061035156,21.43000030517578,380.8399963378906,176.13999938964844,210.52999877929688,47.34000015258789,89.00299835205078,106.4800033569336,207.17999267578125,277.8900146484375,63.220001220703125,11.050000190734863,69.44000244140625,9.211000442504883,378.3699951171875,54.209999084472656,52.5,19.299999237060547,61.97999954223633,109.11000061035156,739.77001953125,88.33999633789062,208.02000427246094,80.95899963378906,163.99000549316406,54.5099983215332,102.26000213623047,609.0,568.6400146484375,762.6300048828125,28.329999923706055,104.04000091552734,77.4679946899414,10.369999885559082,145.66000366210938,28.770000457763672,16.940000534057617,89.62999725341797,700.8599853515625,24.56999969482422,157.67999267578125,48.70000076293945,110.97000122070312,61.5,53.400001525878906,166.97999572753906,195.75,80.5999984741211,40.90999984741211,39.439998626708984,168.4199981689453,108.83999633789062,179.3300018310547
2026-10-01,65.66999816894531,104.37999725341797,52.2599983215332,53.16999816894531,16.735000610351562,14.329999923706055,16.32200050354004,35.43000030517578,103.77999877929688,83.4000015258789,18.979999542236328,39.5099983215332,28.1299991607666,508.6199951171875,62.029998779296875,21.690000534057617,382.760009765625,176.2899932861328,205.9600067138672,47.959999084472656,89.30000305175781,108.2300033569336,208.0399932861328,279.0199890136719,63.63999938964844,10.989999771118164,69.94999694824219,8.899999618530273,381.1199951171875,54.13999938964844,53.040000915527344,19.559999465942383,61.81999969482422,108.13999938964844,742.030029296875,87.68000030517578,209.0,81.0999984741211,166.9600067138672,55.02000045776367,101.80999755859375,617.8099975585938,576.3300170898438,763.989990234375,28.170000076293945,104.30999755859375,77.70999908447266,10.15999984741211,150.02000427246094,28.959999084472656,17.079999923706055,89.16999816894531,702.3499755859375,24.719999313354492,154.50999450683594,48.540000915527344,109.94000244140625,62.70000076293945,53.459999084472656,168.63999938964844,197.80999755859375,80.33000183105469,40.68000030517578,39.68000030517578,166.1999969482422,108.80999755859375,184.3000030517578
2026-10-02,66.2300033569336,106.72000122070312,52.63999938964844,54.0,16.756999969482422,14.574999809265137,16.243000030517578,36.029998779296875,104.69999694824219,85.91000366210938,18.850000381469727,39.52000045776367,28.209999084472656,511.1000061035156,61.779998779296875,21.43000030517578,380.1400146484375,175.88999938964844,205.2899932861328,47.72999954223633,89.05000305175781,108.43000030517578,207.7899932861328,281.5199890136719,64.36000061035156,10.880000114440918,70.77999877929688,8.958000183105469,382.70001220703125,54.08000183105469,53.880001068115234,19.440000534057617,62.5099983215332,108.05999755859375,749.5800170898438,87.69999694824219,209.72999572753906,81.05000305175781,168.13999938964844,54.7400016784668,103.52999877929688,630.5999755859375,588.9000244140625,769.6400146484375,28.280000686645508,104.11000061035156,77.4800033569336,10.470000267028809,147.3699951171875,28.889999389648438,16.719999313354492,89.5,707.5399780273438,24.75,154.42999267578125,48.86000061035156,110.31999969482422,62.81999969482422,53.4900016784668,169.9499969482422,199.80999755859375,80.52999877929688,40.810001373291016,39.83000183105469,166.17999267578125,110.04000091552734,184.92999267578125
2026-10-05,66.8499984741211,106.19000244140625,52.970001220703125,56.77000045776367,16.84000015258789,14.6899995803833,16.600000381469727,36.20000076293945,106.01000213623047,86.33000183105469,18.899999618530273,39.86000061035156,28.459999084472656,512.1099853515625,61.66999816894531,21.729999542236328,379.54998779296875,177.67999267578125,207.9600067138672,48.560001373291016,88.91999816894531,109.72000122070312,206.97999572753906,283.3800048828125,64.1500015258789,10.789999961853027,70.38999938964844,9.029999732971191,394.70001220703125,55.04999923706055,54.11000061035156,19.25,62.560001373291016,107.61000061035156,756.2000122070312,87.16999816894531,211.1199951171875,81.08000183105469,169.83999633789062,55.130001068115234,105.12999725341797,633.9000244140625,589.510009765625,774.8300170898438,28.40999984741211,103.9800033569336,77.11000061035156,10.550000190734863,143.99000549316406,28.989999771118164,16.540000915527344,89.1500015258789,712.3200073242188,25.09000015258789,156.19000244140625,49.5,111.61000061035156,63.45000076293945,53.880001068115234,170.10000610351562,200.92999267578125,81.04000091552734,40.66999816894531,39.970001220703125,167.3699951171875,110.41999816894531,187.44000244140625
2026-10-06,67.05000305175781,108.08999633789062,53.45000076293945,51.75,16.7549991607666,14.84000015258789,16.645000457763672,36.16999816894531,108.12999725341797,86.27999877929688,19.290000915527344,40.029998779296875,28.850000381469727,514.5599975585938,59.52000045776367,21.600000381469727,382.2699890136719,177.7899932861328,203.10000610351562,48.4900016784668,89.12999725341797,111.16000366210938,208.25999450683594,281.3399963378906,63.90999984741211,10.819999694824219,70.06999969482422,9.09000015258789,391.4599914550781,55.34000015258789,54.650001525878906,19.459999084472656,62.939998626708984,108.16999816894531,759.6599731445312,87.66000366210938,212.3300018310547,81.12999725341797,171.00999450683594,55.45000076293945,105.04000091552734,632.5,589.4500122070312,779.0900268554688,29.020000457763672,104.18000030517578,77.27999877929688,10.739999771118164,144.91000366210938,28.899999618530273,16.100000381469727,89.93000030517578,716.2000122070312,25.489999771118164,150.89999389648438,49.72999954223633,111.6500015258789,63.75,54.0099983215332,171.5800018310547,202.0,81.80000305175781,41.099998474121094,41.15999984741211,167.08999633789062,111.72000122070312,188.4600067138672
2026-10-07,66.66999816894531,104.4800033569336,52.36000061035156,50.13999938964844,16.635000228881836,14.539999961853027,16.450000762939453,35.66999816894531,106.56999969482422,83.58000183105469,19.049999237060547,39.810001373291016,28.489999771118164,511.0199890136719,60.0099983215332,20.6200008392334,375.8800048828125,175.86000061035156,203.33999633789062,47.209999084472656,89.11000061035156,109.83999633789062,203.60000610351562,277.70001220703125,62.88999938964844,10.640000343322754,68.88999938964844,8.84000015258789,381.5400085449219,55.5099983215332,53.290000915527344,19.40999984741211,62.65999984741211,109.48999786376953,757.72998046875,86.05000305175781,210.60000610351562,81.16000366210938,170.77999877929688,53.81999969482422,102.43000030517578,625.030029296875,582.8200073242188,777.219970703125,28.719999313354492,104.23999786376953,77.1500015258789,11.029999732971191,143.91000366210938,29.040000915527344,16.190000534057617,88.69000244140625,714.3400268554688,24.899999618530273,150.22999572753906,48.97999954223633,111.26000213623047,63.36000061035156,53.75,167.83999633789062,201.38999938964844,81.69999694824219,40.56999969482422,41.150001525878906,168.80999755859375,111.36000061035156,188.24000549316406
2026-10-08,66.19000244140625,104.33000183105469,52.86989974975586,48.90999984741211,16.6200008392334,14.470000267028809,16.674999237060547,35.02000045776367,107.21009826660156,83.11000061035156,18.959999084472656,39.77000045776367,28.354999542236328,510.0,58.40950012207031,20.264999389648438,378.0799865722656,175.38999938964844,197.9575958251953,46.70500183105469,89.02999877929688,110.27999877929688,203.5800018310547,275.909912109375,62.78499984741211,10.630000114440918,68.86499786376953,8.640000343322754,385.54998779296875,55.560001373291016,53.060001373291016,19.71660041809082,62.849998474121094,107.55999755859375,755.4400024414062,86.05500030517578,210.30499267578125,81.11990356445312,170.88999938964844,53.314998626708984,102.13999938964844,619.7899780273438,575.4400024414062,775.9600219726562,28.379899978637695,104.21769714355469,77.29000091552734,10.931500434875488,149.25,28.9950008392334,16.344999313354492,88.30999755859375,713.25,24.95330047607422,147.08999633789062,48.94499969482422,111.79000091552734,64.9800033569336,53.654998779296875,167.73500061035156,200.61000061035156,82.68499755859375,40.380001068115234,41.04499816894531,165.8300018310547,111.2300033569336,192.42999267578125
