Event_Category_Code,Event_Family,Event_Category_Name,Ticker,Asset_Class,Sector,Peer_Group,Exposure_Class,Exposure_Score,Exposure_Reason,Crosswalk_Match,Matched_37A_Terms,Driver_Match,Example_Asset_Match,Matched_Event_Drivers,Matched_Asset_Drivers,Evidence,Mapper_Version
AEROSPACE_ORDERS,Industrials,Aerospace Orders,ITA,Equities,Industrials,Aerospace & Defense,Contextual,40,Multiple contextual evidence sources,True,Aerospace Orders,True,True,Aircraft Orders | Backlogs,Aerospace Orders | Aircraft Demand | Backlogs,37A-to-37B crosswalk | Economic-driver text match | 37B example exposure,1.2
AEROSPACE_ORDERS,Industrials,Aerospace Orders,XLI,Equities,Industrials,Industrials,Contextual,40,Multiple contextual evidence sources,False,,True,True,Aircraft Orders,Orders,Economic-driver text match | 37B example exposure,1.2
AEROSPACE_ORDERS,Industrials,Aerospace Orders,AIRR,Equities,Industrials,Industrial Reshoring,Contextual,20,Single contextual evidence source,False,,True,False,Aircraft Orders,Orders,Economic-driver text match,1.2
AEROSPACE_ORDERS,Industrials,Aerospace Orders,AMLP,Equities,Energy,Energy Infrastructure,Contextual,20,Single contextual evidence source,False,,True,False,Production,Energy Production,Economic-driver text match,1.2
AEROSPACE_ORDERS,Industrials,Aerospace Orders,CORN,Commodities,Agriculture,Agriculture Commodities,Contextual,20,Single contextual evidence source,False,,True,False,Production,Global Corn Production,Economic-driver text match,1.2
AEROSPACE_ORDERS,Industrials,Aerospace Orders,DBA,Commodities,Agriculture,Agriculture Commodities,Contextual,20,Single contextual evidence source,False,,True,False,Production,Global Crop Production,Economic-driver text match,1.2
AEROSPACE_ORDERS,Industrials,Aerospace Orders,OIH,Equities,Energy,Oil & Gas Services,Contextual,20,Single contextual evidence source,False,,True,False,Production,U.S. Production,Economic-driver text match,1.2
AEROSPACE_ORDERS,Industrials,Aerospace Orders,PAVE,Equities,Industrials,Infrastructure,Contextual,20,Single contextual evidence source,False,,True,False,Aircraft Orders,Orders,Economic-driver text match,1.2
AEROSPACE_ORDERS,Industrials,Aerospace Orders,UNG,Commodities,Energy,Energy Commodities,Contextual,20,Single contextual evidence source,False,,True,False,Production,Production | U.S. Gas Production,Economic-driver text match,1.2
AEROSPACE_ORDERS,Industrials,Aerospace Orders,USO,Commodities,Energy,Energy Commodities,Contextual,20,Single contextual evidence source,False,,True,False,Production,U.S. Production,Economic-driver text match,1.2
AEROSPACE_ORDERS,Industrials,Aerospace Orders,WEAT,Commodities,Agriculture,Agriculture Commodities,Contextual,20,Single contextual evidence source,False,,True,False,Production,Global Wheat Production,Economic-driver text match,1.2
AEROSPACE_ORDERS,Industrials,Aerospace Orders,XLE,Equities,Energy,Energy,Contextual,20,Single contextual evidence source,False,,True,False,Production,U.S. Production,Economic-driver text match,1.2
AEROSPACE_ORDERS,Industrials,Aerospace Orders,XOP,Equities,Energy,Oil & Gas E&P,Contextual,20,Single contextual evidence source,False,,True,False,Production,E&P Production Economics | U.S. Oil Production,Economic-driver text match,1.2
AG_EXPORTS,Agriculture,Agricultural Exports,AIRR,Equities,Industrials,Industrial Reshoring,Contextual,20,Single contextual evidence source,False,,True,False,Import Demand,Transportation Demand,Economic-driver text match,1.2
AG_EXPORTS,Agriculture,Agricultural Exports,AMLP,Equities,Energy,Energy Infrastructure,Contextual,20,Single contextual evidence source,False,,True,False,Import Demand,Energy Infrastructure Demand,Economic-driver text match,1.2
AG_EXPORTS,Agriculture,Agricultural Exports,ARKG,Equities,Health Care,Biotech & Genomics,Contextual,20,Single contextual evidence source,False,,True,False,Import Demand,Drug / Therapy Demand,Economic-driver text match,1.2
AG_EXPORTS,Agriculture,Agricultural Exports,AWAY,Equities,Consumer Discretionary,Travel & Leisure,Contextual,20,Single contextual evidence source,False,,True,False,Import Demand,E-Commerce Demand | Travel Demand,Economic-driver text match,1.2
AG_EXPORTS,Agriculture,Agricultural Exports,BATT,Equities,Materials,Energy Transition Materials,Contextual,20,Single contextual evidence source,False,,True,False,Import Demand,China Demand | Energy Transition Demand | Industrial Demand,Economic-driver text match,1.2
AG_EXPORTS,Agriculture,Agricultural Exports,BETZ,Equities,Consumer Discretionary,Gaming & Betting,Contextual,20,Single contextual evidence source,False,,True,False,Import Demand,E-Commerce Demand | Travel Demand,Economic-driver text match,1.2
AG_EXPORTS,Agriculture,Agricultural Exports,COPX,Equities,Materials,Metals & Mining,Contextual,20,Single contextual evidence source,False,,True,False,Import Demand,China Demand | Energy Transition Demand | Industrial Demand,Economic-driver text match,1.2
AG_EXPORTS,Agriculture,Agricultural Exports,CPER,Commodities,Metals,Industrial Metals,Contextual,20,Single contextual evidence source,False,,True,False,Import Demand,China Demand | Energy Transition Demand | Industrial Metals Demand,Economic-driver text match,1.2
AG_EXPORTS,Agriculture,Agricultural Exports,DRAM,Equities,Technology,Semiconductors,Contextual,20,Single contextual evidence source,False,,True,False,Import Demand,AI Infrastructure Demand | HBM Demand | PC Demand | Smartphone Demand,Economic-driver text match,1.2
AG_EXPORTS,Agriculture,Agricultural Exports,ETHE,Digital Assets,Crypto,Crypto Assets,Contextual,20,Single contextual evidence source,False,,True,False,Import Demand,Ethereum Spot Demand,Economic-driver text match,1.2
AG_EXPORTS,Agriculture,Agricultural Exports,GLD,Commodities,Precious Metals,Precious Metals,Contextual,20,Single contextual evidence source,False,,True,False,Import Demand,Central Bank Demand | Central Bank Gold Demand | Physical Demand | Safe-Haven Demand,Economic-driver text match,1.2
AG_EXPORTS,Agriculture,Agricultural Exports,IBB,Equities,Health Care,Biotechnology,Contextual,20,Single contextual evidence source,False,,True,False,Import Demand,Drug / Therapy Demand,Economic-driver text match,1.2
AG_EXPORTS,Agriculture,Agricultural Exports,IBIT,Digital Assets,Crypto,Crypto Assets,Contextual,20,Single contextual evidence source,False,,True,False,Import Demand,Bitcoin Spot Demand,Economic-driver text match,1.2
AG_EXPORTS,Agriculture,Agricultural Exports,IEF,Fixed Income,Treasuries,Intermediate Treasuries,Contextual,20,Single contextual evidence source,False,,True,False,Import Demand,Safe-Haven Demand,Economic-driver text match,1.2
AG_EXPORTS,Agriculture,Agricultural Exports,ITA,Equities,Industrials,Aerospace & Defense,Contextual,20,Single contextual evidence source,False,,True,False,Import Demand,Aircraft Demand | Geopolitical Security Demand,Economic-driver text match,1.2
AG_EXPORTS,Agriculture,Agricultural Exports,LITP,Equities,Materials,Energy Transition Materials,Contextual,20,Single contextual evidence source,False,,True,False,Import Demand,China Demand | Energy Transition Demand | Industrial Demand,Economic-driver text match,1.2
AG_EXPORTS,Agriculture,Agricultural Exports,ONLN,Equities,Consumer Discretionary,E-Commerce,Contextual,20,Single contextual evidence source,False,,True,False,Import Demand,E-Commerce Demand | Travel Demand,Economic-driver text match,1.2
AG_EXPORTS,Agriculture,Agricultural Exports,PAVE,Equities,Industrials,Infrastructure,Contextual,20,Single contextual evidence source,False,,True,False,Import Demand,Transportation Demand,Economic-driver text match,1.2
AG_EXPORTS,Agriculture,Agricultural Exports,PDBC,Commodities,Broad Commodities,Broad Commodities,Contextual,20,Single contextual evidence source,False,,True,False,Import Demand,Global Supply / Demand,Economic-driver text match,1.2
AG_EXPORTS,Agriculture,Agricultural Exports,PEJ,Equities,Consumer Discretionary,Travel & Leisure,Contextual,20,Single contextual evidence source,False,,True,False,Import Demand,E-Commerce Demand | Travel Demand,Economic-driver text match,1.2
AG_EXPORTS,Agriculture,Agricultural Exports,PPH,Equities,Health Care,Pharmaceuticals,Contextual,20,Single contextual evidence source,False,,True,False,Import Demand,Drug / Therapy Demand,Economic-driver text match,1.2
AG_EXPORTS,Agriculture,Agricultural Exports,REZ,Equities,Real Estate,Real Estate,Contextual,20,Single contextual evidence source,False,,True,False,Import Demand,Property Demand,Economic-driver text match,1.2
AG_EXPORTS,Agriculture,Agricultural Exports,SHY,Fixed Income,Treasuries,Short Treasuries,Contextual,20,Single contextual evidence source,False,,True,False,Import Demand,Safe-Haven Demand,Economic-driver text match,1.2
AG_EXPORTS,Agriculture,Agricultural Exports,SLV,Commodities,Precious Metals,Precious Metals,Contextual,20,Single contextual evidence source,False,,True,False,Import Demand,Industrial Silver Demand | Precious Metals Demand | Solar / Electronics Demand,Economic-driver text match,1.2
AG_EXPORTS,Agriculture,Agricultural Exports,SLX,Equities,Materials,Metals & Mining,Contextual,20,Single contextual evidence source,False,,True,False,Import Demand,China Demand | Energy Transition Demand | Industrial Demand,Economic-driver text match,1.2
AG_EXPORTS,Agriculture,Agricultural Exports,SMH,Equities,Technology,Semiconductors,Contextual,20,Single contextual evidence source,False,,True,False,Import Demand,AI Infrastructure Demand | Consumer Electronics Demand | Semiconductor Demand,Economic-driver text match,1.2
AG_EXPORTS,Agriculture,Agricultural Exports,SOXX,Equities,Technology,Semiconductors,Contextual,20,Single contextual evidence source,False,,True,False,Import Demand,AI Infrastructure Demand | Consumer Electronics Demand | Semiconductor Demand,Economic-driver text match,1.2
AG_EXPORTS,Agriculture,Agricultural Exports,SRVR,Equities,Real Estate,Digital Infrastructure,Contextual,20,Single contextual evidence source,False,,True,False,Import Demand,Data Center Demand,Economic-driver text match,1.2
AG_EXPORTS,Agriculture,Agricultural Exports,TIP,Fixed Income,Treasuries,Inflation-Protected Bonds,Contextual,20,Single contextual evidence source,False,,True,False,Import Demand,Safe-Haven Demand,Economic-driver text match,1.2
AG_EXPORTS,Agriculture,Agricultural Exports,TLT,Fixed Income,Treasuries,Long Treasuries,Contextual,20,Single contextual evidence source,False,,True,False,Import Demand,Safe-Haven Demand,Economic-driver text match,1.2
AG_EXPORTS,Agriculture,Agricultural Exports,UNG,Commodities,Energy,Energy Commodities,Contextual,20,Single contextual evidence source,False,,True,False,Export Restrictions | Export Sales | Import Demand,LNG Export Demand | Power Demand,Economic-driver text match,1.2
AG_EXPORTS,Agriculture,Agricultural Exports,USO,Commodities,Energy,Energy Commodities,Contextual,20,Single contextual evidence source,False,,True,False,Import Demand,Global Oil Demand,Economic-driver text match,1.2
AG_EXPORTS,Agriculture,Agricultural Exports,UUP,Currencies,U.S. Dollar,Currencies,Contextual,20,Single contextual evidence source,False,,True,False,Import Demand,Safe-Haven Demand | Safe-Haven Dollar Demand,Economic-driver text match,1.2
AG_EXPORTS,Agriculture,Agricultural Exports,VIXY,Volatility,Equity Volatility,Volatility,Contextual,20,Single contextual evidence source,False,,True,False,Import Demand,Options Demand,Economic-driver text match,1.2
AG_EXPORTS,Agriculture,Agricultural Exports,VNQ,Equities,Real Estate,Real Estate,Contextual,20,Single contextual evidence source,False,,True,False,Import Demand,Property Demand,Economic-driver text match,1.2
AG_EXPORTS,Agriculture,Agricultural Exports,XBI,Equities,Health Care,Biotechnology,Contextual,20,Single contextual evidence source,False,,True,False,Import Demand,Drug / Therapy Demand,Economic-driver text match,1.2
AG_EXPORTS,Agriculture,Agricultural Exports,XLB,Equities,Materials,Materials,Contextual,20,Single contextual evidence source,False,,True,False,Import Demand,China Demand | Energy Transition Demand | Industrial Demand,Economic-driver text match,1.2
AG_EXPORTS,Agriculture,Agricultural Exports,XLC,Equities,Communication Services,Communication Services,Contextual,20,Single contextual evidence source,False,,True,False,Import Demand,Advertising Demand,Economic-driver text match,1.2
AG_EXPORTS,Agriculture,Agricultural Exports,XLE,Equities,Energy,Energy,Contextual,20,Single contextual evidence source,False,,True,False,Import Demand,Energy Demand,Economic-driver text match,1.2
AG_EXPORTS,Agriculture,Agricultural Exports,XLI,Equities,Industrials,Industrials,Contextual,20,Single contextual evidence source,False,,True,False,Import Demand,Transportation Demand,Economic-driver text match,1.2
AG_EXPORTS,Agriculture,Agricultural Exports,XLP,Equities,Consumer Staples,Consumer Staples,Contextual,20,Single contextual evidence source,False,,True,False,Import Demand,Defensive Consumer Demand,Economic-driver text match,1.2
AG_EXPORTS,Agriculture,Agricultural Exports,XLRE,Equities,Real Estate,Real Estate,Contextual,20,Single contextual evidence source,False,,True,False,Import Demand,Property Demand,Economic-driver text match,1.2
AG_EXPORTS,Agriculture,Agricultural Exports,XLU,Equities,Utilities,Utilities,Contextual,20,Single contextual evidence source,False,,True,False,Import Demand,Data Center Power Demand | Electricity Demand,Economic-driver text match,1.2
AG_EXPORTS,Agriculture,Agricultural Exports,XLV,Equities,Health Care,Health Care,Contextual,20,Single contextual evidence source,False,,True,False,Import Demand,Drug / Therapy Demand,Economic-driver text match,1.2
AG_EXPORTS,Agriculture,Agricultural Exports,XLY,Equities,Consumer Discretionary,Consumer Discretionary,Contextual,20,Single contextual evidence source,False,,True,False,Import Demand,E-Commerce Demand | Travel Demand,Economic-driver text match,1.2
AG_WEATHER,Agriculture,Agricultural Weather,UNG,Commodities,Energy,Energy Commodities,Contextual,40,Multiple contextual evidence sources,True,Weather,True,False,Growing Conditions,Pipeline Conditions,37A-to-37B crosswalk | Economic-driver text match,1.2
AG_WEATHER,Agriculture,Agricultural Weather,AWAY,Equities,Consumer Discretionary,Travel & Leisure,Contextual,20,Single contextual evidence source,False,,True,False,Growing Conditions,Credit Conditions,Economic-driver text match,1.2
AG_WEATHER,Agriculture,Agricultural Weather,BETZ,Equities,Consumer Discretionary,Gaming & Betting,Contextual,20,Single contextual evidence source,False,,True,False,Growing Conditions,Credit Conditions,Economic-driver text match,1.2
AG_WEATHER,Agriculture,Agricultural Weather,DIA,Equities,Broad Market,Large Cap U.S.,Contextual,20,Single contextual evidence source,False,,True,False,Growing Conditions,Financial Conditions,Economic-driver text match,1.2
AG_WEATHER,Agriculture,Agricultural Weather,IWM,Equities,Broad Market,Small Cap U.S.,Contextual,20,Single contextual evidence source,False,,True,False,Growing Conditions,Financial Conditions,Economic-driver text match,1.2
AG_WEATHER,Agriculture,Agricultural Weather,ONLN,Equities,Consumer Discretionary,E-Commerce,Contextual,20,Single contextual evidence source,False,,True,False,Growing Conditions,Credit Conditions,Economic-driver text match,1.2
AG_WEATHER,Agriculture,Agricultural Weather,PEJ,Equities,Consumer Discretionary,Travel & Leisure,Contextual,20,Single contextual evidence source,False,,True,False,Growing Conditions,Credit Conditions,Economic-driver text match,1.2
AG_WEATHER,Agriculture,Agricultural Weather,QQQ,Equities,Broad Market,Large Cap Growth,Contextual,20,Single contextual evidence source,False,,True,False,Growing Conditions,Financial Conditions,Economic-driver text match,1.2
AG_WEATHER,Agriculture,Agricultural Weather,REZ,Equities,Real Estate,Real Estate,Contextual,20,Single contextual evidence source,False,,True,False,Growing Conditions,Financing Conditions,Economic-driver text match,1.2
AG_WEATHER,Agriculture,Agricultural Weather,RSP,Equities,Broad Market,Large Cap U.S.,Contextual,20,Single contextual evidence source,False,,True,False,Growing Conditions,Financial Conditions,Economic-driver text match,1.2
AG_WEATHER,Agriculture,Agricultural Weather,SPY,Equities,Broad Market,Large Cap U.S.,Contextual,20,Single contextual evidence source,False,,True,False,Growing Conditions,Financial Conditions,Economic-driver text match,1.2
AG_WEATHER,Agriculture,Agricultural Weather,SRVR,Equities,Real Estate,Digital Infrastructure,Contextual,20,Single contextual evidence source,False,,True,False,Growing Conditions,Financing Conditions,Economic-driver text match,1.2
AG_WEATHER,Agriculture,Agricultural Weather,VNQ,Equities,Real Estate,Real Estate,Contextual,20,Single contextual evidence source,False,,True,False,Growing Conditions,Financing Conditions,Economic-driver text match,1.2
AG_WEATHER,Agriculture,Agricultural Weather,VOO,Equities,Broad Market,Large Cap U.S.,Contextual,20,Single contextual evidence source,False,,True,False,Growing Conditions,Financial Conditions,Economic-driver text match,1.2
AG_WEATHER,Agriculture,Agricultural Weather,XLRE,Equities,Real Estate,Real Estate,Contextual,20,Single contextual evidence source,False,,True,False,Growing Conditions,Financing Conditions,Economic-driver text match,1.2
AG_WEATHER,Agriculture,Agricultural Weather,XLU,Equities,Utilities,Utilities,Contextual,20,Single contextual evidence source,True,Weather,False,False,,,37A-to-37B crosswalk,1.2
AG_WEATHER,Agriculture,Agricultural Weather,XLY,Equities,Consumer Discretionary,Consumer Discretionary,Contextual,20,Single contextual evidence source,False,,True,False,Growing Conditions,Credit Conditions,Economic-driver text match,1.2
AI_CAPEX,Technology,AI Capital Expenditure,AIRR,Equities,Industrials,Industrial Reshoring,Contextual,20,Single contextual evidence source,False,,True,False,AI Infrastructure,Infrastructure Spending,Economic-driver text match,1.2
AI_CAPEX,Technology,AI Capital Expenditure,AMLP,Equities,Energy,Energy Infrastructure,Contextual,20,Single contextual evidence source,False,,True,False,AI Infrastructure,Energy Infrastructure Demand,Economic-driver text match,1.2
AI_CAPEX,Technology,AI Capital Expenditure,BATT,Equities,Materials,Energy Transition Materials,Contextual,20,Single contextual evidence source,False,,True,False,AI Infrastructure,Infrastructure Spending,Economic-driver text match,1.2
AI_CAPEX,Technology,AI Capital Expenditure,COPX,Equities,Materials,Metals & Mining,Contextual,20,Single contextual evidence source,False,,True,False,AI Infrastructure,Infrastructure Spending,Economic-driver text match,1.2
AI_CAPEX,Technology,AI Capital Expenditure,CPER,Commodities,Metals,Industrial Metals,Contextual,20,Single contextual evidence source,False,,True,False,AI Infrastructure,Infrastructure Spending,Economic-driver text match,1.2
AI_CAPEX,Technology,AI Capital Expenditure,LITP,Equities,Materials,Energy Transition Materials,Contextual,20,Single contextual evidence source,False,,True,False,AI Infrastructure,Infrastructure Spending,Economic-driver text match,1.2
AI_CAPEX,Technology,AI Capital Expenditure,PAVE,Equities,Industrials,Infrastructure,Contextual,20,Single contextual evidence source,False,,True,False,AI Infrastructure,Infrastructure Spending,Economic-driver text match,1.2
AI_CAPEX,Technology,AI Capital Expenditure,SLX,Equities,Materials,Metals & Mining,Contextual,20,Single contextual evidence source,False,,True,False,AI Infrastructure,Infrastructure Spending,Economic-driver text match,1.2
AI_CAPEX,Technology,AI Capital Expenditure,XLB,Equities,Materials,Materials,Contextual,20,Single contextual evidence source,False,,True,False,AI Infrastructure,Infrastructure Spending,Economic-driver text match,1.2
AI_CAPEX,Technology,AI Capital Expenditure,XLI,Equities,Industrials,Industrials,Contextual,20,Single contextual evidence source,False,,True,False,AI Infrastructure,Infrastructure Spending,Economic-driver text match,1.2
AI_CAPEX,Technology,AI Capital Expenditure,XLU,Equities,Utilities,Utilities,Contextual,20,Single contextual evidence source,False,,True,False,Data Centers,Data Center Power Demand,Economic-driver text match,1.2
ANALYST_REVISIONS,Corporate,Analyst Revisions,DIA,Equities,Broad Market,Large Cap U.S.,Contextual,40,Multiple contextual evidence sources,True,Earnings,True,False,EPS Revisions | Revenue Revisions,Earnings Revisions,37A-to-37B crosswalk | Economic-driver text match,1.2
ANALYST_REVISIONS,Corporate,Analyst Revisions,IGV,Equities,Technology,Software,Contextual,40,Multiple contextual evidence sources,True,Earnings,True,False,Revenue Revisions,Recurring Revenue Growth,37A-to-37B crosswalk | Economic-driver text match,1.2
ANALYST_REVISIONS,Corporate,Analyst Revisions,IWM,Equities,Broad Market,Small Cap U.S.,Contextual,40,Multiple contextual evidence sources,True,Earnings,True,False,EPS Revisions | Revenue Revisions,Earnings Revisions,37A-to-37B crosswalk | Economic-driver text match,1.2
ANALYST_REVISIONS,Corporate,Analyst Revisions,QQQ,Equities,Broad Market,Large Cap Growth,Contextual,40,Multiple contextual evidence sources,True,Earnings,True,False,EPS Revisions | Revenue Revisions,Earnings Revisions,37A-to-37B crosswalk | Economic-driver text match,1.2
ANALYST_REVISIONS,Corporate,Analyst Revisions,RSP,Equities,Broad Market,Large Cap U.S.,Contextual,40,Multiple contextual evidence sources,True,Earnings,True,False,EPS Revisions | Revenue Revisions,Earnings Revisions,37A-to-37B crosswalk | Economic-driver text match,1.2
ANALYST_REVISIONS,Corporate,Analyst Revisions,SKYY,Equities,Technology,Cloud & Software,Contextual,40,Multiple contextual evidence sources,True,Earnings,True,False,Revenue Revisions,Recurring Revenue Growth,37A-to-37B crosswalk | Economic-driver text match,1.2
ANALYST_REVISIONS,Corporate,Analyst Revisions,SPY,Equities,Broad Market,Large Cap U.S.,Contextual,40,Multiple contextual evidence sources,True,Earnings,True,False,EPS Revisions | Revenue Revisions,Earnings Revisions,37A-to-37B crosswalk | Economic-driver text match,1.2
ANALYST_REVISIONS,Corporate,Analyst Revisions,VOO,Equities,Broad Market,Large Cap U.S.,Contextual,40,Multiple contextual evidence sources,True,Earnings,True,False,EPS Revisions | Revenue Revisions,Earnings Revisions,37A-to-37B crosswalk | Economic-driver text match,1.2
ANALYST_REVISIONS,Corporate,Analyst Revisions,AIQ,Equities,Technology,AI & Automation,Contextual,20,Single contextual evidence source,True,Earnings,False,False,,,37A-to-37B crosswalk,1.2
ANALYST_REVISIONS,Corporate,Analyst Revisions,AIRR,Equities,Industrials,Industrial Reshoring,Contextual,20,Single contextual evidence source,True,Earnings,False,False,,,37A-to-37B crosswalk,1.2
ANALYST_REVISIONS,Corporate,Analyst Revisions,ARKG,Equities,Health Care,Biotech & Genomics,Contextual,20,Single contextual evidence source,True,Earnings,False,False,,,37A-to-37B crosswalk,1.2
ANALYST_REVISIONS,Corporate,Analyst Revisions,AWAY,Equities,Consumer Discretionary,Travel & Leisure,Contextual,20,Single contextual evidence source,True,Earnings,False,False,,,37A-to-37B crosswalk,1.2
ANALYST_REVISIONS,Corporate,Analyst Revisions,BETZ,Equities,Consumer Discretionary,Gaming & Betting,Contextual,20,Single contextual evidence source,True,Earnings,False,False,,,37A-to-37B crosswalk,1.2
ANALYST_REVISIONS,Corporate,Analyst Revisions,BOTZ,Equities,Technology,AI & Automation,Contextual,20,Single contextual evidence source,True,Earnings,False,False,,,37A-to-37B crosswalk,1.2
ANALYST_REVISIONS,Corporate,Analyst Revisions,CIBR,Equities,Technology,Cybersecurity,Contextual,20,Single contextual evidence source,True,Earnings,False,False,,,37A-to-37B crosswalk,1.2
ANALYST_REVISIONS,Corporate,Analyst Revisions,CORN,Commodities,Agriculture,Agriculture Commodities,Contextual,20,Single contextual evidence source,False,,True,False,Industry Forecasts,USDA Forecasts,Economic-driver text match,1.2
ANALYST_REVISIONS,Corporate,Analyst Revisions,DBA,Commodities,Agriculture,Agriculture Commodities,Contextual,20,Single contextual evidence source,False,,True,False,Industry Forecasts,USDA Forecasts,Economic-driver text match,1.2
ANALYST_REVISIONS,Corporate,Analyst Revisions,DRAM,Equities,Technology,Semiconductors,Contextual,20,Single contextual evidence source,True,Earnings,False,False,,,37A-to-37B crosswalk,1.2
ANALYST_REVISIONS,Corporate,Analyst Revisions,IAI,Equities,Financials,Capital Markets,Contextual,20,Single contextual evidence source,True,Earnings,False,False,,,37A-to-37B crosswalk,1.2
ANALYST_REVISIONS,Corporate,Analyst Revisions,IBB,Equities,Health Care,Biotechnology,Contextual,20,Single contextual evidence source,True,Earnings,False,False,,,37A-to-37B crosswalk,1.2
ANALYST_REVISIONS,Corporate,Analyst Revisions,ITA,Equities,Industrials,Aerospace & Defense,Contextual,20,Single contextual evidence source,True,Earnings,False,False,,,37A-to-37B crosswalk,1.2
ANALYST_REVISIONS,Corporate,Analyst Revisions,KBE,Equities,Financials,Banking,Contextual,20,Single contextual evidence source,True,Earnings,False,False,,,37A-to-37B crosswalk,1.2
ANALYST_REVISIONS,Corporate,Analyst Revisions,KBWD,Equities,Financials,Financial Income,Contextual,20,Single contextual evidence source,True,Earnings,False,False,,,37A-to-37B crosswalk,1.2
ANALYST_REVISIONS,Corporate,Analyst Revisions,KRE,Equities,Financials,Banking,Contextual,20,Single contextual evidence source,True,Earnings,False,False,,,37A-to-37B crosswalk,1.2
ANALYST_REVISIONS,Corporate,Analyst Revisions,ONLN,Equities,Consumer Discretionary,E-Commerce,Contextual,20,Single contextual evidence source,True,Earnings,False,False,,,37A-to-37B crosswalk,1.2
ANALYST_REVISIONS,Corporate,Analyst Revisions,PAVE,Equities,Industrials,Infrastructure,Contextual,20,Single contextual evidence source,True,Earnings,False,False,,,37A-to-37B crosswalk,1.2
ANALYST_REVISIONS,Corporate,Analyst Revisions,PEJ,Equities,Consumer Discretionary,Travel & Leisure,Contextual,20,Single contextual evidence source,True,Earnings,False,False,,,37A-to-37B crosswalk,1.2
ANALYST_REVISIONS,Corporate,Analyst Revisions,PPH,Equities,Health Care,Pharmaceuticals,Contextual,20,Single contextual evidence source,True,Earnings,False,False,,,37A-to-37B crosswalk,1.2
ANALYST_REVISIONS,Corporate,Analyst Revisions,REZ,Equities,Real Estate,Real Estate,Contextual,20,Single contextual evidence source,True,Earnings,False,False,,,37A-to-37B crosswalk,1.2
ANALYST_REVISIONS,Corporate,Analyst Revisions,SMH,Equities,Technology,Semiconductors,Contextual,20,Single contextual evidence source,True,Earnings,False,False,,,37A-to-37B crosswalk,1.2
ANALYST_REVISIONS,Corporate,Analyst Revisions,SOXX,Equities,Technology,Semiconductors,Contextual,20,Single contextual evidence source,True,Earnings,False,False,,,37A-to-37B crosswalk,1.2
ANALYST_REVISIONS,Corporate,Analyst Revisions,SRVR,Equities,Real Estate,Digital Infrastructure,Contextual,20,Single contextual evidence source,True,Earnings,False,False,,,37A-to-37B crosswalk,1.2
ANALYST_REVISIONS,Corporate,Analyst Revisions,VNQ,Equities,Real Estate,Real Estate,Contextual,20,Single contextual evidence source,True,Earnings,False,False,,,37A-to-37B crosswalk,1.2
ANALYST_REVISIONS,Corporate,Analyst Revisions,WEAT,Commodities,Agriculture,Agriculture Commodities,Contextual,20,Single contextual evidence source,False,,True,False,Industry Forecasts,USDA Forecasts,Economic-driver text match,1.2
ANALYST_REVISIONS,Corporate,Analyst Revisions,XBI,Equities,Health Care,Biotechnology,Contextual,20,Single contextual evidence source,True,Earnings,False,False,,,37A-to-37B crosswalk,1.2
ANALYST_REVISIONS,Corporate,Analyst Revisions,XLC,Equities,Communication Services,Communication Services,Contextual,20,Single contextual evidence source,True,Earnings,False,False,,,37A-to-37B crosswalk,1.2
ANALYST_REVISIONS,Corporate,Analyst Revisions,XLF,Equities,Financials,Financials,Contextual,20,Single contextual evidence source,True,Earnings,False,False,,,37A-to-37B crosswalk,1.2
ANALYST_REVISIONS,Corporate,Analyst Revisions,XLI,Equities,Industrials,Industrials,Contextual,20,Single contextual evidence source,True,Earnings,False,False,,,37A-to-37B crosswalk,1.2
ANALYST_REVISIONS,Corporate,Analyst Revisions,XLK,Equities,Technology,Technology,Contextual,20,Single contextual evidence source,True,Earnings,False,False,,,37A-to-37B crosswalk,1.2
ANALYST_REVISIONS,Corporate,Analyst Revisions,XLP,Equities,Consumer Staples,Consumer Staples,Contextual,20,Single contextual evidence source,True,Earnings,False,False,,,37A-to-37B crosswalk,1.2
ANALYST_REVISIONS,Corporate,Analyst Revisions,XLRE,Equities,Real Estate,Real Estate,Contextual,20,Single contextual evidence source,True,Earnings,False,False,,,37A-to-37B crosswalk,1.2
ANALYST_REVISIONS,Corporate,Analyst Revisions,XLU,Equities,Utilities,Utilities,Contextual,20,Single contextual evidence source,True,Earnings,False,False,,,37A-to-37B crosswalk,1.2
ANALYST_REVISIONS,Corporate,Analyst Revisions,XLV,Equities,Health Care,Health Care,Contextual,20,Single contextual evidence source,True,Earnings,False,False,,,37A-to-37B crosswalk,1.2
ANALYST_REVISIONS,Corporate,Analyst Revisions,XLY,Equities,Consumer Discretionary,Consumer Discretionary,Contextual,20,Single contextual evidence source,True,Earnings,False,False,,,37A-to-37B crosswalk,1.2
BANK_CREDIT,Financials,Bank Credit Conditions,IAI,Equities,Financials,Capital Markets,Contextual,40,Multiple contextual evidence sources,True,Credit Conditions,True,False,Credit Losses | Loan Growth,Credit Growth | Credit Quality | Loan Growth,37A-to-37B crosswalk | Economic-driver text match,1.2
BANK_CREDIT,Financials,Bank Credit Conditions,KBE,Equities,Financials,Banking,Contextual,40,Multiple contextual evidence sources,True,Credit Conditions,True,False,Credit Losses | Loan Growth,Credit Growth | Credit Quality | Loan Growth,37A-to-37B crosswalk | Economic-driver text match,1.2
BANK_CREDIT,Financials,Bank Credit Conditions,KBWD,Equities,Financials,Financial Income,Contextual,40,Multiple contextual evidence sources,True,Credit Conditions,True,False,Credit Losses | Loan Growth,Credit Growth | Credit Quality | Loan Growth,37A-to-37B crosswalk | Economic-driver text match,1.2
BANK_CREDIT,Financials,Bank Credit Conditions,KRE,Equities,Financials,Banking,Contextual,40,Multiple contextual evidence sources,True,Credit Conditions,True,True,Credit Losses | Loan Growth,Credit Growth | Credit Quality | Loan Growth,37A-to-37B crosswalk | Economic-driver text match | 37B example exposure,1.2
BANK_CREDIT,Financials,Bank Credit Conditions,REZ,Equities,Real Estate,Real Estate,Contextual,40,Multiple contextual evidence sources,True,Credit Conditions,True,False,Loan Growth,Rent Growth,37A-to-37B crosswalk | Economic-driver text match,1.2
BANK_CREDIT,Financials,Bank Credit Conditions,VNQ,Equities,Real Estate,Real Estate,Contextual,40,Multiple contextual evidence sources,True,Credit Conditions,True,False,Loan Growth,Rent Growth,37A-to-37B crosswalk | Economic-driver text match,1.2
BANK_CREDIT,Financials,Bank Credit Conditions,XLF,Equities,Financials,Financials,Contextual,40,Multiple contextual evidence sources,True,Credit Conditions,True,True,Credit Losses | Loan Growth,Credit Growth | Credit Quality | Loan Growth,37A-to-37B crosswalk | Economic-driver text match | 37B example exposure,1.2
BANK_CREDIT,Financials,Bank Credit Conditions,XLRE,Equities,Real Estate,Real Estate,Contextual,40,Multiple contextual evidence sources,True,Credit Conditions,True,False,Loan Growth,Rent Growth,37A-to-37B crosswalk | Economic-driver text match,1.2
BANK_CREDIT,Financials,Bank Credit Conditions,AMLP,Equities,Energy,Energy Infrastructure,Contextual,20,Single contextual evidence source,False,,True,False,Loan Growth,Distribution Growth,Economic-driver text match,1.2
BANK_CREDIT,Financials,Bank Credit Conditions,AWAY,Equities,Consumer Discretionary,Travel & Leisure,Contextual,20,Single contextual evidence source,False,,True,False,Credit Losses,Credit Conditions,Economic-driver text match,1.2
BANK_CREDIT,Financials,Bank Credit Conditions,BETZ,Equities,Consumer Discretionary,Gaming & Betting,Contextual,20,Single contextual evidence source,False,,True,False,Credit Losses,Credit Conditions,Economic-driver text match,1.2
BANK_CREDIT,Financials,Bank Credit Conditions,DIA,Equities,Broad Market,Large Cap U.S.,Contextual,20,Single contextual evidence source,False,,True,False,Loan Growth,Economic Growth,Economic-driver text match,1.2
BANK_CREDIT,Financials,Bank Credit Conditions,IEF,Fixed Income,Treasuries,Intermediate Treasuries,Contextual,20,Single contextual evidence source,False,,True,False,Loan Growth,Economic Growth,Economic-driver text match,1.2
BANK_CREDIT,Financials,Bank Credit Conditions,IGV,Equities,Technology,Software,Contextual,20,Single contextual evidence source,False,,True,False,Loan Growth,Recurring Revenue Growth,Economic-driver text match,1.2
BANK_CREDIT,Financials,Bank Credit Conditions,IWM,Equities,Broad Market,Small Cap U.S.,Contextual,20,Single contextual evidence source,False,,True,False,Loan Growth,Economic Growth,Economic-driver text match,1.2
BANK_CREDIT,Financials,Bank Credit Conditions,ONLN,Equities,Consumer Discretionary,E-Commerce,Contextual,20,Single contextual evidence source,False,,True,False,Credit Losses,Credit Conditions,Economic-driver text match,1.2
BANK_CREDIT,Financials,Bank Credit Conditions,PEJ,Equities,Consumer Discretionary,Travel & Leisure,Contextual,20,Single contextual evidence source,False,,True,False,Credit Losses,Credit Conditions,Economic-driver text match,1.2
BANK_CREDIT,Financials,Bank Credit Conditions,QQQ,Equities,Broad Market,Large Cap Growth,Contextual,20,Single contextual evidence source,False,,True,False,Loan Growth,Economic Growth,Economic-driver text match,1.2
BANK_CREDIT,Financials,Bank Credit Conditions,RSP,Equities,Broad Market,Large Cap U.S.,Contextual,20,Single contextual evidence source,False,,True,False,Loan Growth,Economic Growth,Economic-driver text match,1.2
BANK_CREDIT,Financials,Bank Credit Conditions,SKYY,Equities,Technology,Cloud & Software,Contextual,20,Single contextual evidence source,False,,True,False,Loan Growth,Recurring Revenue Growth,Economic-driver text match,1.2
BANK_CREDIT,Financials,Bank Credit Conditions,SPY,Equities,Broad Market,Large Cap U.S.,Contextual,20,Single contextual evidence source,False,,True,False,Loan Growth,Economic Growth,Economic-driver text match,1.2
BANK_CREDIT,Financials,Bank Credit Conditions,SRVR,Equities,Real Estate,Digital Infrastructure,Contextual,20,Single contextual evidence source,True,Credit Conditions,False,False,,,37A-to-37B crosswalk,1.2
BANK_CREDIT,Financials,Bank Credit Conditions,TLT,Fixed Income,Treasuries,Long Treasuries,Contextual,20,Single contextual evidence source,False,,True,False,Loan Growth,Economic Growth,Economic-driver text match,1.2
BANK_CREDIT,Financials,Bank Credit Conditions,UUP,Currencies,U.S. Dollar,Currencies,Contextual,20,Single contextual evidence source,False,,True,False,Loan Growth,U.S. Economic Growth,Economic-driver text match,1.2
BANK_CREDIT,Financials,Bank Credit Conditions,VOO,Equities,Broad Market,Large Cap U.S.,Contextual,20,Single contextual evidence source,False,,True,False,Loan Growth,Economic Growth,Economic-driver text match,1.2
BANK_CREDIT,Financials,Bank Credit Conditions,XLC,Equities,Communication Services,Communication Services,Contextual,20,Single contextual evidence source,False,,True,False,Loan Growth,Subscriber Growth,Economic-driver text match,1.2
BANK_CREDIT,Financials,Bank Credit Conditions,XLK,Equities,Technology,Technology,Contextual,20,Single contextual evidence source,False,,True,False,Loan Growth,Earnings Growth,Economic-driver text match,1.2
BANK_CREDIT,Financials,Bank Credit Conditions,XLY,Equities,Consumer Discretionary,Consumer Discretionary,Contextual,20,Single contextual evidence source,False,,True,False,Credit Losses,Credit Conditions,Economic-driver text match,1.2
BLACK_SEA_GRAINS,Agriculture,Black Sea Grain Supply,AMLP,Equities,Energy,Energy Infrastructure,Contextual,20,Single contextual evidence source,False,,True,False,Production,Energy Production,Economic-driver text match,1.2
BLACK_SEA_GRAINS,Agriculture,Black Sea Grain Supply,OIH,Equities,Energy,Oil & Gas Services,Contextual,20,Single contextual evidence source,False,,True,False,Production,U.S. Production,Economic-driver text match,1.2
BLACK_SEA_GRAINS,Agriculture,Black Sea Grain Supply,UNG,Commodities,Energy,Energy Commodities,Contextual,20,Single contextual evidence source,False,,True,False,Export Restrictions | Production | Wheat Exports,LNG Export Demand | LNG Exports | Production | U.S. Gas Production,Economic-driver text match,1.2
BLACK_SEA_GRAINS,Agriculture,Black Sea Grain Supply,USO,Commodities,Energy,Energy Commodities,Contextual,20,Single contextual evidence source,False,,True,False,Production,U.S. Production,Economic-driver text match,1.2
BLACK_SEA_GRAINS,Agriculture,Black Sea Grain Supply,XLE,Equities,Energy,Energy,Contextual,20,Single contextual evidence source,False,,True,False,Production,U.S. Production,Economic-driver text match,1.2
BLACK_SEA_GRAINS,Agriculture,Black Sea Grain Supply,XOP,Equities,Energy,Oil & Gas E&P,Contextual,20,Single contextual evidence source,False,,True,False,Production,E&P Production Economics | U.S. Oil Production,Economic-driver text match,1.2
CAPITAL_MARKETS,Financials,Capital Markets Activity,IAI,Equities,Financials,Capital Markets,Contextual,40,Multiple contextual evidence sources,True,Capital Markets,True,False,Trading Activity,Capital Markets Activity,37A-to-37B crosswalk | Economic-driver text match,1.2
CAPITAL_MARKETS,Financials,Capital Markets Activity,KBE,Equities,Financials,Banking,Contextual,40,Multiple contextual evidence sources,True,Capital Markets,True,False,Trading Activity,Capital Markets Activity,37A-to-37B crosswalk | Economic-driver text match,1.2
CAPITAL_MARKETS,Financials,Capital Markets Activity,KBWD,Equities,Financials,Financial Income,Contextual,40,Multiple contextual evidence sources,True,Capital Markets,True,False,Trading Activity,Capital Markets Activity,37A-to-37B crosswalk | Economic-driver text match,1.2
CAPITAL_MARKETS,Financials,Capital Markets Activity,KRE,Equities,Financials,Banking,Contextual,40,Multiple contextual evidence sources,True,Capital Markets,True,False,Trading Activity,Capital Markets Activity,37A-to-37B crosswalk | Economic-driver text match,1.2
CAPITAL_MARKETS,Financials,Capital Markets Activity,SPY,Equities,Broad Market,Large Cap U.S.,Contextual,40,Multiple contextual evidence sources,False,,True,True,Equity Issuance,Equity Risk Appetite,Economic-driver text match | 37B example exposure,1.2
CAPITAL_MARKETS,Financials,Capital Markets Activity,XLF,Equities,Financials,Financials,Contextual,40,Multiple contextual evidence sources,True,Capital Markets,True,True,Trading Activity,Capital Markets Activity,37A-to-37B crosswalk | Economic-driver text match | 37B example exposure,1.2
CAPITAL_MARKETS,Financials,Capital Markets Activity,AIRR,Equities,Industrials,Industrial Reshoring,Contextual,20,Single contextual evidence source,False,,True,False,Trading Activity,Industrial Activity,Economic-driver text match,1.2
CAPITAL_MARKETS,Financials,Capital Markets Activity,DIA,Equities,Broad Market,Large Cap U.S.,Contextual,20,Single contextual evidence source,False,,True,False,Equity Issuance,Equity Risk Appetite,Economic-driver text match,1.2
CAPITAL_MARKETS,Financials,Capital Markets Activity,ETHE,Digital Assets,Crypto,Crypto Assets,Contextual,20,Single contextual evidence source,False,,True,False,Trading Activity,Network Activity,Economic-driver text match,1.2
CAPITAL_MARKETS,Financials,Capital Markets Activity,IWM,Equities,Broad Market,Small Cap U.S.,Contextual,20,Single contextual evidence source,False,,True,False,Equity Issuance,Equity Risk Appetite,Economic-driver text match,1.2
CAPITAL_MARKETS,Financials,Capital Markets Activity,OIH,Equities,Energy,Oil & Gas Services,Contextual,20,Single contextual evidence source,False,,True,False,Trading Activity,International Drilling Activity | Oilfield Activity | Rig Activity,Economic-driver text match,1.2
CAPITAL_MARKETS,Financials,Capital Markets Activity,PAVE,Equities,Industrials,Infrastructure,Contextual,20,Single contextual evidence source,False,,True,False,Trading Activity,Industrial Activity,Economic-driver text match,1.2
CAPITAL_MARKETS,Financials,Capital Markets Activity,QQQ,Equities,Broad Market,Large Cap Growth,Contextual,20,Single contextual evidence source,False,,True,False,Equity Issuance,Equity Risk Appetite,Economic-driver text match,1.2
CAPITAL_MARKETS,Financials,Capital Markets Activity,RSP,Equities,Broad Market,Large Cap U.S.,Contextual,20,Single contextual evidence source,False,,True,False,Equity Issuance,Equity Risk Appetite,Economic-driver text match,1.2
CAPITAL_MARKETS,Financials,Capital Markets Activity,VIXY,Volatility,Equity Volatility,Volatility,Contextual,20,Single contextual evidence source,False,,True,False,Equity Issuance,Equity Volatility,Economic-driver text match,1.2
CAPITAL_MARKETS,Financials,Capital Markets Activity,VOO,Equities,Broad Market,Large Cap U.S.,Contextual,20,Single contextual evidence source,False,,True,False,Equity Issuance,Equity Risk Appetite,Economic-driver text match,1.2
CAPITAL_MARKETS,Financials,Capital Markets Activity,XLE,Equities,Energy,Energy,Contextual,20,Single contextual evidence source,False,,True,False,Trading Activity,Rig Activity,Economic-driver text match,1.2
CAPITAL_MARKETS,Financials,Capital Markets Activity,XLI,Equities,Industrials,Industrials,Contextual,20,Single contextual evidence source,False,,True,False,Trading Activity,Industrial Activity,Economic-driver text match,1.2
CAPITAL_MARKETS,Financials,Capital Markets Activity,XOP,Equities,Energy,Oil & Gas E&P,Contextual,20,Single contextual evidence source,False,,True,False,Trading Activity,Rig Activity,Economic-driver text match,1.2
CENTRAL_BANK_GOLD,Metals,Central Bank Gold Demand,GLD,Commodities,Precious Metals,Precious Metals,Contextual,40,Multiple contextual evidence sources,False,,True,True,Central Bank Purchases | Gold Reserves | Official Demand,Central Bank Demand | Central Bank Gold Demand | Physical Demand | Safe-Haven Demand,Economic-driver text match | 37B example exposure,1.2
CENTRAL_BANK_GOLD,Metals,Central Bank Gold Demand,AIRR,Equities,Industrials,Industrial Reshoring,Contextual,20,Single contextual evidence source,False,,True,False,Official Demand,Transportation Demand,Economic-driver text match,1.2
CENTRAL_BANK_GOLD,Metals,Central Bank Gold Demand,AMLP,Equities,Energy,Energy Infrastructure,Contextual,20,Single contextual evidence source,False,,True,False,Official Demand,Energy Infrastructure Demand,Economic-driver text match,1.2
CENTRAL_BANK_GOLD,Metals,Central Bank Gold Demand,ARKG,Equities,Health Care,Biotech & Genomics,Contextual,20,Single contextual evidence source,False,,True,False,Official Demand,Drug / Therapy Demand,Economic-driver text match,1.2
CENTRAL_BANK_GOLD,Metals,Central Bank Gold Demand,AWAY,Equities,Consumer Discretionary,Travel & Leisure,Contextual,20,Single contextual evidence source,False,,True,False,Official Demand,E-Commerce Demand | Travel Demand,Economic-driver text match,1.2
CENTRAL_BANK_GOLD,Metals,Central Bank Gold Demand,BATT,Equities,Materials,Energy Transition Materials,Contextual,20,Single contextual evidence source,False,,True,False,Official Demand,China Demand | Energy Transition Demand | Industrial Demand,Economic-driver text match,1.2
CENTRAL_BANK_GOLD,Metals,Central Bank Gold Demand,BETZ,Equities,Consumer Discretionary,Gaming & Betting,Contextual,20,Single contextual evidence source,False,,True,False,Official Demand,E-Commerce Demand | Travel Demand,Economic-driver text match,1.2
CENTRAL_BANK_GOLD,Metals,Central Bank Gold Demand,COPX,Equities,Materials,Metals & Mining,Contextual,20,Single contextual evidence source,False,,True,False,Official Demand,China Demand | Energy Transition Demand | Industrial Demand,Economic-driver text match,1.2
CENTRAL_BANK_GOLD,Metals,Central Bank Gold Demand,CORN,Commodities,Agriculture,Agriculture Commodities,Contextual,20,Single contextual evidence source,False,,True,False,Official Demand,Ethanol Demand | Export Demand,Economic-driver text match,1.2
CENTRAL_BANK_GOLD,Metals,Central Bank Gold Demand,CPER,Commodities,Metals,Industrial Metals,Contextual,20,Single contextual evidence source,False,,True,False,Official Demand,China Demand | Energy Transition Demand | Industrial Metals Demand,Economic-driver text match,1.2
CENTRAL_BANK_GOLD,Metals,Central Bank Gold Demand,DBA,Commodities,Agriculture,Agriculture Commodities,Contextual,20,Single contextual evidence source,False,,True,False,Official Demand,Agricultural Demand | Export Demand,Economic-driver text match,1.2
CENTRAL_BANK_GOLD,Metals,Central Bank Gold Demand,DRAM,Equities,Technology,Semiconductors,Contextual,20,Single contextual evidence source,False,,True,False,Official Demand,AI Infrastructure Demand | HBM Demand | PC Demand | Smartphone Demand,Economic-driver text match,1.2
CENTRAL_BANK_GOLD,Metals,Central Bank Gold Demand,ETHE,Digital Assets,Crypto,Crypto Assets,Contextual,20,Single contextual evidence source,False,,True,False,Official Demand,Ethereum Spot Demand,Economic-driver text match,1.2
CENTRAL_BANK_GOLD,Metals,Central Bank Gold Demand,IBB,Equities,Health Care,Biotechnology,Contextual,20,Single contextual evidence source,False,,True,False,Official Demand,Drug / Therapy Demand,Economic-driver text match,1.2
CENTRAL_BANK_GOLD,Metals,Central Bank Gold Demand,IBIT,Digital Assets,Crypto,Crypto Assets,Contextual,20,Single contextual evidence source,False,,True,False,Official Demand,Bitcoin Spot Demand,Economic-driver text match,1.2
CENTRAL_BANK_GOLD,Metals,Central Bank Gold Demand,IEF,Fixed Income,Treasuries,Intermediate Treasuries,Contextual,20,Single contextual evidence source,False,,True,False,Official Demand,Safe-Haven Demand,Economic-driver text match,1.2
CENTRAL_BANK_GOLD,Metals,Central Bank Gold Demand,ITA,Equities,Industrials,Aerospace & Defense,Contextual,20,Single contextual evidence source,False,,True,False,Official Demand,Aircraft Demand | Geopolitical Security Demand,Economic-driver text match,1.2
CENTRAL_BANK_GOLD,Metals,Central Bank Gold Demand,LITP,Equities,Materials,Energy Transition Materials,Contextual,20,Single contextual evidence source,False,,True,False,Official Demand,China Demand | Energy Transition Demand | Industrial Demand,Economic-driver text match,1.2
CENTRAL_BANK_GOLD,Metals,Central Bank Gold Demand,ONLN,Equities,Consumer Discretionary,E-Commerce,Contextual,20,Single contextual evidence source,False,,True,False,Official Demand,E-Commerce Demand | Travel Demand,Economic-driver text match,1.2
CENTRAL_BANK_GOLD,Metals,Central Bank Gold Demand,PAVE,Equities,Industrials,Infrastructure,Contextual,20,Single contextual evidence source,False,,True,False,Official Demand,Transportation Demand,Economic-driver text match,1.2
CENTRAL_BANK_GOLD,Metals,Central Bank Gold Demand,PDBC,Commodities,Broad Commodities,Broad Commodities,Contextual,20,Single contextual evidence source,False,,True,False,Official Demand,Global Supply / Demand,Economic-driver text match,1.2
CENTRAL_BANK_GOLD,Metals,Central Bank Gold Demand,PEJ,Equities,Consumer Discretionary,Travel & Leisure,Contextual,20,Single contextual evidence source,False,,True,False,Official Demand,E-Commerce Demand | Travel Demand,Economic-driver text match,1.2
CENTRAL_BANK_GOLD,Metals,Central Bank Gold Demand,PPH,Equities,Health Care,Pharmaceuticals,Contextual,20,Single contextual evidence source,False,,True,False,Official Demand,Drug / Therapy Demand,Economic-driver text match,1.2
CENTRAL_BANK_GOLD,Metals,Central Bank Gold Demand,REZ,Equities,Real Estate,Real Estate,Contextual,20,Single contextual evidence source,False,,True,False,Official Demand,Property Demand,Economic-driver text match,1.2
CENTRAL_BANK_GOLD,Metals,Central Bank Gold Demand,SHY,Fixed Income,Treasuries,Short Treasuries,Contextual,20,Single contextual evidence source,False,,True,False,Official Demand,Safe-Haven Demand,Economic-driver text match,1.2
CENTRAL_BANK_GOLD,Metals,Central Bank Gold Demand,SLV,Commodities,Precious Metals,Precious Metals,Contextual,20,Single contextual evidence source,False,,True,False,Gold Reserves | Official Demand,Gold Price Direction | Industrial Silver Demand | Precious Metals Demand | Solar / Electronics Demand,Economic-driver text match,1.2
CENTRAL_BANK_GOLD,Metals,Central Bank Gold Demand,SLX,Equities,Materials,Metals & Mining,Contextual,20,Single contextual evidence source,False,,True,False,Official Demand,China Demand | Energy Transition Demand | Industrial Demand,Economic-driver text match,1.2
CENTRAL_BANK_GOLD,Metals,Central Bank Gold Demand,SMH,Equities,Technology,Semiconductors,Contextual,20,Single contextual evidence source,False,,True,False,Official Demand,AI Infrastructure Demand | Consumer Electronics Demand | Semiconductor Demand,Economic-driver text match,1.2
CENTRAL_BANK_GOLD,Metals,Central Bank Gold Demand,SOXX,Equities,Technology,Semiconductors,Contextual,20,Single contextual evidence source,False,,True,False,Official Demand,AI Infrastructure Demand | Consumer Electronics Demand | Semiconductor Demand,Economic-driver text match,1.2
CENTRAL_BANK_GOLD,Metals,Central Bank Gold Demand,SRVR,Equities,Real Estate,Digital Infrastructure,Contextual,20,Single contextual evidence source,False,,True,False,Official Demand,Data Center Demand,Economic-driver text match,1.2
CENTRAL_BANK_GOLD,Metals,Central Bank Gold Demand,TIP,Fixed Income,Treasuries,Inflation-Protected Bonds,Contextual,20,Single contextual evidence source,False,,True,False,Official Demand,Safe-Haven Demand,Economic-driver text match,1.2
CENTRAL_BANK_GOLD,Metals,Central Bank Gold Demand,TLT,Fixed Income,Treasuries,Long Treasuries,Contextual,20,Single contextual evidence source,False,,True,False,Official Demand,Safe-Haven Demand,Economic-driver text match,1.2
CENTRAL_BANK_GOLD,Metals,Central Bank Gold Demand,UNG,Commodities,Energy,Energy Commodities,Contextual,20,Single contextual evidence source,False,,True,False,Official Demand,LNG Export Demand | Power Demand,Economic-driver text match,1.2
CENTRAL_BANK_GOLD,Metals,Central Bank Gold Demand,USO,Commodities,Energy,Energy Commodities,Contextual,20,Single contextual evidence source,False,,True,False,Official Demand,Global Oil Demand,Economic-driver text match,1.2
CENTRAL_BANK_GOLD,Metals,Central Bank Gold Demand,UUP,Currencies,U.S. Dollar,Currencies,Contextual,20,Single contextual evidence source,False,,True,False,Central Bank Purchases | Official Demand,Foreign Central Bank Policy | Safe-Haven Demand | Safe-Haven Dollar Demand,Economic-driver text match,1.2
CENTRAL_BANK_GOLD,Metals,Central Bank Gold Demand,VIXY,Volatility,Equity Volatility,Volatility,Contextual,20,Single contextual evidence source,False,,True,False,Official Demand,Options Demand,Economic-driver text match,1.2
CENTRAL_BANK_GOLD,Metals,Central Bank Gold Demand,VNQ,Equities,Real Estate,Real Estate,Contextual,20,Single contextual evidence source,False,,True,False,Official Demand,Property Demand,Economic-driver text match,1.2
CENTRAL_BANK_GOLD,Metals,Central Bank Gold Demand,XBI,Equities,Health Care,Biotechnology,Contextual,20,Single contextual evidence source,False,,True,False,Official Demand,Drug / Therapy Demand,Economic-driver text match,1.2
CENTRAL_BANK_GOLD,Metals,Central Bank Gold Demand,XLB,Equities,Materials,Materials,Contextual,20,Single contextual evidence source,False,,True,False,Official Demand,China Demand | Energy Transition Demand | Industrial Demand,Economic-driver text match,1.2
CENTRAL_BANK_GOLD,Metals,Central Bank Gold Demand,XLC,Equities,Communication Services,Communication Services,Contextual,20,Single contextual evidence source,False,,True,False,Official Demand,Advertising Demand,Economic-driver text match,1.2
CENTRAL_BANK_GOLD,Metals,Central Bank Gold Demand,XLE,Equities,Energy,Energy,Contextual,20,Single contextual evidence source,False,,True,False,Official Demand,Energy Demand,Economic-driver text match,1.2
CENTRAL_BANK_GOLD,Metals,Central Bank Gold Demand,XLI,Equities,Industrials,Industrials,Contextual,20,Single contextual evidence source,False,,True,False,Official Demand,Transportation Demand,Economic-driver text match,1.2
CENTRAL_BANK_GOLD,Metals,Central Bank Gold Demand,XLP,Equities,Consumer Staples,Consumer Staples,Contextual,20,Single contextual evidence source,False,,True,False,Official Demand,Defensive Consumer Demand,Economic-driver text match,1.2
CENTRAL_BANK_GOLD,Metals,Central Bank Gold Demand,XLRE,Equities,Real Estate,Real Estate,Contextual,20,Single contextual evidence source,False,,True,False,Official Demand,Property Demand,Economic-driver text match,1.2
CENTRAL_BANK_GOLD,Metals,Central Bank Gold Demand,XLU,Equities,Utilities,Utilities,Contextual,20,Single contextual evidence source,False,,True,False,Official Demand,Data Center Power Demand | Electricity Demand,Economic-driver text match,1.2
CENTRAL_BANK_GOLD,Metals,Central Bank Gold Demand,XLV,Equities,Health Care,Health Care,Contextual,20,Single contextual evidence source,False,,True,False,Official Demand,Drug / Therapy Demand,Economic-driver text match,1.2
CENTRAL_BANK_GOLD,Metals,Central Bank Gold Demand,XLY,Equities,Consumer Discretionary,Consumer Discretionary,Contextual,20,Single contextual evidence source,False,,True,False,Official Demand,E-Commerce Demand | Travel Demand,Economic-driver text match,1.2
CHINA_DEMAND,Macro,China Demand,BATT,Equities,Materials,Energy Transition Materials,Contextual,40,Multiple contextual evidence sources,True,Commodity Demand,True,False,China PMI | Commodity Demand | Industrial Production,China Demand | Commodity Prices | Energy Transition Demand | Industrial Demand,37A-to-37B crosswalk | Economic-driver text match,1.2
CHINA_DEMAND,Macro,China Demand,COPX,Equities,Materials,Metals & Mining,Contextual,40,Multiple contextual evidence sources,True,Commodity Demand,True,True,China PMI | Commodity Demand | Industrial Production,China Demand | Commodity Prices | Energy Transition Demand | Industrial Demand,37A-to-37B crosswalk | Economic-driver text match | 37B example exposure,1.2
CHINA_DEMAND,Macro,China Demand,LITP,Equities,Materials,Energy Transition Materials,Contextual,40,Multiple contextual evidence sources,True,Commodity Demand,True,False,China PMI | Commodity Demand | Industrial Production,China Demand | Commodity Prices | Energy Transition Demand | Industrial Demand,37A-to-37B crosswalk | Economic-driver text match,1.2
CHINA_DEMAND,Macro,China Demand,PDBC,Commodities,Broad Commodities,Broad Commodities,Contextual,40,Multiple contextual evidence sources,True,Commodity Demand,True,True,Commodity Demand,Commodity Prices | Global Supply / Demand,37A-to-37B crosswalk | Economic-driver text match | 37B example exposure,1.2
CHINA_DEMAND,Macro,China Demand,SLX,Equities,Materials,Metals & Mining,Contextual,40,Multiple contextual evidence sources,True,Commodity Demand,True,False,China PMI | Commodity Demand | Industrial Production,China Demand | Commodity Prices | Energy Transition Demand | Industrial Demand,37A-to-37B crosswalk | Economic-driver text match,1.2
CHINA_DEMAND,Macro,China Demand,XLB,Equities,Materials,Materials,Contextual,40,Multiple contextual evidence sources,True,Commodity Demand,True,True,China PMI | Commodity Demand | Industrial Production,China Demand | Commodity Prices | Energy Transition Demand | Industrial Demand,37A-to-37B crosswalk | Economic-driver text match | 37B example exposure,1.2
CHINA_DEMAND,Macro,China Demand,XLE,Equities,Energy,Energy,Contextual,40,Multiple contextual evidence sources,False,,True,True,Commodity Demand | Industrial Production,Energy Demand | U.S. Production,Economic-driver text match | 37B example exposure,1.2
CHINA_DEMAND,Macro,China Demand,AIRR,Equities,Industrials,Industrial Reshoring,Contextual,20,Single contextual evidence source,False,,True,False,Commodity Demand | Industrial Production,Industrial Activity | Transportation Demand,Economic-driver text match,1.2
CHINA_DEMAND,Macro,China Demand,AMLP,Equities,Energy,Energy Infrastructure,Contextual,20,Single contextual evidence source,False,,True,False,Commodity Demand | Industrial Production,Energy Infrastructure Demand | Energy Production,Economic-driver text match,1.2
CHINA_DEMAND,Macro,China Demand,ARKG,Equities,Health Care,Biotech & Genomics,Contextual,20,Single contextual evidence source,False,,True,False,Commodity Demand,Drug / Therapy Demand,Economic-driver text match,1.2
CHINA_DEMAND,Macro,China Demand,AWAY,Equities,Consumer Discretionary,Travel & Leisure,Contextual,20,Single contextual evidence source,False,,True,False,Commodity Demand,E-Commerce Demand | Travel Demand,Economic-driver text match,1.2
CHINA_DEMAND,Macro,China Demand,BETZ,Equities,Consumer Discretionary,Gaming & Betting,Contextual,20,Single contextual evidence source,False,,True,False,Commodity Demand,E-Commerce Demand | Travel Demand,Economic-driver text match,1.2
CHINA_DEMAND,Macro,China Demand,CORN,Commodities,Agriculture,Agriculture Commodities,Contextual,20,Single contextual evidence source,False,,True,False,Commodity Demand | Industrial Production,Ethanol Demand | Export Demand | Global Corn Production,Economic-driver text match,1.2
CHINA_DEMAND,Macro,China Demand,CPER,Commodities,Metals,Industrial Metals,Contextual,20,Single contextual evidence source,False,,True,False,China PMI | Commodity Demand | Industrial Production,China Demand | Energy Transition Demand | Industrial Metals Demand,Economic-driver text match,1.2
CHINA_DEMAND,Macro,China Demand,DBA,Commodities,Agriculture,Agriculture Commodities,Contextual,20,Single contextual evidence source,False,,True,False,Commodity Demand | Industrial Production,Agricultural Demand | Export Demand | Global Crop Production,Economic-driver text match,1.2
CHINA_DEMAND,Macro,China Demand,DRAM,Equities,Technology,Semiconductors,Contextual,20,Single contextual evidence source,False,,True,False,Commodity Demand,AI Infrastructure Demand | HBM Demand | PC Demand | Smartphone Demand,Economic-driver text match,1.2
CHINA_DEMAND,Macro,China Demand,ETHE,Digital Assets,Crypto,Crypto Assets,Contextual,20,Single contextual evidence source,False,,True,False,Commodity Demand,Ethereum Spot Demand,Economic-driver text match,1.2
CHINA_DEMAND,Macro,China Demand,GLD,Commodities,Precious Metals,Precious Metals,Contextual,20,Single contextual evidence source,False,,True,False,Commodity Demand,Central Bank Demand | Central Bank Gold Demand | Physical Demand | Safe-Haven Demand,Economic-driver text match,1.2
CHINA_DEMAND,Macro,China Demand,IBB,Equities,Health Care,Biotechnology,Contextual,20,Single contextual evidence source,False,,True,False,Commodity Demand,Drug / Therapy Demand,Economic-driver text match,1.2
CHINA_DEMAND,Macro,China Demand,IBIT,Digital Assets,Crypto,Crypto Assets,Contextual,20,Single contextual evidence source,False,,True,False,Commodity Demand,Bitcoin Spot Demand,Economic-driver text match,1.2
CHINA_DEMAND,Macro,China Demand,IEF,Fixed Income,Treasuries,Intermediate Treasuries,Contextual,20,Single contextual evidence source,False,,True,False,Commodity Demand,Safe-Haven Demand,Economic-driver text match,1.2
CHINA_DEMAND,Macro,China Demand,ITA,Equities,Industrials,Aerospace & Defense,Contextual,20,Single contextual evidence source,False,,True,False,Commodity Demand,Aircraft Demand | Geopolitical Security Demand,Economic-driver text match,1.2
CHINA_DEMAND,Macro,China Demand,OIH,Equities,Energy,Oil & Gas Services,Contextual,20,Single contextual evidence source,False,,True,False,Industrial Production,U.S. Production,Economic-driver text match,1.2
CHINA_DEMAND,Macro,China Demand,ONLN,Equities,Consumer Discretionary,E-Commerce,Contextual,20,Single contextual evidence source,False,,True,False,Commodity Demand,E-Commerce Demand | Travel Demand,Economic-driver text match,1.2
CHINA_DEMAND,Macro,China Demand,PAVE,Equities,Industrials,Infrastructure,Contextual,20,Single contextual evidence source,False,,True,False,Commodity Demand | Industrial Production,Industrial Activity | Transportation Demand,Economic-driver text match,1.2
CHINA_DEMAND,Macro,China Demand,PEJ,Equities,Consumer Discretionary,Travel & Leisure,Contextual,20,Single contextual evidence source,False,,True,False,Commodity Demand,E-Commerce Demand | Travel Demand,Economic-driver text match,1.2
CHINA_DEMAND,Macro,China Demand,PPH,Equities,Health Care,Pharmaceuticals,Contextual,20,Single contextual evidence source,False,,True,False,Commodity Demand,Drug / Therapy Demand,Economic-driver text match,1.2
CHINA_DEMAND,Macro,China Demand,REZ,Equities,Real Estate,Real Estate,Contextual,20,Single contextual evidence source,False,,True,False,Commodity Demand | Property,Property Demand | Property Values,Economic-driver text match,1.2
CHINA_DEMAND,Macro,China Demand,SHY,Fixed Income,Treasuries,Short Treasuries,Contextual,20,Single contextual evidence source,False,,True,False,Commodity Demand,Safe-Haven Demand,Economic-driver text match,1.2
CHINA_DEMAND,Macro,China Demand,SLV,Commodities,Precious Metals,Precious Metals,Contextual,20,Single contextual evidence source,False,,True,False,Commodity Demand | Industrial Production,Industrial Silver Demand | Precious Metals Demand | Solar / Electronics Demand,Economic-driver text match,1.2
CHINA_DEMAND,Macro,China Demand,SMH,Equities,Technology,Semiconductors,Contextual,20,Single contextual evidence source,False,,True,False,Commodity Demand,AI Infrastructure Demand | Consumer Electronics Demand | Semiconductor Demand,Economic-driver text match,1.2
CHINA_DEMAND,Macro,China Demand,SOXX,Equities,Technology,Semiconductors,Contextual,20,Single contextual evidence source,False,,True,False,Commodity Demand,AI Infrastructure Demand | Consumer Electronics Demand | Semiconductor Demand,Economic-driver text match,1.2
CHINA_DEMAND,Macro,China Demand,SRVR,Equities,Real Estate,Digital Infrastructure,Contextual,20,Single contextual evidence source,False,,True,False,Commodity Demand,Data Center Demand,Economic-driver text match,1.2
CHINA_DEMAND,Macro,China Demand,TIP,Fixed Income,Treasuries,Inflation-Protected Bonds,Contextual,20,Single contextual evidence source,False,,True,False,Commodity Demand,Safe-Haven Demand,Economic-driver text match,1.2
CHINA_DEMAND,Macro,China Demand,TLT,Fixed Income,Treasuries,Long Treasuries,Contextual,20,Single contextual evidence source,False,,True,False,Commodity Demand,Safe-Haven Demand,Economic-driver text match,1.2
CHINA_DEMAND,Macro,China Demand,UNG,Commodities,Energy,Energy Commodities,Contextual,20,Single contextual evidence source,False,,True,False,Commodity Demand | Industrial Production,LNG Export Demand | Power Demand | Production | U.S. Gas Production,Economic-driver text match,1.2
CHINA_DEMAND,Macro,China Demand,USO,Commodities,Energy,Energy Commodities,Contextual,20,Single contextual evidence source,False,,True,False,Commodity Demand | Industrial Production,Global Oil Demand | U.S. Production,Economic-driver text match,1.2
CHINA_DEMAND,Macro,China Demand,UUP,Currencies,U.S. Dollar,Currencies,Contextual,20,Single contextual evidence source,False,,True,False,Commodity Demand,Safe-Haven Demand | Safe-Haven Dollar Demand,Economic-driver text match,1.2
CHINA_DEMAND,Macro,China Demand,VIXY,Volatility,Equity Volatility,Volatility,Contextual,20,Single contextual evidence source,False,,True,False,Commodity Demand,Options Demand,Economic-driver text match,1.2
CHINA_DEMAND,Macro,China Demand,VNQ,Equities,Real Estate,Real Estate,Contextual,20,Single contextual evidence source,False,,True,False,Commodity Demand | Property,Property Demand | Property Values,Economic-driver text match,1.2
CHINA_DEMAND,Macro,China Demand,WEAT,Commodities,Agriculture,Agriculture Commodities,Contextual,20,Single contextual evidence source,False,,True,False,Industrial Production,Global Wheat Production,Economic-driver text match,1.2
CHINA_DEMAND,Macro,China Demand,XBI,Equities,Health Care,Biotechnology,Contextual,20,Single contextual evidence source,False,,True,False,Commodity Demand,Drug / Therapy Demand,Economic-driver text match,1.2
CHINA_DEMAND,Macro,China Demand,XLC,Equities,Communication Services,Communication Services,Contextual,20,Single contextual evidence source,False,,True,False,Commodity Demand,Advertising Demand,Economic-driver text match,1.2
CHINA_DEMAND,Macro,China Demand,XLI,Equities,Industrials,Industrials,Contextual,20,Single contextual evidence source,False,,True,False,Commodity Demand | Industrial Production,Industrial Activity | Transportation Demand,Economic-driver text match,1.2
CHINA_DEMAND,Macro,China Demand,XLP,Equities,Consumer Staples,Consumer Staples,Contextual,20,Single contextual evidence source,False,,True,False,Commodity Demand,Commodity Costs | Defensive Consumer Demand,Economic-driver text match,1.2
CHINA_DEMAND,Macro,China Demand,XLRE,Equities,Real Estate,Real Estate,Contextual,20,Single contextual evidence source,False,,True,False,Commodity Demand | Property,Property Demand | Property Values,Economic-driver text match,1.2
CHINA_DEMAND,Macro,China Demand,XLU,Equities,Utilities,Utilities,Contextual,20,Single contextual evidence source,False,,True,False,Commodity Demand,Data Center Power Demand | Electricity Demand,Economic-driver text match,1.2
CHINA_DEMAND,Macro,China Demand,XLV,Equities,Health Care,Health Care,Contextual,20,Single contextual evidence source,False,,True,False,Commodity Demand,Drug / Therapy Demand,Economic-driver text match,1.2
CHINA_DEMAND,Macro,China Demand,XLY,Equities,Consumer Discretionary,Consumer Discretionary,Contextual,20,Single contextual evidence source,False,,True,False,Commodity Demand,E-Commerce Demand | Travel Demand,Economic-driver text match,1.2
CHINA_DEMAND,Macro,China Demand,XOP,Equities,Energy,Oil & Gas E&P,Contextual,20,Single contextual evidence source,False,,True,False,Industrial Production,E&P Production Economics | U.S. Oil Production,Economic-driver text match,1.2
CLINICAL_TRIAL,Health Care,Clinical Trial,ARKG,Equities,Health Care,Biotech & Genomics,Contextual,40,Multiple contextual evidence sources,True,Clinical Trials,True,False,Pipeline | Trial Results,Clinical Results | Pipeline Development,37A-to-37B crosswalk | Economic-driver text match,1.2
CLINICAL_TRIAL,Health Care,Clinical Trial,IBB,Equities,Health Care,Biotechnology,Contextual,40,Multiple contextual evidence sources,True,Clinical Trials,True,False,Pipeline | Trial Results,Clinical Results | Pipeline Development,37A-to-37B crosswalk | Economic-driver text match,1.2
CLINICAL_TRIAL,Health Care,Clinical Trial,PPH,Equities,Health Care,Pharmaceuticals,Contextual,40,Multiple contextual evidence sources,True,Clinical Trials,True,False,Pipeline | Trial Results,Clinical Results | Pipeline Development,37A-to-37B crosswalk | Economic-driver text match,1.2
CLINICAL_TRIAL,Health Care,Clinical Trial,XBI,Equities,Health Care,Biotechnology,Contextual,40,Multiple contextual evidence sources,True,Clinical Trials,True,True,Pipeline | Trial Results,Clinical Results | Pipeline Development,37A-to-37B crosswalk | Economic-driver text match | 37B example exposure,1.2
CLINICAL_TRIAL,Health Care,Clinical Trial,XLV,Equities,Health Care,Health Care,Contextual,40,Multiple contextual evidence sources,True,Clinical Trials,True,True,Pipeline | Trial Results,Clinical Results | Pipeline Development,37A-to-37B crosswalk | Economic-driver text match | 37B example exposure,1.2
CLINICAL_TRIAL,Health Care,Clinical Trial,AMLP,Equities,Energy,Energy Infrastructure,Contextual,20,Single contextual evidence source,False,,True,False,Pipeline,Pipeline Utilization,Economic-driver text match,1.2
CLINICAL_TRIAL,Health Care,Clinical Trial,UNG,Commodities,Energy,Energy Commodities,Contextual,20,Single contextual evidence source,False,,True,False,Pipeline,Pipeline Conditions,Economic-driver text match,1.2
CONSUMER_SPENDING,Consumer,Consumer Spending,AWAY,Equities,Consumer Discretionary,Travel & Leisure,Contextual,40,Multiple contextual evidence sources,True,Consumer Spending,True,True,Consumer Confidence | Income | Personal Spending,Consumer Confidence | Consumer Spending | Household Income,37A-to-37B crosswalk | Economic-driver text match | 37B example exposure,1.2
CONSUMER_SPENDING,Consumer,Consumer Spending,BETZ,Equities,Consumer Discretionary,Gaming & Betting,Contextual,40,Multiple contextual evidence sources,True,Consumer Spending,True,True,Consumer Confidence | Income | Personal Spending,Consumer Confidence | Consumer Spending | Household Income,37A-to-37B crosswalk | Economic-driver text match | 37B example exposure,1.2
CONSUMER_SPENDING,Consumer,Consumer Spending,ONLN,Equities,Consumer Discretionary,E-Commerce,Contextual,40,Multiple contextual evidence sources,True,Consumer Spending,True,False,Consumer Confidence | Income | Personal Spending,Consumer Confidence | Consumer Spending | Household Income,37A-to-37B crosswalk | Economic-driver text match,1.2
CONSUMER_SPENDING,Consumer,Consumer Spending,PEJ,Equities,Consumer Discretionary,Travel & Leisure,Contextual,40,Multiple contextual evidence sources,True,Consumer Spending,True,False,Consumer Confidence | Income | Personal Spending,Consumer Confidence | Consumer Spending | Household Income,37A-to-37B crosswalk | Economic-driver text match,1.2
CONSUMER_SPENDING,Consumer,Consumer Spending,XLP,Equities,Consumer Staples,Consumer Staples,Contextual,40,Multiple contextual evidence sources,False,,True,True,Consumer Confidence | Personal Spending,Defensive Consumer Demand | Household Spending,Economic-driver text match | 37B example exposure,1.2
CONSUMER_SPENDING,Consumer,Consumer Spending,XLY,Equities,Consumer Discretionary,Consumer Discretionary,Contextual,40,Multiple contextual evidence sources,True,Consumer Spending,True,True,Consumer Confidence | Income | Personal Spending,Consumer Confidence | Consumer Spending | Household Income,37A-to-37B crosswalk | Economic-driver text match | 37B example exposure,1.2
CONSUMER_SPENDING,Consumer,Consumer Spending,AIQ,Equities,Technology,AI & Automation,Contextual,20,Single contextual evidence source,False,,True,False,Personal Spending,Automation Spending | Cloud Spending | Enterprise IT Spending,Economic-driver text match,1.2
CONSUMER_SPENDING,Consumer,Consumer Spending,AIRR,Equities,Industrials,Industrial Reshoring,Contextual,20,Single contextual evidence source,False,,True,False,Personal Spending,Defense Spending | Government Spending | Infrastructure Spending,Economic-driver text match,1.2
CONSUMER_SPENDING,Consumer,Consumer Spending,BATT,Equities,Materials,Energy Transition Materials,Contextual,20,Single contextual evidence source,False,,True,False,Personal Spending,Infrastructure Spending,Economic-driver text match,1.2
CONSUMER_SPENDING,Consumer,Consumer Spending,BOTZ,Equities,Technology,AI & Automation,Contextual,20,Single contextual evidence source,False,,True,False,Personal Spending,Automation Spending | Cloud Spending | Enterprise IT Spending,Economic-driver text match,1.2
CONSUMER_SPENDING,Consumer,Consumer Spending,CIBR,Equities,Technology,Cybersecurity,Contextual,20,Single contextual evidence source,False,,True,False,Personal Spending,Cloud Spending | Cybersecurity Spending | Enterprise IT Spending,Economic-driver text match,1.2
CONSUMER_SPENDING,Consumer,Consumer Spending,COPX,Equities,Materials,Metals & Mining,Contextual,20,Single contextual evidence source,False,,True,False,Personal Spending,Infrastructure Spending,Economic-driver text match,1.2
CONSUMER_SPENDING,Consumer,Consumer Spending,CPER,Commodities,Metals,Industrial Metals,Contextual,20,Single contextual evidence source,False,,True,False,Personal Spending,Infrastructure Spending,Economic-driver text match,1.2
CONSUMER_SPENDING,Consumer,Consumer Spending,IGV,Equities,Technology,Software,Contextual,20,Single contextual evidence source,False,,True,False,Personal Spending,Cloud Spending | Enterprise IT Spending | Enterprise Software Spending,Economic-driver text match,1.2
CONSUMER_SPENDING,Consumer,Consumer Spending,ITA,Equities,Industrials,Aerospace & Defense,Contextual,20,Single contextual evidence source,False,,True,False,Personal Spending,Defense Spending,Economic-driver text match,1.2
CONSUMER_SPENDING,Consumer,Consumer Spending,LITP,Equities,Materials,Energy Transition Materials,Contextual,20,Single contextual evidence source,False,,True,False,Personal Spending,Infrastructure Spending,Economic-driver text match,1.2
CONSUMER_SPENDING,Consumer,Consumer Spending,PAVE,Equities,Industrials,Infrastructure,Contextual,20,Single contextual evidence source,False,,True,False,Personal Spending,Defense Spending | Government Spending | Infrastructure Spending,Economic-driver text match,1.2
CONSUMER_SPENDING,Consumer,Consumer Spending,SKYY,Equities,Technology,Cloud & Software,Contextual,20,Single contextual evidence source,False,,True,False,Personal Spending,Cloud Spending | Enterprise IT Spending | Enterprise Software Spending,Economic-driver text match,1.2
CONSUMER_SPENDING,Consumer,Consumer Spending,SLX,Equities,Materials,Metals & Mining,Contextual,20,Single contextual evidence source,False,,True,False,Personal Spending,Infrastructure Spending,Economic-driver text match,1.2
CONSUMER_SPENDING,Consumer,Consumer Spending,SMH,Equities,Technology,Semiconductors,Contextual,20,Single contextual evidence source,False,,True,False,Consumer Confidence | Personal Spending,Consumer Electronics Demand | Semiconductor Equipment Spending,Economic-driver text match,1.2
CONSUMER_SPENDING,Consumer,Consumer Spending,SOXX,Equities,Technology,Semiconductors,Contextual,20,Single contextual evidence source,False,,True,False,Consumer Confidence | Personal Spending,Consumer Electronics Demand | Semiconductor Equipment Spending,Economic-driver text match,1.2
CONSUMER_SPENDING,Consumer,Consumer Spending,XLB,Equities,Materials,Materials,Contextual,20,Single contextual evidence source,False,,True,False,Personal Spending,Infrastructure Spending,Economic-driver text match,1.2
CONSUMER_SPENDING,Consumer,Consumer Spending,XLC,Equities,Communication Services,Communication Services,Contextual,20,Single contextual evidence source,False,,True,False,Consumer Confidence | Personal Spending,Consumer Spending | Content Spending,Economic-driver text match,1.2
CONSUMER_SPENDING,Consumer,Consumer Spending,XLI,Equities,Industrials,Industrials,Contextual,20,Single contextual evidence source,False,,True,False,Personal Spending,Defense Spending | Government Spending | Infrastructure Spending,Economic-driver text match,1.2
CONSUMER_SPENDING,Consumer,Consumer Spending,XLK,Equities,Technology,Technology,Contextual,20,Single contextual evidence source,False,,True,False,Personal Spending,Cloud Spending | Enterprise IT Spending | Technology Spending,Economic-driver text match,1.2
CREDIT_STRESS,Financials,Credit Stress,GLD,Commodities,Precious Metals,Precious Metals,Contextual,40,Multiple contextual evidence sources,True,Financial Stress,True,False,Bank Stress,Central Bank Demand | Central Bank Gold Demand,37A-to-37B crosswalk | Economic-driver text match,1.2
CREDIT_STRESS,Financials,Credit Stress,IAI,Equities,Financials,Capital Markets,Contextual,40,Multiple contextual evidence sources,True,Credit Conditions,True,False,Credit Spreads,Credit Growth | Credit Quality,37A-to-37B crosswalk | Economic-driver text match,1.2
CREDIT_STRESS,Financials,Credit Stress,KBE,Equities,Financials,Banking,Contextual,40,Multiple contextual evidence sources,True,Credit Conditions,True,False,Credit Spreads,Credit Growth | Credit Quality,37A-to-37B crosswalk | Economic-driver text match,1.2
CREDIT_STRESS,Financials,Credit Stress,KBWD,Equities,Financials,Financial Income,Contextual,40,Multiple contextual evidence sources,True,Credit Conditions,True,False,Credit Spreads,Credit Growth | Credit Quality,37A-to-37B crosswalk | Economic-driver text match,1.2
CREDIT_STRESS,Financials,Credit Stress,KRE,Equities,Financials,Banking,Contextual,40,Multiple contextual evidence sources,True,Credit Conditions,True,True,Credit Spreads,Credit Growth | Credit Quality,37A-to-37B crosswalk | Economic-driver text match | 37B example exposure,1.2
CREDIT_STRESS,Financials,Credit Stress,VIXY,Volatility,Equity Volatility,Volatility,Contextual,40,Multiple contextual evidence sources,False,,True,True,Bank Stress | Funding Stress,Market Stress,Economic-driver text match | 37B example exposure,1.2
CREDIT_STRESS,Financials,Credit Stress,XLF,Equities,Financials,Financials,Contextual,40,Multiple contextual evidence sources,True,Credit Conditions,True,True,Credit Spreads,Credit Growth | Credit Quality,37A-to-37B crosswalk | Economic-driver text match | 37B example exposure,1.2
CREDIT_STRESS,Financials,Credit Stress,ARKG,Equities,Health Care,Biotech & Genomics,Contextual,20,Single contextual evidence source,False,,True,False,Funding Stress,Research Funding,Economic-driver text match,1.2
CREDIT_STRESS,Financials,Credit Stress,AWAY,Equities,Consumer Discretionary,Travel & Leisure,Contextual,20,Single contextual evidence source,False,,True,False,Credit Spreads,Credit Conditions,Economic-driver text match,1.2
CREDIT_STRESS,Financials,Credit Stress,BETZ,Equities,Consumer Discretionary,Gaming & Betting,Contextual,20,Single contextual evidence source,False,,True,False,Credit Spreads,Credit Conditions,Economic-driver text match,1.2
CREDIT_STRESS,Financials,Credit Stress,IBB,Equities,Health Care,Biotechnology,Contextual,20,Single contextual evidence source,False,,True,False,Funding Stress,Research Funding,Economic-driver text match,1.2
CREDIT_STRESS,Financials,Credit Stress,ONLN,Equities,Consumer Discretionary,E-Commerce,Contextual,20,Single contextual evidence source,False,,True,False,Credit Spreads,Credit Conditions,Economic-driver text match,1.2
CREDIT_STRESS,Financials,Credit Stress,PEJ,Equities,Consumer Discretionary,Travel & Leisure,Contextual,20,Single contextual evidence source,False,,True,False,Credit Spreads,Credit Conditions,Economic-driver text match,1.2
CREDIT_STRESS,Financials,Credit Stress,PPH,Equities,Health Care,Pharmaceuticals,Contextual,20,Single contextual evidence source,False,,True,False,Funding Stress,Research Funding,Economic-driver text match,1.2
CREDIT_STRESS,Financials,Credit Stress,REZ,Equities,Real Estate,Real Estate,Contextual,20,Single contextual evidence source,True,Credit Conditions,False,False,,,37A-to-37B crosswalk,1.2
CREDIT_STRESS,Financials,Credit Stress,SLV,Commodities,Precious Metals,Precious Metals,Contextual,20,Single contextual evidence source,True,Financial Stress,False,False,,,37A-to-37B crosswalk,1.2
CREDIT_STRESS,Financials,Credit Stress,SPY,Equities,Broad Market,Large Cap U.S.,Contextual,20,Single contextual evidence source,False,,False,True,,,37B example exposure,1.2
CREDIT_STRESS,Financials,Credit Stress,SRVR,Equities,Real Estate,Digital Infrastructure,Contextual,20,Single contextual evidence source,True,Credit Conditions,False,False,,,37A-to-37B crosswalk,1.2
CREDIT_STRESS,Financials,Credit Stress,TLT,Fixed Income,Treasuries,Long Treasuries,Contextual,20,Single contextual evidence source,False,,False,True,,,37B example exposure,1.2
CREDIT_STRESS,Financials,Credit Stress,UUP,Currencies,U.S. Dollar,Currencies,Contextual,20,Single contextual evidence source,False,,True,False,Bank Stress,Foreign Central Bank Policy,Economic-driver text match,1.2
CREDIT_STRESS,Financials,Credit Stress,VNQ,Equities,Real Estate,Real Estate,Contextual,20,Single contextual evidence source,True,Credit Conditions,False,False,,,37A-to-37B crosswalk,1.2
CREDIT_STRESS,Financials,Credit Stress,XBI,Equities,Health Care,Biotechnology,Contextual,20,Single contextual evidence source,False,,True,False,Funding Stress,Research Funding,Economic-driver text match,1.2
CREDIT_STRESS,Financials,Credit Stress,XLRE,Equities,Real Estate,Real Estate,Contextual,20,Single contextual evidence source,True,Credit Conditions,False,False,,,37A-to-37B crosswalk,1.2
CREDIT_STRESS,Financials,Credit Stress,XLV,Equities,Health Care,Health Care,Contextual,20,Single contextual evidence source,False,,True,False,Funding Stress,Research Funding,Economic-driver text match,1.2
CREDIT_STRESS,Financials,Credit Stress,XLY,Equities,Consumer Discretionary,Consumer Discretionary,Contextual,20,Single contextual evidence source,False,,True,False,Credit Spreads,Credit Conditions,Economic-driver text match,1.2
CROP_PRODUCTION,Agriculture,Crop Production,AMLP,Equities,Energy,Energy Infrastructure,Contextual,20,Single contextual evidence source,False,,True,False,Production,Energy Production,Economic-driver text match,1.2
CROP_PRODUCTION,Agriculture,Crop Production,AWAY,Equities,Consumer Discretionary,Travel & Leisure,Contextual,20,Single contextual evidence source,False,,True,False,Crop Conditions,Credit Conditions,Economic-driver text match,1.2
CROP_PRODUCTION,Agriculture,Crop Production,BATT,Equities,Materials,Energy Transition Materials,Contextual,20,Single contextual evidence source,True,Commodity Supply,False,False,,,37A-to-37B crosswalk,1.2
CROP_PRODUCTION,Agriculture,Crop Production,BETZ,Equities,Consumer Discretionary,Gaming & Betting,Contextual,20,Single contextual evidence source,False,,True,False,Crop Conditions,Credit Conditions,Economic-driver text match,1.2
CROP_PRODUCTION,Agriculture,Crop Production,COPX,Equities,Materials,Metals & Mining,Contextual,20,Single contextual evidence source,True,Commodity Supply,False,False,,,37A-to-37B crosswalk,1.2
CROP_PRODUCTION,Agriculture,Crop Production,DIA,Equities,Broad Market,Large Cap U.S.,Contextual,20,Single contextual evidence source,False,,True,False,Crop Conditions,Financial Conditions,Economic-driver text match,1.2
CROP_PRODUCTION,Agriculture,Crop Production,IAI,Equities,Financials,Capital Markets,Contextual,20,Single contextual evidence source,False,,True,False,Yield,Yield Curve,Economic-driver text match,1.2
CROP_PRODUCTION,Agriculture,Crop Production,IWM,Equities,Broad Market,Small Cap U.S.,Contextual,20,Single contextual evidence source,False,,True,False,Crop Conditions,Financial Conditions,Economic-driver text match,1.2
CROP_PRODUCTION,Agriculture,Crop Production,KBE,Equities,Financials,Banking,Contextual,20,Single contextual evidence source,False,,True,False,Yield,Yield Curve,Economic-driver text match,1.2
CROP_PRODUCTION,Agriculture,Crop Production,KBWD,Equities,Financials,Financial Income,Contextual,20,Single contextual evidence source,False,,True,False,Yield,Yield Curve,Economic-driver text match,1.2
CROP_PRODUCTION,Agriculture,Crop Production,KRE,Equities,Financials,Banking,Contextual,20,Single contextual evidence source,False,,True,False,Yield,Yield Curve,Economic-driver text match,1.2
CROP_PRODUCTION,Agriculture,Crop Production,LITP,Equities,Materials,Energy Transition Materials,Contextual,20,Single contextual evidence source,True,Commodity Supply,False,False,,,37A-to-37B crosswalk,1.2
CROP_PRODUCTION,Agriculture,Crop Production,OIH,Equities,Energy,Oil & Gas Services,Contextual,20,Single contextual evidence source,False,,True,False,Production,U.S. Production,Economic-driver text match,1.2
CROP_PRODUCTION,Agriculture,Crop Production,ONLN,Equities,Consumer Discretionary,E-Commerce,Contextual,20,Single contextual evidence source,False,,True,False,Crop Conditions,Credit Conditions,Economic-driver text match,1.2
CROP_PRODUCTION,Agriculture,Crop Production,PEJ,Equities,Consumer Discretionary,Travel & Leisure,Contextual,20,Single contextual evidence source,False,,True,False,Crop Conditions,Credit Conditions,Economic-driver text match,1.2
CROP_PRODUCTION,Agriculture,Crop Production,QQQ,Equities,Broad Market,Large Cap Growth,Contextual,20,Single contextual evidence source,False,,True,False,Crop Conditions,Financial Conditions,Economic-driver text match,1.2
CROP_PRODUCTION,Agriculture,Crop Production,REZ,Equities,Real Estate,Real Estate,Contextual,20,Single contextual evidence source,False,,True,False,Crop Conditions,Financing Conditions,Economic-driver text match,1.2
CROP_PRODUCTION,Agriculture,Crop Production,RSP,Equities,Broad Market,Large Cap U.S.,Contextual,20,Single contextual evidence source,False,,True,False,Crop Conditions,Financial Conditions,Economic-driver text match,1.2
CROP_PRODUCTION,Agriculture,Crop Production,SLX,Equities,Materials,Metals & Mining,Contextual,20,Single contextual evidence source,True,Commodity Supply,False,False,,,37A-to-37B crosswalk,1.2
CROP_PRODUCTION,Agriculture,Crop Production,SPY,Equities,Broad Market,Large Cap U.S.,Contextual,20,Single contextual evidence source,False,,True,False,Crop Conditions,Financial Conditions,Economic-driver text match,1.2
CROP_PRODUCTION,Agriculture,Crop Production,SRVR,Equities,Real Estate,Digital Infrastructure,Contextual,20,Single contextual evidence source,False,,True,False,Crop Conditions,Financing Conditions,Economic-driver text match,1.2
CROP_PRODUCTION,Agriculture,Crop Production,UNG,Commodities,Energy,Energy Commodities,Contextual,20,Single contextual evidence source,False,,True,False,Crop Conditions | Production,Pipeline Conditions | Production | U.S. Gas Production,Economic-driver text match,1.2
CROP_PRODUCTION,Agriculture,Crop Production,USO,Commodities,Energy,Energy Commodities,Contextual,20,Single contextual evidence source,False,,True,False,Production,U.S. Production,Economic-driver text match,1.2
CROP_PRODUCTION,Agriculture,Crop Production,VNQ,Equities,Real Estate,Real Estate,Contextual,20,Single contextual evidence source,False,,True,False,Crop Conditions,Financing Conditions,Economic-driver text match,1.2
CROP_PRODUCTION,Agriculture,Crop Production,VOO,Equities,Broad Market,Large Cap U.S.,Contextual,20,Single contextual evidence source,False,,True,False,Crop Conditions,Financial Conditions,Economic-driver text match,1.2
CROP_PRODUCTION,Agriculture,Crop Production,XLB,Equities,Materials,Materials,Contextual,20,Single contextual evidence source,True,Commodity Supply,False,False,,,37A-to-37B crosswalk,1.2
CROP_PRODUCTION,Agriculture,Crop Production,XLE,Equities,Energy,Energy,Contextual,20,Single contextual evidence source,False,,True,False,Production,U.S. Production,Economic-driver text match,1.2
CROP_PRODUCTION,Agriculture,Crop Production,XLF,Equities,Financials,Financials,Contextual,20,Single contextual evidence source,False,,True,False,Yield,Yield Curve,Economic-driver text match,1.2
CROP_PRODUCTION,Agriculture,Crop Production,XLRE,Equities,Real Estate,Real Estate,Contextual,20,Single contextual evidence source,False,,True,False,Crop Conditions,Financing Conditions,Economic-driver text match,1.2
CROP_PRODUCTION,Agriculture,Crop Production,XLY,Equities,Consumer Discretionary,Consumer Discretionary,Contextual,20,Single contextual evidence source,False,,True,False,Crop Conditions,Credit Conditions,Economic-driver text match,1.2
CROP_PRODUCTION,Agriculture,Crop Production,XOP,Equities,Energy,Oil & Gas E&P,Contextual,20,Single contextual evidence source,False,,True,False,Production,E&P Production Economics | U.S. Oil Production,Economic-driver text match,1.2
CRUDE_INVENTORY,Energy,Crude Oil Inventories,CPER,Commodities,Metals,Industrial Metals,Contextual,40,Multiple contextual evidence sources,True,Inventories,True,False,Cushing Inventories | EIA Crude Inventories,Inventories,37A-to-37B crosswalk | Economic-driver text match,1.2
CRYPTO_ADOPTION,Digital Assets,Institutional Crypto Adoption,AIQ,Equities,Technology,AI & Automation,Contextual,20,Single contextual evidence source,False,,True,False,Corporate Adoption | Institutional Adoption,Enterprise AI Adoption,Economic-driver text match,1.2
CRYPTO_ADOPTION,Digital Assets,Institutional Crypto Adoption,BOTZ,Equities,Technology,AI & Automation,Contextual,20,Single contextual evidence source,False,,True,False,Corporate Adoption | Institutional Adoption,Enterprise AI Adoption,Economic-driver text match,1.2
CRYPTO_ADOPTION,Digital Assets,Institutional Crypto Adoption,DIA,Equities,Broad Market,Large Cap U.S.,Contextual,20,Single contextual evidence source,False,,True,False,Corporate Adoption | Financial Products,Corporate Earnings | Financial Conditions,Economic-driver text match,1.2
CRYPTO_ADOPTION,Digital Assets,Institutional Crypto Adoption,IWM,Equities,Broad Market,Small Cap U.S.,Contextual,20,Single contextual evidence source,False,,True,False,Corporate Adoption | Financial Products,Corporate Earnings | Financial Conditions,Economic-driver text match,1.2
CRYPTO_ADOPTION,Digital Assets,Institutional Crypto Adoption,QQQ,Equities,Broad Market,Large Cap Growth,Contextual,20,Single contextual evidence source,False,,True,False,Corporate Adoption | Financial Products,Corporate Earnings | Financial Conditions,Economic-driver text match,1.2
CRYPTO_ADOPTION,Digital Assets,Institutional Crypto Adoption,RSP,Equities,Broad Market,Large Cap U.S.,Contextual,20,Single contextual evidence source,False,,True,False,Corporate Adoption | Financial Products,Corporate Earnings | Financial Conditions,Economic-driver text match,1.2
CRYPTO_ADOPTION,Digital Assets,Institutional Crypto Adoption,SPY,Equities,Broad Market,Large Cap U.S.,Contextual,20,Single contextual evidence source,False,,True,False,Corporate Adoption | Financial Products,Corporate Earnings | Financial Conditions,Economic-driver text match,1.2
CRYPTO_ADOPTION,Digital Assets,Institutional Crypto Adoption,VOO,Equities,Broad Market,Large Cap U.S.,Contextual,20,Single contextual evidence source,False,,True,False,Corporate Adoption | Financial Products,Corporate Earnings | Financial Conditions,Economic-driver text match,1.2
CRYPTO_FLOWS,Digital Assets,Crypto Fund Flows,AMLP,Equities,Energy,Energy Infrastructure,Contextual,20,Single contextual evidence source,False,,True,False,ETF Flows | Fund Flows,Midstream Cash Flows,Economic-driver text match,1.2
CRYPTO_FLOWS,Digital Assets,Crypto Fund Flows,GLD,Commodities,Precious Metals,Precious Metals,Contextual,20,Single contextual evidence source,False,,True,False,ETF Flows | Fund Flows,Investment Flows,Economic-driver text match,1.2
CRYPTO_FLOWS,Digital Assets,Crypto Fund Flows,REZ,Equities,Real Estate,Real Estate,Contextual,20,Single contextual evidence source,False,,True,False,ETF Flows | Fund Flows,Real Estate Cash Flows,Economic-driver text match,1.2
CRYPTO_FLOWS,Digital Assets,Crypto Fund Flows,SLV,Commodities,Precious Metals,Precious Metals,Contextual,20,Single contextual evidence source,False,,True,False,ETF Flows | Fund Flows,Investment Flows,Economic-driver text match,1.2
CRYPTO_FLOWS,Digital Assets,Crypto Fund Flows,UUP,Currencies,U.S. Dollar,Currencies,Contextual,20,Single contextual evidence source,False,,True,False,ETF Flows | Fund Flows,Capital Flows,Economic-driver text match,1.2
CRYPTO_FLOWS,Digital Assets,Crypto Fund Flows,VNQ,Equities,Real Estate,Real Estate,Contextual,20,Single contextual evidence source,False,,True,False,ETF Flows | Fund Flows,Real Estate Cash Flows,Economic-driver text match,1.2
CRYPTO_FLOWS,Digital Assets,Crypto Fund Flows,XLRE,Equities,Real Estate,Real Estate,Contextual,20,Single contextual evidence source,False,,True,False,ETF Flows | Fund Flows,Real Estate Cash Flows,Economic-driver text match,1.2
CRYPTO_LIQUIDITY,Digital Assets,Crypto Liquidity,ETHE,Digital Assets,Crypto,Crypto Assets,Contextual,40,Multiple contextual evidence sources,True,Liquidity | Market Structure,True,True,Leverage | Market Structure,Crypto Leverage | Market Structure,37A-to-37B crosswalk | Economic-driver text match | 37B example exposure,1.2
CRYPTO_LIQUIDITY,Digital Assets,Crypto Liquidity,IBIT,Digital Assets,Crypto,Crypto Assets,Contextual,40,Multiple contextual evidence sources,True,Liquidity | Market Structure,True,True,Leverage | Liquidity | Market Structure,Crypto Leverage | Global Liquidity | Market Structure,37A-to-37B crosswalk | Economic-driver text match | 37B example exposure,1.2
CRYPTO_LIQUIDITY,Digital Assets,Crypto Liquidity,AMLP,Equities,Energy,Energy Infrastructure,Contextual,20,Single contextual evidence source,False,,True,False,Funding Rates,Interest Rates,Economic-driver text match,1.2
CRYPTO_LIQUIDITY,Digital Assets,Crypto Liquidity,ARKG,Equities,Health Care,Biotech & Genomics,Contextual,20,Single contextual evidence source,False,,True,False,Funding Rates,Research Funding,Economic-driver text match,1.2
CRYPTO_LIQUIDITY,Digital Assets,Crypto Liquidity,DIA,Equities,Broad Market,Large Cap U.S.,Contextual,20,Single contextual evidence source,False,,True,False,Liquidity | Market Structure,Liquidity | Market Breadth,Economic-driver text match,1.2
CRYPTO_LIQUIDITY,Digital Assets,Crypto Liquidity,IAI,Equities,Financials,Capital Markets,Contextual,20,Single contextual evidence source,False,,True,False,Funding Rates,Interest Rates,Economic-driver text match,1.2
CRYPTO_LIQUIDITY,Digital Assets,Crypto Liquidity,IBB,Equities,Health Care,Biotechnology,Contextual,20,Single contextual evidence source,False,,True,False,Funding Rates,Research Funding,Economic-driver text match,1.2
CRYPTO_LIQUIDITY,Digital Assets,Crypto Liquidity,IWM,Equities,Broad Market,Small Cap U.S.,Contextual,20,Single contextual evidence source,False,,True,False,Liquidity | Market Structure,Liquidity | Market Breadth,Economic-driver text match,1.2
CRYPTO_LIQUIDITY,Digital Assets,Crypto Liquidity,KBE,Equities,Financials,Banking,Contextual,20,Single contextual evidence source,False,,True,False,Funding Rates,Interest Rates,Economic-driver text match,1.2
CRYPTO_LIQUIDITY,Digital Assets,Crypto Liquidity,KBWD,Equities,Financials,Financial Income,Contextual,20,Single contextual evidence source,False,,True,False,Funding Rates,Interest Rates,Economic-driver text match,1.2
CRYPTO_LIQUIDITY,Digital Assets,Crypto Liquidity,KRE,Equities,Financials,Banking,Contextual,20,Single contextual evidence source,False,,True,False,Funding Rates,Interest Rates,Economic-driver text match,1.2
CRYPTO_LIQUIDITY,Digital Assets,Crypto Liquidity,PPH,Equities,Health Care,Pharmaceuticals,Contextual,20,Single contextual evidence source,False,,True,False,Funding Rates,Research Funding,Economic-driver text match,1.2
CRYPTO_LIQUIDITY,Digital Assets,Crypto Liquidity,QQQ,Equities,Broad Market,Large Cap Growth,Contextual,20,Single contextual evidence source,False,,True,False,Liquidity | Market Structure,Liquidity | Market Breadth,Economic-driver text match,1.2
CRYPTO_LIQUIDITY,Digital Assets,Crypto Liquidity,REZ,Equities,Real Estate,Real Estate,Contextual,20,Single contextual evidence source,False,,True,False,Funding Rates,Interest Rates,Economic-driver text match,1.2
CRYPTO_LIQUIDITY,Digital Assets,Crypto Liquidity,RSP,Equities,Broad Market,Large Cap U.S.,Contextual,20,Single contextual evidence source,False,,True,False,Liquidity | Market Structure,Liquidity | Market Breadth,Economic-driver text match,1.2
CRYPTO_LIQUIDITY,Digital Assets,Crypto Liquidity,SPY,Equities,Broad Market,Large Cap U.S.,Contextual,20,Single contextual evidence source,False,,True,False,Liquidity | Market Structure,Liquidity | Market Breadth,Economic-driver text match,1.2
CRYPTO_LIQUIDITY,Digital Assets,Crypto Liquidity,SRVR,Equities,Real Estate,Digital Infrastructure,Contextual,20,Single contextual evidence source,False,,True,False,Funding Rates,Interest Rates,Economic-driver text match,1.2
CRYPTO_LIQUIDITY,Digital Assets,Crypto Liquidity,VIXY,Volatility,Equity Volatility,Volatility,Contextual,20,Single contextual evidence source,False,,True,False,Market Structure,Market Stress | Volatility Term Structure,Economic-driver text match,1.2
CRYPTO_LIQUIDITY,Digital Assets,Crypto Liquidity,VNQ,Equities,Real Estate,Real Estate,Contextual,20,Single contextual evidence source,False,,True,False,Funding Rates,Interest Rates,Economic-driver text match,1.2
CRYPTO_LIQUIDITY,Digital Assets,Crypto Liquidity,VOO,Equities,Broad Market,Large Cap U.S.,Contextual,20,Single contextual evidence source,False,,True,False,Liquidity | Market Structure,Liquidity | Market Breadth,Economic-driver text match,1.2
CRYPTO_LIQUIDITY,Digital Assets,Crypto Liquidity,XBI,Equities,Health Care,Biotechnology,Contextual,20,Single contextual evidence source,False,,True,False,Funding Rates,Research Funding,Economic-driver text match,1.2
CRYPTO_LIQUIDITY,Digital Assets,Crypto Liquidity,XLF,Equities,Financials,Financials,Contextual,20,Single contextual evidence source,False,,True,False,Funding Rates,Interest Rates,Economic-driver text match,1.2
CRYPTO_LIQUIDITY,Digital Assets,Crypto Liquidity,XLRE,Equities,Real Estate,Real Estate,Contextual,20,Single contextual evidence source,False,,True,False,Funding Rates,Interest Rates,Economic-driver text match,1.2
CRYPTO_LIQUIDITY,Digital Assets,Crypto Liquidity,XLU,Equities,Utilities,Utilities,Contextual,20,Single contextual evidence source,False,,True,False,Funding Rates,Interest Rates,Economic-driver text match,1.2
CRYPTO_LIQUIDITY,Digital Assets,Crypto Liquidity,XLV,Equities,Health Care,Health Care,Contextual,20,Single contextual evidence source,False,,True,False,Funding Rates,Research Funding,Economic-driver text match,1.2
CRYPTO_REGULATION,Digital Assets,Crypto Regulation,DIA,Equities,Broad Market,Large Cap U.S.,Contextual,20,Single contextual evidence source,False,,True,False,Market Structure,Market Breadth,Economic-driver text match,1.2
CRYPTO_REGULATION,Digital Assets,Crypto Regulation,IAI,Equities,Financials,Capital Markets,Contextual,20,Single contextual evidence source,False,,True,False,Regulation,Regulation,Economic-driver text match,1.2
CRYPTO_REGULATION,Digital Assets,Crypto Regulation,IWM,Equities,Broad Market,Small Cap U.S.,Contextual,20,Single contextual evidence source,False,,True,False,Market Structure,Market Breadth,Economic-driver text match,1.2
CRYPTO_REGULATION,Digital Assets,Crypto Regulation,KBE,Equities,Financials,Banking,Contextual,20,Single contextual evidence source,False,,True,False,Regulation,Regulation,Economic-driver text match,1.2
CRYPTO_REGULATION,Digital Assets,Crypto Regulation,KBWD,Equities,Financials,Financial Income,Contextual,20,Single contextual evidence source,False,,True,False,Regulation,Regulation,Economic-driver text match,1.2
CRYPTO_REGULATION,Digital Assets,Crypto Regulation,KRE,Equities,Financials,Banking,Contextual,20,Single contextual evidence source,False,,True,False,Regulation,Regulation,Economic-driver text match,1.2
CRYPTO_REGULATION,Digital Assets,Crypto Regulation,QQQ,Equities,Broad Market,Large Cap Growth,Contextual,20,Single contextual evidence source,False,,True,False,Market Structure,Market Breadth,Economic-driver text match,1.2
CRYPTO_REGULATION,Digital Assets,Crypto Regulation,RSP,Equities,Broad Market,Large Cap U.S.,Contextual,20,Single contextual evidence source,False,,True,False,Market Structure,Market Breadth,Economic-driver text match,1.2
CRYPTO_REGULATION,Digital Assets,Crypto Regulation,SPY,Equities,Broad Market,Large Cap U.S.,Contextual,20,Single contextual evidence source,False,,True,False,Market Structure,Market Breadth,Economic-driver text match,1.2
CRYPTO_REGULATION,Digital Assets,Crypto Regulation,VIXY,Volatility,Equity Volatility,Volatility,Contextual,20,Single contextual evidence source,False,,True,False,Market Structure,Market Stress | Volatility Term Structure,Economic-driver text match,1.2
CRYPTO_REGULATION,Digital Assets,Crypto Regulation,VOO,Equities,Broad Market,Large Cap U.S.,Contextual,20,Single contextual evidence source,False,,True,False,Market Structure,Market Breadth,Economic-driver text match,1.2
CRYPTO_REGULATION,Digital Assets,Crypto Regulation,XLF,Equities,Financials,Financials,Contextual,20,Single contextual evidence source,False,,True,False,Regulation,Regulation,Economic-driver text match,1.2
CYBERSECURITY_DEMAND,Technology,Cybersecurity Demand,CIBR,Equities,Technology,Cybersecurity,Contextual,40,Multiple contextual evidence sources,True,Cybersecurity Demand,True,True,Government Security Spending | Security Spending,Cloud Spending | Cybersecurity Spending | Enterprise IT Spending | Security Threat Environment,37A-to-37B crosswalk | Economic-driver text match | 37B example exposure,1.2
CYBERSECURITY_DEMAND,Technology,Cybersecurity Demand,XLK,Equities,Technology,Technology,Contextual,40,Multiple contextual evidence sources,False,,True,True,Government Security Spending | Security Spending,Cloud Spending | Enterprise IT Spending | Technology Spending,Economic-driver text match | 37B example exposure,1.2
CYBERSECURITY_DEMAND,Technology,Cybersecurity Demand,AIQ,Equities,Technology,AI & Automation,Contextual,20,Single contextual evidence source,False,,True,False,Government Security Spending | Security Spending,Automation Spending | Cloud Spending | Enterprise IT Spending,Economic-driver text match,1.2
CYBERSECURITY_DEMAND,Technology,Cybersecurity Demand,AIRR,Equities,Industrials,Industrial Reshoring,Contextual,20,Single contextual evidence source,False,,True,False,Government Security Spending | Security Spending,Defense Spending | Government Spending | Infrastructure Spending,Economic-driver text match,1.2
CYBERSECURITY_DEMAND,Technology,Cybersecurity Demand,AWAY,Equities,Consumer Discretionary,Travel & Leisure,Contextual,20,Single contextual evidence source,False,,True,False,Government Security Spending | Security Spending,Consumer Spending,Economic-driver text match,1.2
CYBERSECURITY_DEMAND,Technology,Cybersecurity Demand,BATT,Equities,Materials,Energy Transition Materials,Contextual,20,Single contextual evidence source,False,,True,False,Government Security Spending | Security Spending,Infrastructure Spending,Economic-driver text match,1.2
CYBERSECURITY_DEMAND,Technology,Cybersecurity Demand,BETZ,Equities,Consumer Discretionary,Gaming & Betting,Contextual,20,Single contextual evidence source,False,,True,False,Government Security Spending | Security Spending,Consumer Spending,Economic-driver text match,1.2
CYBERSECURITY_DEMAND,Technology,Cybersecurity Demand,BOTZ,Equities,Technology,AI & Automation,Contextual,20,Single contextual evidence source,False,,True,False,Government Security Spending | Security Spending,Automation Spending | Cloud Spending | Enterprise IT Spending,Economic-driver text match,1.2
CYBERSECURITY_DEMAND,Technology,Cybersecurity Demand,COPX,Equities,Materials,Metals & Mining,Contextual,20,Single contextual evidence source,False,,True,False,Government Security Spending | Security Spending,Infrastructure Spending,Economic-driver text match,1.2
CYBERSECURITY_DEMAND,Technology,Cybersecurity Demand,CPER,Commodities,Metals,Industrial Metals,Contextual,20,Single contextual evidence source,False,,True,False,Government Security Spending | Security Spending,Infrastructure Spending,Economic-driver text match,1.2
CYBERSECURITY_DEMAND,Technology,Cybersecurity Demand,IGV,Equities,Technology,Software,Contextual,20,Single contextual evidence source,False,,True,False,Government Security Spending | Security Spending,Cloud Spending | Enterprise IT Spending | Enterprise Software Spending,Economic-driver text match,1.2
CYBERSECURITY_DEMAND,Technology,Cybersecurity Demand,ITA,Equities,Industrials,Aerospace & Defense,Contextual,20,Single contextual evidence source,False,,True,False,Government Security Spending | Security Spending,Defense Spending | Geopolitical Security Demand | Government Contracts,Economic-driver text match,1.2
CYBERSECURITY_DEMAND,Technology,Cybersecurity Demand,LITP,Equities,Materials,Energy Transition Materials,Contextual,20,Single contextual evidence source,False,,True,False,Government Security Spending | Security Spending,Infrastructure Spending,Economic-driver text match,1.2
CYBERSECURITY_DEMAND,Technology,Cybersecurity Demand,ONLN,Equities,Consumer Discretionary,E-Commerce,Contextual,20,Single contextual evidence source,False,,True,False,Government Security Spending | Security Spending,Consumer Spending,Economic-driver text match,1.2
CYBERSECURITY_DEMAND,Technology,Cybersecurity Demand,PAVE,Equities,Industrials,Infrastructure,Contextual,20,Single contextual evidence source,False,,True,False,Government Security Spending | Security Spending,Defense Spending | Government Spending | Infrastructure Spending,Economic-driver text match,1.2
CYBERSECURITY_DEMAND,Technology,Cybersecurity Demand,PEJ,Equities,Consumer Discretionary,Travel & Leisure,Contextual,20,Single contextual evidence source,False,,True,False,Government Security Spending | Security Spending,Consumer Spending,Economic-driver text match,1.2
CYBERSECURITY_DEMAND,Technology,Cybersecurity Demand,SKYY,Equities,Technology,Cloud & Software,Contextual,20,Single contextual evidence source,False,,True,False,Government Security Spending | Security Spending,Cloud Spending | Enterprise IT Spending | Enterprise Software Spending,Economic-driver text match,1.2
CYBERSECURITY_DEMAND,Technology,Cybersecurity Demand,SLX,Equities,Materials,Metals & Mining,Contextual,20,Single contextual evidence source,False,,True,False,Government Security Spending | Security Spending,Infrastructure Spending,Economic-driver text match,1.2
CYBERSECURITY_DEMAND,Technology,Cybersecurity Demand,SMH,Equities,Technology,Semiconductors,Contextual,20,Single contextual evidence source,False,,True,False,Security Spending,Semiconductor Equipment Spending,Economic-driver text match,1.2
CYBERSECURITY_DEMAND,Technology,Cybersecurity Demand,SOXX,Equities,Technology,Semiconductors,Contextual,20,Single contextual evidence source,False,,True,False,Security Spending,Semiconductor Equipment Spending,Economic-driver text match,1.2
CYBERSECURITY_DEMAND,Technology,Cybersecurity Demand,XLB,Equities,Materials,Materials,Contextual,20,Single contextual evidence source,False,,True,False,Government Security Spending | Security Spending,Infrastructure Spending,Economic-driver text match,1.2
CYBERSECURITY_DEMAND,Technology,Cybersecurity Demand,XLC,Equities,Communication Services,Communication Services,Contextual,20,Single contextual evidence source,False,,True,False,Government Security Spending | Security Spending,Consumer Spending | Content Spending,Economic-driver text match,1.2
CYBERSECURITY_DEMAND,Technology,Cybersecurity Demand,XLI,Equities,Industrials,Industrials,Contextual,20,Single contextual evidence source,False,,True,False,Government Security Spending | Security Spending,Defense Spending | Government Spending | Infrastructure Spending,Economic-driver text match,1.2
CYBERSECURITY_DEMAND,Technology,Cybersecurity Demand,XLP,Equities,Consumer Staples,Consumer Staples,Contextual,20,Single contextual evidence source,False,,True,False,Government Security Spending | Security Spending,Household Spending,Economic-driver text match,1.2
CYBERSECURITY_DEMAND,Technology,Cybersecurity Demand,XLY,Equities,Consumer Discretionary,Consumer Discretionary,Contextual,20,Single contextual evidence source,False,,True,False,Government Security Spending | Security Spending,Consumer Spending,Economic-driver text match,1.2
DATA_CENTER_DEMAND,Real Estate,Data Center Demand,AIRR,Equities,Industrials,Industrial Reshoring,Contextual,20,Single contextual evidence source,False,,True,False,AI Infrastructure | Power Demand,Infrastructure Spending | Transportation Demand,Economic-driver text match,1.2
DATA_CENTER_DEMAND,Real Estate,Data Center Demand,AMLP,Equities,Energy,Energy Infrastructure,Contextual,20,Single contextual evidence source,False,,True,False,AI Infrastructure | Power Demand,Energy Infrastructure Demand,Economic-driver text match,1.2
DATA_CENTER_DEMAND,Real Estate,Data Center Demand,ARKG,Equities,Health Care,Biotech & Genomics,Contextual,20,Single contextual evidence source,False,,True,False,Power Demand,Drug / Therapy Demand,Economic-driver text match,1.2
DATA_CENTER_DEMAND,Real Estate,Data Center Demand,AWAY,Equities,Consumer Discretionary,Travel & Leisure,Contextual,20,Single contextual evidence source,False,,True,False,Power Demand,E-Commerce Demand | Travel Demand,Economic-driver text match,1.2
DATA_CENTER_DEMAND,Real Estate,Data Center Demand,BATT,Equities,Materials,Energy Transition Materials,Contextual,20,Single contextual evidence source,False,,True,False,AI Infrastructure | Power Demand,China Demand | Energy Transition Demand | Industrial Demand | Infrastructure Spending,Economic-driver text match,1.2
DATA_CENTER_DEMAND,Real Estate,Data Center Demand,BETZ,Equities,Consumer Discretionary,Gaming & Betting,Contextual,20,Single contextual evidence source,False,,True,False,Power Demand,E-Commerce Demand | Travel Demand,Economic-driver text match,1.2
DATA_CENTER_DEMAND,Real Estate,Data Center Demand,COPX,Equities,Materials,Metals & Mining,Contextual,20,Single contextual evidence source,False,,True,False,AI Infrastructure | Power Demand,China Demand | Energy Transition Demand | Industrial Demand | Infrastructure Spending,Economic-driver text match,1.2
DATA_CENTER_DEMAND,Real Estate,Data Center Demand,CORN,Commodities,Agriculture,Agriculture Commodities,Contextual,20,Single contextual evidence source,False,,True,False,Power Demand,Ethanol Demand | Export Demand,Economic-driver text match,1.2
DATA_CENTER_DEMAND,Real Estate,Data Center Demand,CPER,Commodities,Metals,Industrial Metals,Contextual,20,Single contextual evidence source,False,,True,False,AI Infrastructure | Power Demand,China Demand | Energy Transition Demand | Industrial Metals Demand | Infrastructure Spending,Economic-driver text match,1.2
DATA_CENTER_DEMAND,Real Estate,Data Center Demand,DBA,Commodities,Agriculture,Agriculture Commodities,Contextual,20,Single contextual evidence source,False,,True,False,Power Demand,Agricultural Demand | Export Demand,Economic-driver text match,1.2
DATA_CENTER_DEMAND,Real Estate,Data Center Demand,ETHE,Digital Assets,Crypto,Crypto Assets,Contextual,20,Single contextual evidence source,False,,True,False,Power Demand,Ethereum Spot Demand,Economic-driver text match,1.2
DATA_CENTER_DEMAND,Real Estate,Data Center Demand,GLD,Commodities,Precious Metals,Precious Metals,Contextual,20,Single contextual evidence source,False,,True,False,Power Demand,Central Bank Demand | Central Bank Gold Demand | Physical Demand | Safe-Haven Demand,Economic-driver text match,1.2
DATA_CENTER_DEMAND,Real Estate,Data Center Demand,IBB,Equities,Health Care,Biotechnology,Contextual,20,Single contextual evidence source,False,,True,False,Power Demand,Drug / Therapy Demand,Economic-driver text match,1.2
DATA_CENTER_DEMAND,Real Estate,Data Center Demand,IBIT,Digital Assets,Crypto,Crypto Assets,Contextual,20,Single contextual evidence source,False,,True,False,Power Demand,Bitcoin Spot Demand,Economic-driver text match,1.2
DATA_CENTER_DEMAND,Real Estate,Data Center Demand,IEF,Fixed Income,Treasuries,Intermediate Treasuries,Contextual,20,Single contextual evidence source,False,,True,False,Power Demand,Safe-Haven Demand,Economic-driver text match,1.2
DATA_CENTER_DEMAND,Real Estate,Data Center Demand,ITA,Equities,Industrials,Aerospace & Defense,Contextual,20,Single contextual evidence source,False,,True,False,Power Demand,Aircraft Demand | Geopolitical Security Demand,Economic-driver text match,1.2
DATA_CENTER_DEMAND,Real Estate,Data Center Demand,LITP,Equities,Materials,Energy Transition Materials,Contextual,20,Single contextual evidence source,False,,True,False,AI Infrastructure | Power Demand,China Demand | Energy Transition Demand | Industrial Demand | Infrastructure Spending,Economic-driver text match,1.2
DATA_CENTER_DEMAND,Real Estate,Data Center Demand,ONLN,Equities,Consumer Discretionary,E-Commerce,Contextual,20,Single contextual evidence source,False,,True,False,Power Demand,E-Commerce Demand | Travel Demand,Economic-driver text match,1.2
DATA_CENTER_DEMAND,Real Estate,Data Center Demand,PAVE,Equities,Industrials,Infrastructure,Contextual,20,Single contextual evidence source,False,,True,False,AI Infrastructure | Power Demand,Infrastructure Spending | Transportation Demand,Economic-driver text match,1.2
DATA_CENTER_DEMAND,Real Estate,Data Center Demand,PDBC,Commodities,Broad Commodities,Broad Commodities,Contextual,20,Single contextual evidence source,False,,True,False,Power Demand,Global Supply / Demand,Economic-driver text match,1.2
DATA_CENTER_DEMAND,Real Estate,Data Center Demand,PEJ,Equities,Consumer Discretionary,Travel & Leisure,Contextual,20,Single contextual evidence source,False,,True,False,Power Demand,E-Commerce Demand | Travel Demand,Economic-driver text match,1.2
DATA_CENTER_DEMAND,Real Estate,Data Center Demand,PPH,Equities,Health Care,Pharmaceuticals,Contextual,20,Single contextual evidence source,False,,True,False,Power Demand,Drug / Therapy Demand,Economic-driver text match,1.2
DATA_CENTER_DEMAND,Real Estate,Data Center Demand,REZ,Equities,Real Estate,Real Estate,Contextual,20,Single contextual evidence source,False,,True,False,Power Demand,Property Demand,Economic-driver text match,1.2
DATA_CENTER_DEMAND,Real Estate,Data Center Demand,SHY,Fixed Income,Treasuries,Short Treasuries,Contextual,20,Single contextual evidence source,False,,True,False,Power Demand,Safe-Haven Demand,Economic-driver text match,1.2
DATA_CENTER_DEMAND,Real Estate,Data Center Demand,SLV,Commodities,Precious Metals,Precious Metals,Contextual,20,Single contextual evidence source,False,,True,False,Power Demand,Industrial Silver Demand | Precious Metals Demand | Solar / Electronics Demand,Economic-driver text match,1.2
DATA_CENTER_DEMAND,Real Estate,Data Center Demand,SLX,Equities,Materials,Metals & Mining,Contextual,20,Single contextual evidence source,False,,True,False,AI Infrastructure | Power Demand,China Demand | Energy Transition Demand | Industrial Demand | Infrastructure Spending,Economic-driver text match,1.2
DATA_CENTER_DEMAND,Real Estate,Data Center Demand,TIP,Fixed Income,Treasuries,Inflation-Protected Bonds,Contextual,20,Single contextual evidence source,False,,True,False,Power Demand,Safe-Haven Demand,Economic-driver text match,1.2
DATA_CENTER_DEMAND,Real Estate,Data Center Demand,TLT,Fixed Income,Treasuries,Long Treasuries,Contextual,20,Single contextual evidence source,False,,True,False,Power Demand,Safe-Haven Demand,Economic-driver text match,1.2
DATA_CENTER_DEMAND,Real Estate,Data Center Demand,UNG,Commodities,Energy,Energy Commodities,Contextual,20,Single contextual evidence source,False,,True,False,Power Demand,LNG Export Demand | Power Demand,Economic-driver text match,1.2
DATA_CENTER_DEMAND,Real Estate,Data Center Demand,USO,Commodities,Energy,Energy Commodities,Contextual,20,Single contextual evidence source,False,,True,False,Power Demand,Global Oil Demand,Economic-driver text match,1.2
DATA_CENTER_DEMAND,Real Estate,Data Center Demand,UUP,Currencies,U.S. Dollar,Currencies,Contextual,20,Single contextual evidence source,False,,True,False,Power Demand,Safe-Haven Demand | Safe-Haven Dollar Demand,Economic-driver text match,1.2
DATA_CENTER_DEMAND,Real Estate,Data Center Demand,VIXY,Volatility,Equity Volatility,Volatility,Contextual,20,Single contextual evidence source,False,,True,False,Power Demand,Options Demand,Economic-driver text match,1.2
DATA_CENTER_DEMAND,Real Estate,Data Center Demand,XBI,Equities,Health Care,Biotechnology,Contextual,20,Single contextual evidence source,False,,True,False,Power Demand,Drug / Therapy Demand,Economic-driver text match,1.2
DATA_CENTER_DEMAND,Real Estate,Data Center Demand,XLB,Equities,Materials,Materials,Contextual,20,Single contextual evidence source,False,,True,False,AI Infrastructure | Power Demand,China Demand | Energy Transition Demand | Industrial Demand | Infrastructure Spending,Economic-driver text match,1.2
DATA_CENTER_DEMAND,Real Estate,Data Center Demand,XLC,Equities,Communication Services,Communication Services,Contextual,20,Single contextual evidence source,False,,True,False,Power Demand,Advertising Demand,Economic-driver text match,1.2
DATA_CENTER_DEMAND,Real Estate,Data Center Demand,XLE,Equities,Energy,Energy,Contextual,20,Single contextual evidence source,False,,True,False,Power Demand,Energy Demand,Economic-driver text match,1.2
DATA_CENTER_DEMAND,Real Estate,Data Center Demand,XLI,Equities,Industrials,Industrials,Contextual,20,Single contextual evidence source,False,,True,False,AI Infrastructure | Power Demand,Infrastructure Spending | Transportation Demand,Economic-driver text match,1.2
DATA_CENTER_DEMAND,Real Estate,Data Center Demand,XLP,Equities,Consumer Staples,Consumer Staples,Contextual,20,Single contextual evidence source,False,,True,False,Power Demand,Defensive Consumer Demand | Pricing Power,Economic-driver text match,1.2
DATA_CENTER_DEMAND,Real Estate,Data Center Demand,XLU,Equities,Utilities,Utilities,Contextual,20,Single contextual evidence source,False,,True,False,Data Center Leasing | Power Demand,Data Center Power Demand | Electricity Demand | Power Prices,Economic-driver text match,1.2
DATA_CENTER_DEMAND,Real Estate,Data Center Demand,XLV,Equities,Health Care,Health Care,Contextual,20,Single contextual evidence source,False,,True,False,Power Demand,Drug / Therapy Demand,Economic-driver text match,1.2
DATA_CENTER_DEMAND,Real Estate,Data Center Demand,XLY,Equities,Consumer Discretionary,Consumer Discretionary,Contextual,20,Single contextual evidence source,False,,True,False,Power Demand,E-Commerce Demand | Travel Demand,Economic-driver text match,1.2
DEFENSE_SPENDING,Industrials,Defense Spending,AIRR,Equities,Industrials,Industrial Reshoring,Contextual,40,Multiple contextual evidence sources,True,Defense Spending,True,False,Defense Budget | Military Demand,Defense Spending | Transportation Demand,37A-to-37B crosswalk | Economic-driver text match,1.2
DEFENSE_SPENDING,Industrials,Defense Spending,ITA,Equities,Industrials,Aerospace & Defense,Contextual,40,Multiple contextual evidence sources,True,Defense Spending,True,True,Contracts | Defense Budget | Military Demand,Aircraft Demand | Defense Budgets | Defense Spending | Geopolitical Security Demand | Government Contracts,37A-to-37B crosswalk | Economic-driver text match | 37B example exposure,1.2
DEFENSE_SPENDING,Industrials,Defense Spending,PAVE,Equities,Industrials,Infrastructure,Contextual,40,Multiple contextual evidence sources,True,Defense Spending,True,False,Defense Budget | Military Demand,Defense Spending | Transportation Demand,37A-to-37B crosswalk | Economic-driver text match,1.2
DEFENSE_SPENDING,Industrials,Defense Spending,XLI,Equities,Industrials,Industrials,Contextual,40,Multiple contextual evidence sources,True,Defense Spending,True,True,Defense Budget | Military Demand,Defense Spending | Transportation Demand,37A-to-37B crosswalk | Economic-driver text match | 37B example exposure,1.2
DEFENSE_SPENDING,Industrials,Defense Spending,AMLP,Equities,Energy,Energy Infrastructure,Contextual,20,Single contextual evidence source,False,,True,False,Military Demand,Energy Infrastructure Demand,Economic-driver text match,1.2
DEFENSE_SPENDING,Industrials,Defense Spending,ARKG,Equities,Health Care,Biotech & Genomics,Contextual,20,Single contextual evidence source,False,,True,False,Military Demand,Drug / Therapy Demand,Economic-driver text match,1.2
DEFENSE_SPENDING,Industrials,Defense Spending,AWAY,Equities,Consumer Discretionary,Travel & Leisure,Contextual,20,Single contextual evidence source,False,,True,False,Military Demand,E-Commerce Demand | Travel Demand,Economic-driver text match,1.2
DEFENSE_SPENDING,Industrials,Defense Spending,BATT,Equities,Materials,Energy Transition Materials,Contextual,20,Single contextual evidence source,False,,True,False,Military Demand,China Demand | Energy Transition Demand | Industrial Demand,Economic-driver text match,1.2
DEFENSE_SPENDING,Industrials,Defense Spending,BETZ,Equities,Consumer Discretionary,Gaming & Betting,Contextual,20,Single contextual evidence source,False,,True,False,Military Demand,E-Commerce Demand | Travel Demand,Economic-driver text match,1.2
DEFENSE_SPENDING,Industrials,Defense Spending,COPX,Equities,Materials,Metals & Mining,Contextual,20,Single contextual evidence source,False,,True,False,Military Demand,China Demand | Energy Transition Demand | Industrial Demand,Economic-driver text match,1.2
DEFENSE_SPENDING,Industrials,Defense Spending,CORN,Commodities,Agriculture,Agriculture Commodities,Contextual,20,Single contextual evidence source,False,,True,False,Military Demand,Ethanol Demand | Export Demand,Economic-driver text match,1.2
DEFENSE_SPENDING,Industrials,Defense Spending,CPER,Commodities,Metals,Industrial Metals,Contextual,20,Single contextual evidence source,False,,True,False,Military Demand,China Demand | Energy Transition Demand | Industrial Metals Demand,Economic-driver text match,1.2
DEFENSE_SPENDING,Industrials,Defense Spending,DBA,Commodities,Agriculture,Agriculture Commodities,Contextual,20,Single contextual evidence source,False,,True,False,Military Demand,Agricultural Demand | Export Demand,Economic-driver text match,1.2
DEFENSE_SPENDING,Industrials,Defense Spending,DRAM,Equities,Technology,Semiconductors,Contextual,20,Single contextual evidence source,False,,True,False,Military Demand,AI Infrastructure Demand | HBM Demand | PC Demand | Smartphone Demand,Economic-driver text match,1.2
DEFENSE_SPENDING,Industrials,Defense Spending,ETHE,Digital Assets,Crypto,Crypto Assets,Contextual,20,Single contextual evidence source,False,,True,False,Military Demand,Ethereum Spot Demand,Economic-driver text match,1.2
DEFENSE_SPENDING,Industrials,Defense Spending,GLD,Commodities,Precious Metals,Precious Metals,Contextual,20,Single contextual evidence source,False,,True,False,Military Demand,Central Bank Demand | Central Bank Gold Demand | Physical Demand | Safe-Haven Demand,Economic-driver text match,1.2
DEFENSE_SPENDING,Industrials,Defense Spending,IBB,Equities,Health Care,Biotechnology,Contextual,20,Single contextual evidence source,False,,True,False,Military Demand,Drug / Therapy Demand,Economic-driver text match,1.2
DEFENSE_SPENDING,Industrials,Defense Spending,IBIT,Digital Assets,Crypto,Crypto Assets,Contextual,20,Single contextual evidence source,False,,True,False,Military Demand,Bitcoin Spot Demand,Economic-driver text match,1.2
DEFENSE_SPENDING,Industrials,Defense Spending,IEF,Fixed Income,Treasuries,Intermediate Treasuries,Contextual,20,Single contextual evidence source,False,,True,False,Military Demand,Safe-Haven Demand,Economic-driver text match,1.2
DEFENSE_SPENDING,Industrials,Defense Spending,LITP,Equities,Materials,Energy Transition Materials,Contextual,20,Single contextual evidence source,False,,True,False,Military Demand,China Demand | Energy Transition Demand | Industrial Demand,Economic-driver text match,1.2
DEFENSE_SPENDING,Industrials,Defense Spending,ONLN,Equities,Consumer Discretionary,E-Commerce,Contextual,20,Single contextual evidence source,False,,True,False,Military Demand,E-Commerce Demand | Travel Demand,Economic-driver text match,1.2
DEFENSE_SPENDING,Industrials,Defense Spending,PDBC,Commodities,Broad Commodities,Broad Commodities,Contextual,20,Single contextual evidence source,False,,True,False,Military Demand,Global Supply / Demand,Economic-driver text match,1.2
DEFENSE_SPENDING,Industrials,Defense Spending,PEJ,Equities,Consumer Discretionary,Travel & Leisure,Contextual,20,Single contextual evidence source,False,,True,False,Military Demand,E-Commerce Demand | Travel Demand,Economic-driver text match,1.2
DEFENSE_SPENDING,Industrials,Defense Spending,PPH,Equities,Health Care,Pharmaceuticals,Contextual,20,Single contextual evidence source,False,,True,False,Military Demand,Drug / Therapy Demand,Economic-driver text match,1.2
DEFENSE_SPENDING,Industrials,Defense Spending,REZ,Equities,Real Estate,Real Estate,Contextual,20,Single contextual evidence source,False,,True,False,Military Demand,Property Demand,Economic-driver text match,1.2
DEFENSE_SPENDING,Industrials,Defense Spending,SHY,Fixed Income,Treasuries,Short Treasuries,Contextual,20,Single contextual evidence source,False,,True,False,Military Demand,Safe-Haven Demand,Economic-driver text match,1.2
DEFENSE_SPENDING,Industrials,Defense Spending,SLV,Commodities,Precious Metals,Precious Metals,Contextual,20,Single contextual evidence source,False,,True,False,Military Demand,Industrial Silver Demand | Precious Metals Demand | Solar / Electronics Demand,Economic-driver text match,1.2
DEFENSE_SPENDING,Industrials,Defense Spending,SLX,Equities,Materials,Metals & Mining,Contextual,20,Single contextual evidence source,False,,True,False,Military Demand,China Demand | Energy Transition Demand | Industrial Demand,Economic-driver text match,1.2
DEFENSE_SPENDING,Industrials,Defense Spending,SMH,Equities,Technology,Semiconductors,Contextual,20,Single contextual evidence source,False,,True,False,Military Demand,AI Infrastructure Demand | Consumer Electronics Demand | Semiconductor Demand,Economic-driver text match,1.2
DEFENSE_SPENDING,Industrials,Defense Spending,SOXX,Equities,Technology,Semiconductors,Contextual,20,Single contextual evidence source,False,,True,False,Military Demand,AI Infrastructure Demand | Consumer Electronics Demand | Semiconductor Demand,Economic-driver text match,1.2
DEFENSE_SPENDING,Industrials,Defense Spending,SRVR,Equities,Real Estate,Digital Infrastructure,Contextual,20,Single contextual evidence source,False,,True,False,Military Demand,Data Center Demand,Economic-driver text match,1.2
DEFENSE_SPENDING,Industrials,Defense Spending,TIP,Fixed Income,Treasuries,Inflation-Protected Bonds,Contextual,20,Single contextual evidence source,False,,True,False,Military Demand,Safe-Haven Demand,Economic-driver text match,1.2
DEFENSE_SPENDING,Industrials,Defense Spending,TLT,Fixed Income,Treasuries,Long Treasuries,Contextual,20,Single contextual evidence source,False,,True,False,Military Demand,Safe-Haven Demand,Economic-driver text match,1.2
DEFENSE_SPENDING,Industrials,Defense Spending,UNG,Commodities,Energy,Energy Commodities,Contextual,20,Single contextual evidence source,False,,True,False,Military Demand,LNG Export Demand | Power Demand,Economic-driver text match,1.2
DEFENSE_SPENDING,Industrials,Defense Spending,USO,Commodities,Energy,Energy Commodities,Contextual,20,Single contextual evidence source,False,,True,False,Military Demand,Global Oil Demand,Economic-driver text match,1.2
DEFENSE_SPENDING,Industrials,Defense Spending,UUP,Currencies,U.S. Dollar,Currencies,Contextual,20,Single contextual evidence source,False,,True,False,Military Demand,Safe-Haven Demand | Safe-Haven Dollar Demand,Economic-driver text match,1.2
DEFENSE_SPENDING,Industrials,Defense Spending,VIXY,Volatility,Equity Volatility,Volatility,Contextual,20,Single contextual evidence source,False,,True,False,Military Demand,Options Demand,Economic-driver text match,1.2
DEFENSE_SPENDING,Industrials,Defense Spending,VNQ,Equities,Real Estate,Real Estate,Contextual,20,Single contextual evidence source,False,,True,False,Military Demand,Property Demand,Economic-driver text match,1.2
DEFENSE_SPENDING,Industrials,Defense Spending,XBI,Equities,Health Care,Biotechnology,Contextual,20,Single contextual evidence source,False,,True,False,Military Demand,Drug / Therapy Demand,Economic-driver text match,1.2
DEFENSE_SPENDING,Industrials,Defense Spending,XLB,Equities,Materials,Materials,Contextual,20,Single contextual evidence source,False,,True,False,Military Demand,China Demand | Energy Transition Demand | Industrial Demand,Economic-driver text match,1.2
DEFENSE_SPENDING,Industrials,Defense Spending,XLC,Equities,Communication Services,Communication Services,Contextual,20,Single contextual evidence source,False,,True,False,Military Demand,Advertising Demand,Economic-driver text match,1.2
DEFENSE_SPENDING,Industrials,Defense Spending,XLE,Equities,Energy,Energy,Contextual,20,Single contextual evidence source,False,,True,False,Military Demand,Energy Demand,Economic-driver text match,1.2
DEFENSE_SPENDING,Industrials,Defense Spending,XLP,Equities,Consumer Staples,Consumer Staples,Contextual,20,Single contextual evidence source,False,,True,False,Military Demand,Defensive Consumer Demand,Economic-driver text match,1.2
DEFENSE_SPENDING,Industrials,Defense Spending,XLRE,Equities,Real Estate,Real Estate,Contextual,20,Single contextual evidence source,False,,True,False,Military Demand,Property Demand,Economic-driver text match,1.2
DEFENSE_SPENDING,Industrials,Defense Spending,XLU,Equities,Utilities,Utilities,Contextual,20,Single contextual evidence source,False,,True,False,Military Demand,Data Center Power Demand | Electricity Demand,Economic-driver text match,1.2
DEFENSE_SPENDING,Industrials,Defense Spending,XLV,Equities,Health Care,Health Care,Contextual,20,Single contextual evidence source,False,,True,False,Military Demand,Drug / Therapy Demand,Economic-driver text match,1.2
DEFENSE_SPENDING,Industrials,Defense Spending,XLY,Equities,Consumer Discretionary,Consumer Discretionary,Contextual,20,Single contextual evidence source,False,,True,False,Military Demand,E-Commerce Demand | Travel Demand,Economic-driver text match,1.2
DRUG_PRICING,Health Care,Drug Pricing,ARKG,Equities,Health Care,Biotech & Genomics,Contextual,40,Multiple contextual evidence sources,True,Drug Pricing,True,False,Drug Pricing,Drug / Therapy Demand | Pricing Policy,37A-to-37B crosswalk | Economic-driver text match,1.2
DRUG_PRICING,Health Care,Drug Pricing,IBB,Equities,Health Care,Biotechnology,Contextual,40,Multiple contextual evidence sources,True,Drug Pricing,True,False,Drug Pricing,Drug / Therapy Demand | Pricing Policy,37A-to-37B crosswalk | Economic-driver text match,1.2
DRUG_PRICING,Health Care,Drug Pricing,PPH,Equities,Health Care,Pharmaceuticals,Contextual,40,Multiple contextual evidence sources,True,Drug Pricing,True,False,Drug Pricing,Drug / Therapy Demand | Pricing Policy,37A-to-37B crosswalk | Economic-driver text match,1.2
DRUG_PRICING,Health Care,Drug Pricing,XBI,Equities,Health Care,Biotechnology,Contextual,40,Multiple contextual evidence sources,True,Drug Pricing,True,True,Drug Pricing,Drug / Therapy Demand | Pricing Policy,37A-to-37B crosswalk | Economic-driver text match | 37B example exposure,1.2
DRUG_PRICING,Health Care,Drug Pricing,XLV,Equities,Health Care,Health Care,Contextual,40,Multiple contextual evidence sources,True,Drug Pricing,True,True,Drug Pricing,Drug / Therapy Demand | Pricing Policy,37A-to-37B crosswalk | Economic-driver text match | 37B example exposure,1.2
DRUG_PRICING,Health Care,Drug Pricing,DRAM,Equities,Technology,Semiconductors,Contextual,20,Single contextual evidence source,False,,True,False,Drug Pricing,DRAM Memory Pricing,Economic-driver text match,1.2
DRUG_PRICING,Health Care,Drug Pricing,SMH,Equities,Technology,Semiconductors,Contextual,20,Single contextual evidence source,False,,True,False,Drug Pricing,Chip Pricing,Economic-driver text match,1.2
DRUG_PRICING,Health Care,Drug Pricing,SOXX,Equities,Technology,Semiconductors,Contextual,20,Single contextual evidence source,False,,True,False,Drug Pricing,Chip Pricing,Economic-driver text match,1.2
DRUG_PRICING,Health Care,Drug Pricing,XLP,Equities,Consumer Staples,Consumer Staples,Contextual,20,Single contextual evidence source,False,,True,False,Drug Pricing,Pricing Power,Economic-driver text match,1.2
EARNINGS,Corporate,Earnings,AIQ,Equities,Technology,AI & Automation,Contextual,40,Multiple contextual evidence sources,True,Earnings,True,False,Earnings Revisions,Technology Earnings,37A-to-37B crosswalk | Economic-driver text match,1.2
EARNINGS,Corporate,Earnings,ARKG,Equities,Health Care,Biotech & Genomics,Contextual,40,Multiple contextual evidence sources,True,Earnings,True,False,Earnings Revisions,Health Care Earnings,37A-to-37B crosswalk | Economic-driver text match,1.2
EARNINGS,Corporate,Earnings,AWAY,Equities,Consumer Discretionary,Travel & Leisure,Contextual,40,Multiple contextual evidence sources,True,Earnings,True,False,Earnings Revisions,Discretionary Earnings,37A-to-37B crosswalk | Economic-driver text match,1.2
EARNINGS,Corporate,Earnings,BETZ,Equities,Consumer Discretionary,Gaming & Betting,Contextual,40,Multiple contextual evidence sources,True,Earnings,True,False,Earnings Revisions,Discretionary Earnings,37A-to-37B crosswalk | Economic-driver text match,1.2
EARNINGS,Corporate,Earnings,BOTZ,Equities,Technology,AI & Automation,Contextual,40,Multiple contextual evidence sources,True,Earnings,True,False,Earnings Revisions,Technology Earnings,37A-to-37B crosswalk | Economic-driver text match,1.2
EARNINGS,Corporate,Earnings,CIBR,Equities,Technology,Cybersecurity,Contextual,40,Multiple contextual evidence sources,True,Earnings,True,False,Earnings Revisions,Cybersecurity Earnings,37A-to-37B crosswalk | Economic-driver text match,1.2
EARNINGS,Corporate,Earnings,DIA,Equities,Broad Market,Large Cap U.S.,Contextual,40,Multiple contextual evidence sources,True,Earnings,True,False,Earnings Revisions,Corporate Earnings | Earnings Revisions,37A-to-37B crosswalk | Economic-driver text match,1.2
EARNINGS,Corporate,Earnings,IBB,Equities,Health Care,Biotechnology,Contextual,40,Multiple contextual evidence sources,True,Earnings,True,False,Earnings Revisions,Health Care Earnings,37A-to-37B crosswalk | Economic-driver text match,1.2
EARNINGS,Corporate,Earnings,IGV,Equities,Technology,Software,Contextual,40,Multiple contextual evidence sources,True,Earnings,True,False,Earnings Revisions | Revenue,Recurring Revenue Growth | Technology Earnings,37A-to-37B crosswalk | Economic-driver text match,1.2
EARNINGS,Corporate,Earnings,IWM,Equities,Broad Market,Small Cap U.S.,Contextual,40,Multiple contextual evidence sources,True,Earnings,True,False,Earnings Revisions,Corporate Earnings | Earnings Revisions,37A-to-37B crosswalk | Economic-driver text match,1.2
EARNINGS,Corporate,Earnings,ONLN,Equities,Consumer Discretionary,E-Commerce,Contextual,40,Multiple contextual evidence sources,True,Earnings,True,False,Earnings Revisions,Discretionary Earnings,37A-to-37B crosswalk | Economic-driver text match,1.2
EARNINGS,Corporate,Earnings,PEJ,Equities,Consumer Discretionary,Travel & Leisure,Contextual,40,Multiple contextual evidence sources,True,Earnings,True,False,Earnings Revisions,Discretionary Earnings,37A-to-37B crosswalk | Economic-driver text match,1.2
EARNINGS,Corporate,Earnings,PPH,Equities,Health Care,Pharmaceuticals,Contextual,40,Multiple contextual evidence sources,True,Earnings,True,False,Earnings Revisions,Health Care Earnings,37A-to-37B crosswalk | Economic-driver text match,1.2
EARNINGS,Corporate,Earnings,QQQ,Equities,Broad Market,Large Cap Growth,Contextual,40,Multiple contextual evidence sources,True,Earnings,True,False,Earnings Revisions,Corporate Earnings | Earnings Revisions,37A-to-37B crosswalk | Economic-driver text match,1.2
EARNINGS,Corporate,Earnings,REZ,Equities,Real Estate,Real Estate,Contextual,40,Multiple contextual evidence sources,True,Earnings,True,False,Earnings Revisions,REIT Earnings,37A-to-37B crosswalk | Economic-driver text match,1.2
EARNINGS,Corporate,Earnings,RSP,Equities,Broad Market,Large Cap U.S.,Contextual,40,Multiple contextual evidence sources,True,Earnings,True,False,Earnings Revisions,Corporate Earnings | Earnings Revisions,37A-to-37B crosswalk | Economic-driver text match,1.2
EARNINGS,Corporate,Earnings,SKYY,Equities,Technology,Cloud & Software,Contextual,40,Multiple contextual evidence sources,True,Earnings,True,False,Earnings Revisions | Revenue,Recurring Revenue Growth | Technology Earnings,37A-to-37B crosswalk | Economic-driver text match,1.2
EARNINGS,Corporate,Earnings,SPY,Equities,Broad Market,Large Cap U.S.,Contextual,40,Multiple contextual evidence sources,True,Earnings,True,False,Earnings Revisions,Corporate Earnings | Earnings Revisions,37A-to-37B crosswalk | Economic-driver text match,1.2
EARNINGS,Corporate,Earnings,VNQ,Equities,Real Estate,Real Estate,Contextual,40,Multiple contextual evidence sources,True,Earnings,True,False,Earnings Revisions,REIT Earnings,37A-to-37B crosswalk | Economic-driver text match,1.2
EARNINGS,Corporate,Earnings,VOO,Equities,Broad Market,Large Cap U.S.,Contextual,40,Multiple contextual evidence sources,True,Earnings,True,False,Earnings Revisions,Corporate Earnings | Earnings Revisions,37A-to-37B crosswalk | Economic-driver text match,1.2
EARNINGS,Corporate,Earnings,XBI,Equities,Health Care,Biotechnology,Contextual,40,Multiple contextual evidence sources,True,Earnings,True,False,Earnings Revisions,Health Care Earnings,37A-to-37B crosswalk | Economic-driver text match,1.2
EARNINGS,Corporate,Earnings,XLC,Equities,Communication Services,Communication Services,Contextual,40,Multiple contextual evidence sources,True,Earnings,True,False,Earnings Revisions,Communication Services Earnings,37A-to-37B crosswalk | Economic-driver text match,1.2
EARNINGS,Corporate,Earnings,XLK,Equities,Technology,Technology,Contextual,40,Multiple contextual evidence sources,True,Earnings,True,False,Earnings Revisions,Earnings Growth,37A-to-37B crosswalk | Economic-driver text match,1.2
EARNINGS,Corporate,Earnings,XLP,Equities,Consumer Staples,Consumer Staples,Contextual,40,Multiple contextual evidence sources,True,Earnings,True,False,Earnings Revisions,Staples Earnings,37A-to-37B crosswalk | Economic-driver text match,1.2
EARNINGS,Corporate,Earnings,XLRE,Equities,Real Estate,Real Estate,Contextual,40,Multiple contextual evidence sources,True,Earnings,True,False,Earnings Revisions,REIT Earnings,37A-to-37B crosswalk | Economic-driver text match,1.2
EARNINGS,Corporate,Earnings,XLU,Equities,Utilities,Utilities,Contextual,40,Multiple contextual evidence sources,True,Earnings,True,False,Earnings Revisions,Utility Earnings,37A-to-37B crosswalk | Economic-driver text match,1.2
EARNINGS,Corporate,Earnings,XLV,Equities,Health Care,Health Care,Contextual,40,Multiple contextual evidence sources,True,Earnings,True,False,Earnings Revisions,Health Care Earnings,37A-to-37B crosswalk | Economic-driver text match,1.2
EARNINGS,Corporate,Earnings,XLY,Equities,Consumer Discretionary,Consumer Discretionary,Contextual,40,Multiple contextual evidence sources,True,Earnings,True,False,Earnings Revisions,Discretionary Earnings,37A-to-37B crosswalk | Economic-driver text match,1.2
EARNINGS,Corporate,Earnings,AIRR,Equities,Industrials,Industrial Reshoring,Contextual,20,Single contextual evidence source,True,Earnings,False,False,,,37A-to-37B crosswalk,1.2
EARNINGS,Corporate,Earnings,DRAM,Equities,Technology,Semiconductors,Contextual,20,Single contextual evidence source,True,Earnings,False,False,,,37A-to-37B crosswalk,1.2
EARNINGS,Corporate,Earnings,IAI,Equities,Financials,Capital Markets,Contextual,20,Single contextual evidence source,True,Earnings,False,False,,,37A-to-37B crosswalk,1.2
EARNINGS,Corporate,Earnings,ITA,Equities,Industrials,Aerospace & Defense,Contextual,20,Single contextual evidence source,True,Earnings,False,False,,,37A-to-37B crosswalk,1.2
EARNINGS,Corporate,Earnings,KBE,Equities,Financials,Banking,Contextual,20,Single contextual evidence source,True,Earnings,False,False,,,37A-to-37B crosswalk,1.2
EARNINGS,Corporate,Earnings,KBWD,Equities,Financials,Financial Income,Contextual,20,Single contextual evidence source,True,Earnings,False,False,,,37A-to-37B crosswalk,1.2
EARNINGS,Corporate,Earnings,KRE,Equities,Financials,Banking,Contextual,20,Single contextual evidence source,True,Earnings,False,False,,,37A-to-37B crosswalk,1.2
EARNINGS,Corporate,Earnings,PAVE,Equities,Industrials,Infrastructure,Contextual,20,Single contextual evidence source,True,Earnings,False,False,,,37A-to-37B crosswalk,1.2
EARNINGS,Corporate,Earnings,SMH,Equities,Technology,Semiconductors,Contextual,20,Single contextual evidence source,True,Earnings,False,False,,,37A-to-37B crosswalk,1.2
EARNINGS,Corporate,Earnings,SOXX,Equities,Technology,Semiconductors,Contextual,20,Single contextual evidence source,True,Earnings,False,False,,,37A-to-37B crosswalk,1.2
EARNINGS,Corporate,Earnings,SRVR,Equities,Real Estate,Digital Infrastructure,Contextual,20,Single contextual evidence source,True,Earnings,False,False,,,37A-to-37B crosswalk,1.2
EARNINGS,Corporate,Earnings,XLF,Equities,Financials,Financials,Contextual,20,Single contextual evidence source,True,Earnings,False,False,,,37A-to-37B crosswalk,1.2
EARNINGS,Corporate,Earnings,XLI,Equities,Industrials,Industrials,Contextual,20,Single contextual evidence source,True,Earnings,False,False,,,37A-to-37B crosswalk,1.2
EARNINGS,Corporate,Earnings,XOP,Equities,Energy,Oil & Gas E&P,Contextual,20,Single contextual evidence source,False,,True,False,Earnings Revisions,E&P Earnings,Economic-driver text match,1.2
ECONOMIC_GROWTH,Macro,Economic Growth,DIA,Equities,Broad Market,Large Cap U.S.,Contextual,40,Multiple contextual evidence sources,True,Economic Growth,True,True,Economic Forecasts,Economic Growth,37A-to-37B crosswalk | Economic-driver text match | 37B example exposure,1.2
ECONOMIC_GROWTH,Macro,Economic Growth,IEF,Fixed Income,Treasuries,Intermediate Treasuries,Contextual,40,Multiple contextual evidence sources,True,Economic Growth,True,False,Economic Forecasts,Economic Growth,37A-to-37B crosswalk | Economic-driver text match,1.2
ECONOMIC_GROWTH,Macro,Economic Growth,IWM,Equities,Broad Market,Small Cap U.S.,Contextual,40,Multiple contextual evidence sources,True,Economic Growth,True,True,Economic Forecasts,Economic Growth,37A-to-37B crosswalk | Economic-driver text match | 37B example exposure,1.2
ECONOMIC_GROWTH,Macro,Economic Growth,QQQ,Equities,Broad Market,Large Cap Growth,Contextual,40,Multiple contextual evidence sources,True,Economic Growth,True,False,Economic Forecasts,Economic Growth,37A-to-37B crosswalk | Economic-driver text match,1.2
ECONOMIC_GROWTH,Macro,Economic Growth,RSP,Equities,Broad Market,Large Cap U.S.,Contextual,40,Multiple contextual evidence sources,True,Economic Growth,True,False,Economic Forecasts,Economic Growth,37A-to-37B crosswalk | Economic-driver text match,1.2
ECONOMIC_GROWTH,Macro,Economic Growth,SPY,Equities,Broad Market,Large Cap U.S.,Contextual,40,Multiple contextual evidence sources,True,Economic Growth,True,True,Economic Forecasts,Economic Growth,37A-to-37B crosswalk | Economic-driver text match | 37B example exposure,1.2
ECONOMIC_GROWTH,Macro,Economic Growth,TLT,Fixed Income,Treasuries,Long Treasuries,Contextual,40,Multiple contextual evidence sources,True,Economic Growth,True,True,Economic Forecasts,Economic Growth,37A-to-37B crosswalk | Economic-driver text match | 37B example exposure,1.2
ECONOMIC_GROWTH,Macro,Economic Growth,UUP,Currencies,U.S. Dollar,Currencies,Contextual,40,Multiple contextual evidence sources,True,Economic Growth,True,False,Economic Forecasts,U.S. Economic Growth,37A-to-37B crosswalk | Economic-driver text match,1.2
ECONOMIC_GROWTH,Macro,Economic Growth,VOO,Equities,Broad Market,Large Cap U.S.,Contextual,40,Multiple contextual evidence sources,True,Economic Growth,True,False,Economic Forecasts,Economic Growth,37A-to-37B crosswalk | Economic-driver text match,1.2
ECONOMIC_GROWTH,Macro,Economic Growth,XLE,Equities,Energy,Energy,Contextual,40,Multiple contextual evidence sources,False,,True,True,Industrial Production,U.S. Production,Economic-driver text match | 37B example exposure,1.2
ECONOMIC_GROWTH,Macro,Economic Growth,XLI,Equities,Industrials,Industrials,Contextual,40,Multiple contextual evidence sources,False,,True,True,Industrial Production,Industrial Activity,Economic-driver text match | 37B example exposure,1.2
ECONOMIC_GROWTH,Macro,Economic Growth,AIRR,Equities,Industrials,Industrial Reshoring,Contextual,20,Single contextual evidence source,False,,True,False,Industrial Production,Industrial Activity,Economic-driver text match,1.2
ECONOMIC_GROWTH,Macro,Economic Growth,AMLP,Equities,Energy,Energy Infrastructure,Contextual,20,Single contextual evidence source,False,,True,False,Industrial Production,Energy Production,Economic-driver text match,1.2
ECONOMIC_GROWTH,Macro,Economic Growth,BATT,Equities,Materials,Energy Transition Materials,Contextual,20,Single contextual evidence source,False,,True,False,Industrial Production,Industrial Demand,Economic-driver text match,1.2
ECONOMIC_GROWTH,Macro,Economic Growth,COPX,Equities,Materials,Metals & Mining,Contextual,20,Single contextual evidence source,False,,True,False,Industrial Production,Industrial Demand,Economic-driver text match,1.2
ECONOMIC_GROWTH,Macro,Economic Growth,CORN,Commodities,Agriculture,Agriculture Commodities,Contextual,20,Single contextual evidence source,False,,True,False,Economic Forecasts | Industrial Production,Global Corn Production | USDA Forecasts,Economic-driver text match,1.2
ECONOMIC_GROWTH,Macro,Economic Growth,CPER,Commodities,Metals,Industrial Metals,Contextual,20,Single contextual evidence source,False,,True,False,Industrial Production,Industrial Metals Demand,Economic-driver text match,1.2
ECONOMIC_GROWTH,Macro,Economic Growth,DBA,Commodities,Agriculture,Agriculture Commodities,Contextual,20,Single contextual evidence source,False,,True,False,Economic Forecasts | Industrial Production,Global Crop Production | USDA Forecasts,Economic-driver text match,1.2
ECONOMIC_GROWTH,Macro,Economic Growth,LITP,Equities,Materials,Energy Transition Materials,Contextual,20,Single contextual evidence source,False,,True,False,Industrial Production,Industrial Demand,Economic-driver text match,1.2
ECONOMIC_GROWTH,Macro,Economic Growth,OIH,Equities,Energy,Oil & Gas Services,Contextual,20,Single contextual evidence source,False,,True,False,Industrial Production,U.S. Production,Economic-driver text match,1.2
ECONOMIC_GROWTH,Macro,Economic Growth,PAVE,Equities,Industrials,Infrastructure,Contextual,20,Single contextual evidence source,False,,True,False,Industrial Production,Industrial Activity,Economic-driver text match,1.2
ECONOMIC_GROWTH,Macro,Economic Growth,SHY,Fixed Income,Treasuries,Short Treasuries,Contextual,20,Single contextual evidence source,True,Economic Growth,False,False,,,37A-to-37B crosswalk,1.2
ECONOMIC_GROWTH,Macro,Economic Growth,SLV,Commodities,Precious Metals,Precious Metals,Contextual,20,Single contextual evidence source,False,,True,False,Industrial Production,Industrial Silver Demand,Economic-driver text match,1.2
ECONOMIC_GROWTH,Macro,Economic Growth,SLX,Equities,Materials,Metals & Mining,Contextual,20,Single contextual evidence source,False,,True,False,Industrial Production,Industrial Demand,Economic-driver text match,1.2
ECONOMIC_GROWTH,Macro,Economic Growth,TIP,Fixed Income,Treasuries,Inflation-Protected Bonds,Contextual,20,Single contextual evidence source,True,Economic Growth,False,False,,,37A-to-37B crosswalk,1.2
ECONOMIC_GROWTH,Macro,Economic Growth,UNG,Commodities,Energy,Energy Commodities,Contextual,20,Single contextual evidence source,False,,True,False,Industrial Production,Production | U.S. Gas Production,Economic-driver text match,1.2
ECONOMIC_GROWTH,Macro,Economic Growth,USO,Commodities,Energy,Energy Commodities,Contextual,20,Single contextual evidence source,False,,True,False,Industrial Production,U.S. Production,Economic-driver text match,1.2
ECONOMIC_GROWTH,Macro,Economic Growth,WEAT,Commodities,Agriculture,Agriculture Commodities,Contextual,20,Single contextual evidence source,False,,True,False,Economic Forecasts | Industrial Production,Global Wheat Production | USDA Forecasts,Economic-driver text match,1.2
ECONOMIC_GROWTH,Macro,Economic Growth,XLB,Equities,Materials,Materials,Contextual,20,Single contextual evidence source,False,,True,False,Industrial Production,Industrial Demand,Economic-driver text match,1.2
ECONOMIC_GROWTH,Macro,Economic Growth,XOP,Equities,Energy,Oil & Gas E&P,Contextual,20,Single contextual evidence source,False,,True,False,Industrial Production,E&P Production Economics | U.S. Oil Production,Economic-driver text match,1.2
ENERGY_DEMAND,Energy,Energy Demand,AMLP,Equities,Energy,Energy Infrastructure,Contextual,40,Multiple contextual evidence sources,True,Energy Demand,True,False,Fuel Demand | Gas Demand | Industrial Demand | Oil Demand,Energy Infrastructure Demand,37A-to-37B crosswalk | Economic-driver text match,1.2
ENERGY_DEMAND,Energy,Energy Demand,BATT,Equities,Materials,Energy Transition Materials,Contextual,40,Multiple contextual evidence sources,True,Commodity Demand,True,False,Fuel Demand | Gas Demand | Industrial Demand | Oil Demand,China Demand | Energy Transition Demand | Industrial Demand,37A-to-37B crosswalk | Economic-driver text match,1.2
ENERGY_DEMAND,Energy,Energy Demand,COPX,Equities,Materials,Metals & Mining,Contextual,40,Multiple contextual evidence sources,True,Commodity Demand,True,False,Fuel Demand | Gas Demand | Industrial Demand | Oil Demand,China Demand | Energy Transition Demand | Industrial Demand,37A-to-37B crosswalk | Economic-driver text match,1.2
ENERGY_DEMAND,Energy,Energy Demand,LITP,Equities,Materials,Energy Transition Materials,Contextual,40,Multiple contextual evidence sources,True,Commodity Demand,True,False,Fuel Demand | Gas Demand | Industrial Demand | Oil Demand,China Demand | Energy Transition Demand | Industrial Demand,37A-to-37B crosswalk | Economic-driver text match,1.2
ENERGY_DEMAND,Energy,Energy Demand,OIH,Equities,Energy,Oil & Gas Services,Contextual,40,Multiple contextual evidence sources,True,Energy Demand,True,True,Oil Demand,Crude Oil Prices,37A-to-37B crosswalk | Economic-driver text match | 37B example exposure,1.2
ENERGY_DEMAND,Energy,Energy Demand,PDBC,Commodities,Broad Commodities,Broad Commodities,Contextual,40,Multiple contextual evidence sources,True,Commodity Demand,True,False,Fuel Demand | Gas Demand | Industrial Demand | Oil Demand,Global Supply / Demand,37A-to-37B crosswalk | Economic-driver text match,1.2
ENERGY_DEMAND,Energy,Energy Demand,SLX,Equities,Materials,Metals & Mining,Contextual,40,Multiple contextual evidence sources,True,Commodity Demand,True,False,Fuel Demand | Gas Demand | Industrial Demand | Oil Demand,China Demand | Energy Transition Demand | Industrial Demand,37A-to-37B crosswalk | Economic-driver text match,1.2
ENERGY_DEMAND,Energy,Energy Demand,UNG,Commodities,Energy,Energy Commodities,Contextual,40,Multiple contextual evidence sources,False,,True,True,Fuel Demand | Gas Demand | Industrial Demand | Oil Demand,LNG Export Demand | Natural Gas Futures | Natural Gas Storage | Power Demand | U.S. Gas Production,Economic-driver text match | 37B example exposure,1.2
ENERGY_DEMAND,Energy,Energy Demand,USO,Commodities,Energy,Energy Commodities,Contextual,40,Multiple contextual evidence sources,True,Energy Demand,True,True,Fuel Demand | Gas Demand | Industrial Demand | Oil Demand,Global Oil Demand | Global Oil Supply | WTI Crude Oil Futures,37A-to-37B crosswalk | Economic-driver text match | 37B example exposure,1.2
ENERGY_DEMAND,Energy,Energy Demand,XLB,Equities,Materials,Materials,Contextual,40,Multiple contextual evidence sources,True,Commodity Demand,True,False,Fuel Demand | Gas Demand | Industrial Demand | Oil Demand,China Demand | Energy Transition Demand | Industrial Demand,37A-to-37B crosswalk | Economic-driver text match,1.2
ENERGY_DEMAND,Energy,Energy Demand,XLE,Equities,Energy,Energy,Contextual,40,Multiple contextual evidence sources,True,Energy Demand,True,True,Fuel Demand | Gas Demand | Industrial Demand | Oil Demand,Crude Oil Prices | Energy Demand,37A-to-37B crosswalk | Economic-driver text match | 37B example exposure,1.2
ENERGY_DEMAND,Energy,Energy Demand,XOP,Equities,Energy,Oil & Gas E&P,Contextual,40,Multiple contextual evidence sources,True,Energy Demand,True,True,Oil Demand,Crude Oil Prices | U.S. Oil Production,37A-to-37B crosswalk | Economic-driver text match | 37B example exposure,1.2
ENERGY_DEMAND,Energy,Energy Demand,AIRR,Equities,Industrials,Industrial Reshoring,Contextual,20,Single contextual evidence source,False,,True,False,Fuel Demand | Gas Demand | Industrial Demand | Oil Demand,Industrial Activity | Transportation Demand,Economic-driver text match,1.2
ENERGY_DEMAND,Energy,Energy Demand,ARKG,Equities,Health Care,Biotech & Genomics,Contextual,20,Single contextual evidence source,False,,True,False,Fuel Demand | Gas Demand | Industrial Demand | Oil Demand,Drug / Therapy Demand,Economic-driver text match,1.2
ENERGY_DEMAND,Energy,Energy Demand,AWAY,Equities,Consumer Discretionary,Travel & Leisure,Contextual,20,Single contextual evidence source,False,,True,False,Fuel Demand | Gas Demand | Industrial Demand | Oil Demand,E-Commerce Demand | Travel Demand,Economic-driver text match,1.2
ENERGY_DEMAND,Energy,Energy Demand,BETZ,Equities,Consumer Discretionary,Gaming & Betting,Contextual,20,Single contextual evidence source,False,,True,False,Fuel Demand | Gas Demand | Industrial Demand | Oil Demand,E-Commerce Demand | Travel Demand,Economic-driver text match,1.2
ENERGY_DEMAND,Energy,Energy Demand,CORN,Commodities,Agriculture,Agriculture Commodities,Contextual,20,Single contextual evidence source,False,,True,False,Fuel Demand | Gas Demand | Industrial Demand | Oil Demand,Ethanol Demand | Export Demand,Economic-driver text match,1.2
ENERGY_DEMAND,Energy,Energy Demand,CPER,Commodities,Metals,Industrial Metals,Contextual,20,Single contextual evidence source,False,,True,False,Fuel Demand | Gas Demand | Industrial Demand | Oil Demand,China Demand | Energy Transition Demand | Industrial Metals Demand,Economic-driver text match,1.2
ENERGY_DEMAND,Energy,Energy Demand,DBA,Commodities,Agriculture,Agriculture Commodities,Contextual,20,Single contextual evidence source,False,,True,False,Fuel Demand | Gas Demand | Industrial Demand | Oil Demand,Agricultural Demand | Export Demand,Economic-driver text match,1.2
ENERGY_DEMAND,Energy,Energy Demand,DRAM,Equities,Technology,Semiconductors,Contextual,20,Single contextual evidence source,False,,True,False,Fuel Demand | Gas Demand | Industrial Demand | Oil Demand,AI Infrastructure Demand | HBM Demand | PC Demand | Smartphone Demand,Economic-driver text match,1.2
ENERGY_DEMAND,Energy,Energy Demand,ETHE,Digital Assets,Crypto,Crypto Assets,Contextual,20,Single contextual evidence source,False,,True,False,Fuel Demand | Gas Demand | Industrial Demand | Oil Demand,Ethereum Spot Demand,Economic-driver text match,1.2
ENERGY_DEMAND,Energy,Energy Demand,GLD,Commodities,Precious Metals,Precious Metals,Contextual,20,Single contextual evidence source,False,,True,False,Fuel Demand | Gas Demand | Industrial Demand | Oil Demand,Central Bank Demand | Central Bank Gold Demand | Physical Demand | Safe-Haven Demand,Economic-driver text match,1.2
ENERGY_DEMAND,Energy,Energy Demand,IBB,Equities,Health Care,Biotechnology,Contextual,20,Single contextual evidence source,False,,True,False,Fuel Demand | Gas Demand | Industrial Demand | Oil Demand,Drug / Therapy Demand,Economic-driver text match,1.2
ENERGY_DEMAND,Energy,Energy Demand,IBIT,Digital Assets,Crypto,Crypto Assets,Contextual,20,Single contextual evidence source,False,,True,False,Fuel Demand | Gas Demand | Industrial Demand | Oil Demand,Bitcoin Spot Demand,Economic-driver text match,1.2
ENERGY_DEMAND,Energy,Energy Demand,IEF,Fixed Income,Treasuries,Intermediate Treasuries,Contextual,20,Single contextual evidence source,False,,True,False,Fuel Demand | Gas Demand | Industrial Demand | Oil Demand,Safe-Haven Demand,Economic-driver text match,1.2
ENERGY_DEMAND,Energy,Energy Demand,ITA,Equities,Industrials,Aerospace & Defense,Contextual,20,Single contextual evidence source,False,,True,False,Fuel Demand | Gas Demand | Industrial Demand | Oil Demand,Aircraft Demand | Geopolitical Security Demand,Economic-driver text match,1.2
ENERGY_DEMAND,Energy,Energy Demand,ONLN,Equities,Consumer Discretionary,E-Commerce,Contextual,20,Single contextual evidence source,False,,True,False,Fuel Demand | Gas Demand | Industrial Demand | Oil Demand,E-Commerce Demand | Travel Demand,Economic-driver text match,1.2
ENERGY_DEMAND,Energy,Energy Demand,PAVE,Equities,Industrials,Infrastructure,Contextual,20,Single contextual evidence source,False,,True,False,Fuel Demand | Gas Demand | Industrial Demand | Oil Demand,Industrial Activity | Transportation Demand,Economic-driver text match,1.2
ENERGY_DEMAND,Energy,Energy Demand,PEJ,Equities,Consumer Discretionary,Travel & Leisure,Contextual,20,Single contextual evidence source,False,,True,False,Fuel Demand | Gas Demand | Industrial Demand | Oil Demand,E-Commerce Demand | Travel Demand,Economic-driver text match,1.2
ENERGY_DEMAND,Energy,Energy Demand,PPH,Equities,Health Care,Pharmaceuticals,Contextual,20,Single contextual evidence source,False,,True,False,Fuel Demand | Gas Demand | Industrial Demand | Oil Demand,Drug / Therapy Demand,Economic-driver text match,1.2
ENERGY_DEMAND,Energy,Energy Demand,REZ,Equities,Real Estate,Real Estate,Contextual,20,Single contextual evidence source,False,,True,False,Fuel Demand | Gas Demand | Industrial Demand | Oil Demand,Property Demand,Economic-driver text match,1.2
ENERGY_DEMAND,Energy,Energy Demand,SHY,Fixed Income,Treasuries,Short Treasuries,Contextual,20,Single contextual evidence source,False,,True,False,Fuel Demand | Gas Demand | Industrial Demand | Oil Demand,Safe-Haven Demand,Economic-driver text match,1.2
ENERGY_DEMAND,Energy,Energy Demand,SLV,Commodities,Precious Metals,Precious Metals,Contextual,20,Single contextual evidence source,False,,True,False,Fuel Demand | Gas Demand | Industrial Demand | Oil Demand,Industrial Silver Demand | Precious Metals Demand | Solar / Electronics Demand,Economic-driver text match,1.2
ENERGY_DEMAND,Energy,Energy Demand,SMH,Equities,Technology,Semiconductors,Contextual,20,Single contextual evidence source,False,,True,False,Fuel Demand | Gas Demand | Industrial Demand | Oil Demand,AI Infrastructure Demand | Consumer Electronics Demand | Semiconductor Demand,Economic-driver text match,1.2
ENERGY_DEMAND,Energy,Energy Demand,SOXX,Equities,Technology,Semiconductors,Contextual,20,Single contextual evidence source,False,,True,False,Fuel Demand | Gas Demand | Industrial Demand | Oil Demand,AI Infrastructure Demand | Consumer Electronics Demand | Semiconductor Demand,Economic-driver text match,1.2
ENERGY_DEMAND,Energy,Energy Demand,SRVR,Equities,Real Estate,Digital Infrastructure,Contextual,20,Single contextual evidence source,False,,True,False,Fuel Demand | Gas Demand | Industrial Demand | Oil Demand,Data Center Demand,Economic-driver text match,1.2
ENERGY_DEMAND,Energy,Energy Demand,TIP,Fixed Income,Treasuries,Inflation-Protected Bonds,Contextual,20,Single contextual evidence source,False,,True,False,Fuel Demand | Gas Demand | Industrial Demand | Oil Demand,Safe-Haven Demand,Economic-driver text match,1.2
ENERGY_DEMAND,Energy,Energy Demand,TLT,Fixed Income,Treasuries,Long Treasuries,Contextual,20,Single contextual evidence source,False,,True,False,Fuel Demand | Gas Demand | Industrial Demand | Oil Demand,Safe-Haven Demand,Economic-driver text match,1.2
ENERGY_DEMAND,Energy,Energy Demand,UUP,Currencies,U.S. Dollar,Currencies,Contextual,20,Single contextual evidence source,False,,True,False,Fuel Demand | Gas Demand | Industrial Demand | Oil Demand,Safe-Haven Demand | Safe-Haven Dollar Demand,Economic-driver text match,1.2
ENERGY_DEMAND,Energy,Energy Demand,VIXY,Volatility,Equity Volatility,Volatility,Contextual,20,Single contextual evidence source,False,,True,False,Fuel Demand | Gas Demand | Industrial Demand | Oil Demand,Options Demand,Economic-driver text match,1.2
ENERGY_DEMAND,Energy,Energy Demand,VNQ,Equities,Real Estate,Real Estate,Contextual,20,Single contextual evidence source,False,,True,False,Fuel Demand | Gas Demand | Industrial Demand | Oil Demand,Property Demand,Economic-driver text match,1.2
ENERGY_DEMAND,Energy,Energy Demand,XBI,Equities,Health Care,Biotechnology,Contextual,20,Single contextual evidence source,False,,True,False,Fuel Demand | Gas Demand | Industrial Demand | Oil Demand,Drug / Therapy Demand,Economic-driver text match,1.2
ENERGY_DEMAND,Energy,Energy Demand,XLC,Equities,Communication Services,Communication Services,Contextual,20,Single contextual evidence source,False,,True,False,Fuel Demand | Gas Demand | Industrial Demand | Oil Demand,Advertising Demand,Economic-driver text match,1.2
ENERGY_DEMAND,Energy,Energy Demand,XLI,Equities,Industrials,Industrials,Contextual,20,Single contextual evidence source,False,,True,False,Fuel Demand | Gas Demand | Industrial Demand | Oil Demand,Industrial Activity | Transportation Demand,Economic-driver text match,1.2
ENERGY_DEMAND,Energy,Energy Demand,XLP,Equities,Consumer Staples,Consumer Staples,Contextual,20,Single contextual evidence source,False,,True,False,Fuel Demand | Gas Demand | Industrial Demand | Oil Demand,Defensive Consumer Demand,Economic-driver text match,1.2
ENERGY_DEMAND,Energy,Energy Demand,XLRE,Equities,Real Estate,Real Estate,Contextual,20,Single contextual evidence source,False,,True,False,Fuel Demand | Gas Demand | Industrial Demand | Oil Demand,Property Demand,Economic-driver text match,1.2
ENERGY_DEMAND,Energy,Energy Demand,XLU,Equities,Utilities,Utilities,Contextual,20,Single contextual evidence source,False,,True,False,Fuel Demand | Gas Demand | Industrial Demand | Oil Demand,Data Center Power Demand | Electricity Demand,Economic-driver text match,1.2
ENERGY_DEMAND,Energy,Energy Demand,XLV,Equities,Health Care,Health Care,Contextual,20,Single contextual evidence source,False,,True,False,Fuel Demand | Gas Demand | Industrial Demand | Oil Demand,Drug / Therapy Demand,Economic-driver text match,1.2
ENERGY_DEMAND,Energy,Energy Demand,XLY,Equities,Consumer Discretionary,Consumer Discretionary,Contextual,20,Single contextual evidence source,False,,True,False,Fuel Demand | Gas Demand | Industrial Demand | Oil Demand,E-Commerce Demand | Travel Demand,Economic-driver text match,1.2
ENERGY_SUPPLY,Energy,Energy Supply,BATT,Equities,Materials,Energy Transition Materials,Contextual,40,Multiple contextual evidence sources,True,Commodity Supply,True,False,Infrastructure | Supply Disruption,Infrastructure Spending | Mine / Material Supply,37A-to-37B crosswalk | Economic-driver text match,1.2
ENERGY_SUPPLY,Energy,Energy Supply,COPX,Equities,Materials,Metals & Mining,Contextual,40,Multiple contextual evidence sources,True,Commodity Supply,True,False,Infrastructure | Supply Disruption,Infrastructure Spending | Mine / Material Supply,37A-to-37B crosswalk | Economic-driver text match,1.2
ENERGY_SUPPLY,Energy,Energy Supply,LITP,Equities,Materials,Energy Transition Materials,Contextual,40,Multiple contextual evidence sources,True,Commodity Supply,True,False,Infrastructure | Supply Disruption,Infrastructure Spending | Mine / Material Supply,37A-to-37B crosswalk | Economic-driver text match,1.2
ENERGY_SUPPLY,Energy,Energy Supply,SLX,Equities,Materials,Metals & Mining,Contextual,40,Multiple contextual evidence sources,True,Commodity Supply,True,False,Infrastructure | Supply Disruption,Infrastructure Spending | Mine / Material Supply,37A-to-37B crosswalk | Economic-driver text match,1.2
ENERGY_SUPPLY,Energy,Energy Supply,UNG,Commodities,Energy,Energy Commodities,Contextual,40,Multiple contextual evidence sources,False,,True,True,Exports | Production,LNG Exports | Production | U.S. Gas Production,Economic-driver text match | 37B example exposure,1.2
ENERGY_SUPPLY,Energy,Energy Supply,XLB,Equities,Materials,Materials,Contextual,40,Multiple contextual evidence sources,True,Commodity Supply,True,False,Infrastructure | Supply Disruption,Infrastructure Spending | Mine / Material Supply,37A-to-37B crosswalk | Economic-driver text match,1.2
ENERGY_SUPPLY,Energy,Energy Supply,AIRR,Equities,Industrials,Industrial Reshoring,Contextual,20,Single contextual evidence source,False,,True,False,Infrastructure,Infrastructure Spending,Economic-driver text match,1.2
ENERGY_SUPPLY,Energy,Energy Supply,CORN,Commodities,Agriculture,Agriculture Commodities,Contextual,20,Single contextual evidence source,False,,True,False,Production | Supply Disruption,Corn Supply | Global Corn Production,Economic-driver text match,1.2
ENERGY_SUPPLY,Energy,Energy Supply,CPER,Commodities,Metals,Industrial Metals,Contextual,20,Single contextual evidence source,False,,True,False,Infrastructure | Supply Disruption,Infrastructure Spending | Mine Supply,Economic-driver text match,1.2
ENERGY_SUPPLY,Energy,Energy Supply,DBA,Commodities,Agriculture,Agriculture Commodities,Contextual,20,Single contextual evidence source,False,,True,False,Production | Supply Disruption,Agricultural Supply | Global Crop Production,Economic-driver text match,1.2
ENERGY_SUPPLY,Energy,Energy Supply,DRAM,Equities,Technology,Semiconductors,Contextual,20,Single contextual evidence source,False,,True,False,Infrastructure | Supply Disruption,AI Infrastructure Demand | Memory Supply Discipline,Economic-driver text match,1.2
ENERGY_SUPPLY,Energy,Energy Supply,IEF,Fixed Income,Treasuries,Intermediate Treasuries,Contextual,20,Single contextual evidence source,False,,True,False,Supply Disruption,Treasury Supply,Economic-driver text match,1.2
ENERGY_SUPPLY,Energy,Energy Supply,PAVE,Equities,Industrials,Infrastructure,Contextual,20,Single contextual evidence source,False,,True,False,Infrastructure,Infrastructure Spending,Economic-driver text match,1.2
ENERGY_SUPPLY,Energy,Energy Supply,SHY,Fixed Income,Treasuries,Short Treasuries,Contextual,20,Single contextual evidence source,False,,True,False,Supply Disruption,Treasury Supply,Economic-driver text match,1.2
ENERGY_SUPPLY,Energy,Energy Supply,SLV,Commodities,Precious Metals,Precious Metals,Contextual,20,Single contextual evidence source,False,,True,False,Supply Disruption,Mine Supply,Economic-driver text match,1.2
ENERGY_SUPPLY,Energy,Energy Supply,SMH,Equities,Technology,Semiconductors,Contextual,20,Single contextual evidence source,False,,True,False,Infrastructure,AI Infrastructure Demand,Economic-driver text match,1.2
ENERGY_SUPPLY,Energy,Energy Supply,SOXX,Equities,Technology,Semiconductors,Contextual,20,Single contextual evidence source,False,,True,False,Infrastructure,AI Infrastructure Demand,Economic-driver text match,1.2
ENERGY_SUPPLY,Energy,Energy Supply,SRVR,Equities,Real Estate,Digital Infrastructure,Contextual,20,Single contextual evidence source,False,,True,False,Infrastructure,AI Infrastructure Buildout | Digital Infrastructure Investment,Economic-driver text match,1.2
ENERGY_SUPPLY,Energy,Energy Supply,TIP,Fixed Income,Treasuries,Inflation-Protected Bonds,Contextual,20,Single contextual evidence source,False,,True,False,Supply Disruption,Treasury Supply,Economic-driver text match,1.2
ENERGY_SUPPLY,Energy,Energy Supply,TLT,Fixed Income,Treasuries,Long Treasuries,Contextual,20,Single contextual evidence source,False,,True,False,Supply Disruption,Treasury Supply,Economic-driver text match,1.2
ENERGY_SUPPLY,Energy,Energy Supply,WEAT,Commodities,Agriculture,Agriculture Commodities,Contextual,20,Single contextual evidence source,False,,True,False,Production | Supply Disruption,Black Sea Supply | Global Wheat Production | Wheat Supply,Economic-driver text match,1.2
ENERGY_SUPPLY,Energy,Energy Supply,XLI,Equities,Industrials,Industrials,Contextual,20,Single contextual evidence source,False,,True,False,Infrastructure,Infrastructure Spending,Economic-driver text match,1.2
ENERGY_WEATHER,Energy,Energy Weather,CORN,Commodities,Agriculture,Agriculture Commodities,Contextual,40,Multiple contextual evidence sources,True,Weather,True,False,Extreme Weather,Weather,37A-to-37B crosswalk | Economic-driver text match,1.2
ENERGY_WEATHER,Energy,Energy Weather,DBA,Commodities,Agriculture,Agriculture Commodities,Contextual,40,Multiple contextual evidence sources,True,Weather,True,False,Extreme Weather,Weather,37A-to-37B crosswalk | Economic-driver text match,1.2
ENERGY_WEATHER,Energy,Energy Weather,WEAT,Commodities,Agriculture,Agriculture Commodities,Contextual,40,Multiple contextual evidence sources,True,Weather,True,False,Extreme Weather,Weather,37A-to-37B crosswalk | Economic-driver text match,1.2
ENERGY_WEATHER,Energy,Energy Weather,XLU,Equities,Utilities,Utilities,Contextual,40,Multiple contextual evidence sources,True,Weather,True,True,Extreme Weather,Weather,37A-to-37B crosswalk | Economic-driver text match | 37B example exposure,1.2
ETHANOL_DEMAND,Agriculture,Ethanol Demand,DBA,Commodities,Agriculture,Agriculture Commodities,Contextual,40,Multiple contextual evidence sources,True,Agriculture Demand,True,False,Biofuel Policy | Ethanol Production,Global Crop Production | Trade Policy,37A-to-37B crosswalk | Economic-driver text match,1.2
ETHANOL_DEMAND,Agriculture,Ethanol Demand,AMLP,Equities,Energy,Energy Infrastructure,Contextual,20,Single contextual evidence source,False,,True,False,Ethanol Production,Energy Production,Economic-driver text match,1.2
ETHANOL_DEMAND,Agriculture,Ethanol Demand,ARKG,Equities,Health Care,Biotech & Genomics,Contextual,20,Single contextual evidence source,False,,True,False,Biofuel Policy,Pricing Policy,Economic-driver text match,1.2
ETHANOL_DEMAND,Agriculture,Ethanol Demand,IBB,Equities,Health Care,Biotechnology,Contextual,20,Single contextual evidence source,False,,True,False,Biofuel Policy,Pricing Policy,Economic-driver text match,1.2
ETHANOL_DEMAND,Agriculture,Ethanol Demand,OIH,Equities,Energy,Oil & Gas Services,Contextual,20,Single contextual evidence source,False,,True,False,Biofuel Policy | Ethanol Production,OPEC+ Policy | U.S. Production,Economic-driver text match,1.2
ETHANOL_DEMAND,Agriculture,Ethanol Demand,PPH,Equities,Health Care,Pharmaceuticals,Contextual,20,Single contextual evidence source,False,,True,False,Biofuel Policy,Pricing Policy,Economic-driver text match,1.2
ETHANOL_DEMAND,Agriculture,Ethanol Demand,SHY,Fixed Income,Treasuries,Short Treasuries,Contextual,20,Single contextual evidence source,False,,True,False,Biofuel Policy,Federal Reserve Policy,Economic-driver text match,1.2
ETHANOL_DEMAND,Agriculture,Ethanol Demand,UNG,Commodities,Energy,Energy Commodities,Contextual,20,Single contextual evidence source,False,,True,False,Ethanol Production,Production | U.S. Gas Production,Economic-driver text match,1.2
ETHANOL_DEMAND,Agriculture,Ethanol Demand,USO,Commodities,Energy,Energy Commodities,Contextual,20,Single contextual evidence source,False,,True,False,Biofuel Policy | Ethanol Production,OPEC+ Policy | U.S. Production,Economic-driver text match,1.2
ETHANOL_DEMAND,Agriculture,Ethanol Demand,UUP,Currencies,U.S. Dollar,Currencies,Contextual,20,Single contextual evidence source,False,,True,False,Biofuel Policy,Foreign Central Bank Policy,Economic-driver text match,1.2
ETHANOL_DEMAND,Agriculture,Ethanol Demand,WEAT,Commodities,Agriculture,Agriculture Commodities,Contextual,20,Single contextual evidence source,False,,True,False,Ethanol Production,Global Wheat Production,Economic-driver text match,1.2
ETHANOL_DEMAND,Agriculture,Ethanol Demand,XBI,Equities,Health Care,Biotechnology,Contextual,20,Single contextual evidence source,False,,True,False,Biofuel Policy,Pricing Policy,Economic-driver text match,1.2
ETHANOL_DEMAND,Agriculture,Ethanol Demand,XLE,Equities,Energy,Energy,Contextual,20,Single contextual evidence source,False,,True,False,Biofuel Policy | Ethanol Production,OPEC+ Policy | U.S. Production,Economic-driver text match,1.2
ETHANOL_DEMAND,Agriculture,Ethanol Demand,XLV,Equities,Health Care,Health Care,Contextual,20,Single contextual evidence source,False,,True,False,Biofuel Policy,Pricing Policy,Economic-driver text match,1.2
ETHANOL_DEMAND,Agriculture,Ethanol Demand,XOP,Equities,Energy,Oil & Gas E&P,Contextual,20,Single contextual evidence source,False,,True,False,Biofuel Policy | Ethanol Production,E&P Production Economics | OPEC+ Supply Policy | Regulatory Policy | U.S. Oil Production,Economic-driver text match,1.2
FDA_REGULATORY,Health Care,FDA / Health Regulation,ARKG,Equities,Health Care,Biotech & Genomics,Contextual,40,Multiple contextual evidence sources,True,FDA,True,False,Health Policy,Health Care Earnings | Pricing Policy,37A-to-37B crosswalk | Economic-driver text match,1.2
FDA_REGULATORY,Health Care,FDA / Health Regulation,IBB,Equities,Health Care,Biotechnology,Contextual,40,Multiple contextual evidence sources,True,FDA,True,False,Health Policy,Health Care Earnings | Pricing Policy,37A-to-37B crosswalk | Economic-driver text match,1.2
FDA_REGULATORY,Health Care,FDA / Health Regulation,PPH,Equities,Health Care,Pharmaceuticals,Contextual,40,Multiple contextual evidence sources,True,FDA,True,False,Health Policy,Health Care Earnings | Pricing Policy,37A-to-37B crosswalk | Economic-driver text match,1.2
FDA_REGULATORY,Health Care,FDA / Health Regulation,XBI,Equities,Health Care,Biotechnology,Contextual,40,Multiple contextual evidence sources,True,FDA,True,True,Health Policy,Health Care Earnings | Pricing Policy,37A-to-37B crosswalk | Economic-driver text match | 37B example exposure,1.2
FDA_REGULATORY,Health Care,FDA / Health Regulation,XLV,Equities,Health Care,Health Care,Contextual,40,Multiple contextual evidence sources,True,FDA,True,True,Health Policy,Health Care Earnings | Pricing Policy,37A-to-37B crosswalk | Economic-driver text match | 37B example exposure,1.2
FDA_REGULATORY,Health Care,FDA / Health Regulation,DBA,Commodities,Agriculture,Agriculture Commodities,Contextual,20,Single contextual evidence source,False,,True,False,Health Policy,Trade Policy,Economic-driver text match,1.2
FDA_REGULATORY,Health Care,FDA / Health Regulation,ETHE,Digital Assets,Crypto,Crypto Assets,Contextual,20,Single contextual evidence source,False,,True,False,Regulation,Regulation,Economic-driver text match,1.2
FDA_REGULATORY,Health Care,FDA / Health Regulation,IAI,Equities,Financials,Capital Markets,Contextual,20,Single contextual evidence source,False,,True,False,Regulation,Regulation,Economic-driver text match,1.2
FDA_REGULATORY,Health Care,FDA / Health Regulation,IBIT,Digital Assets,Crypto,Crypto Assets,Contextual,20,Single contextual evidence source,False,,True,False,Regulation,Regulation,Economic-driver text match,1.2
FDA_REGULATORY,Health Care,FDA / Health Regulation,KBE,Equities,Financials,Banking,Contextual,20,Single contextual evidence source,False,,True,False,Regulation,Regulation,Economic-driver text match,1.2
FDA_REGULATORY,Health Care,FDA / Health Regulation,KBWD,Equities,Financials,Financial Income,Contextual,20,Single contextual evidence source,False,,True,False,Regulation,Regulation,Economic-driver text match,1.2
FDA_REGULATORY,Health Care,FDA / Health Regulation,KRE,Equities,Financials,Banking,Contextual,20,Single contextual evidence source,False,,True,False,Regulation,Regulation,Economic-driver text match,1.2
FDA_REGULATORY,Health Care,FDA / Health Regulation,OIH,Equities,Energy,Oil & Gas Services,Contextual,20,Single contextual evidence source,False,,True,False,Health Policy,OPEC+ Policy,Economic-driver text match,1.2
FDA_REGULATORY,Health Care,FDA / Health Regulation,SHY,Fixed Income,Treasuries,Short Treasuries,Contextual,20,Single contextual evidence source,False,,True,False,Health Policy,Federal Reserve Policy,Economic-driver text match,1.2
FDA_REGULATORY,Health Care,FDA / Health Regulation,USO,Commodities,Energy,Energy Commodities,Contextual,20,Single contextual evidence source,False,,True,False,Health Policy,OPEC+ Policy,Economic-driver text match,1.2
FDA_REGULATORY,Health Care,FDA / Health Regulation,UUP,Currencies,U.S. Dollar,Currencies,Contextual,20,Single contextual evidence source,False,,True,False,Health Policy,Foreign Central Bank Policy,Economic-driver text match,1.2
FDA_REGULATORY,Health Care,FDA / Health Regulation,XLE,Equities,Energy,Energy,Contextual,20,Single contextual evidence source,False,,True,False,Health Policy,OPEC+ Policy,Economic-driver text match,1.2
FDA_REGULATORY,Health Care,FDA / Health Regulation,XLF,Equities,Financials,Financials,Contextual,20,Single contextual evidence source,False,,True,False,Regulation,Regulation,Economic-driver text match,1.2
FDA_REGULATORY,Health Care,FDA / Health Regulation,XOP,Equities,Energy,Oil & Gas E&P,Contextual,20,Single contextual evidence source,False,,True,False,Health Policy,OPEC+ Supply Policy | Regulatory Policy,Economic-driver text match,1.2
FED_POLICY,Macro,Federal Reserve Policy,GLD,Commodities,Precious Metals,Precious Metals,Contextual,40,Multiple contextual evidence sources,True,Federal Reserve,True,True,Fed Funds Expectations,Inflation Expectations,37A-to-37B crosswalk | Economic-driver text match | 37B example exposure,1.2
FED_POLICY,Macro,Federal Reserve Policy,IEF,Fixed Income,Treasuries,Intermediate Treasuries,Contextual,40,Multiple contextual evidence sources,True,Federal Reserve,True,True,Fed Funds Expectations,Fiscal Expectations | Inflation Expectations,37A-to-37B crosswalk | Economic-driver text match | 37B example exposure,1.2
FED_POLICY,Macro,Federal Reserve Policy,QQQ,Equities,Broad Market,Large Cap Growth,Contextual,40,Multiple contextual evidence sources,True,Federal Reserve,False,True,,,37A-to-37B crosswalk | 37B example exposure,1.2
FED_POLICY,Macro,Federal Reserve Policy,SHY,Fixed Income,Treasuries,Short Treasuries,Contextual,40,Multiple contextual evidence sources,True,Federal Reserve,True,True,Fed Funds Expectations | Policy Rate,Fed Funds Expectations | Federal Reserve Policy | Fiscal Expectations,37A-to-37B crosswalk | Economic-driver text match | 37B example exposure,1.2
FED_POLICY,Macro,Federal Reserve Policy,SPY,Equities,Broad Market,Large Cap U.S.,Contextual,40,Multiple contextual evidence sources,True,Federal Reserve,False,True,,,37A-to-37B crosswalk | 37B example exposure,1.2
FED_POLICY,Macro,Federal Reserve Policy,TIP,Fixed Income,Treasuries,Inflation-Protected Bonds,Contextual,40,Multiple contextual evidence sources,True,Federal Reserve,True,False,Fed Funds Expectations,Fiscal Expectations | Inflation Expectations,37A-to-37B crosswalk | Economic-driver text match,1.2
FED_POLICY,Macro,Federal Reserve Policy,TLT,Fixed Income,Treasuries,Long Treasuries,Contextual,40,Multiple contextual evidence sources,True,Federal Reserve,True,True,Fed Funds Expectations,Fiscal Expectations | Inflation Expectations,37A-to-37B crosswalk | Economic-driver text match | 37B example exposure,1.2
FED_POLICY,Macro,Federal Reserve Policy,UUP,Currencies,U.S. Dollar,Currencies,Contextual,40,Multiple contextual evidence sources,True,Central Banks | Federal Reserve,True,True,Policy Rate,Foreign Central Bank Policy | U.S. Rate Differentials,37A-to-37B crosswalk | Economic-driver text match | 37B example exposure,1.2
FED_POLICY,Macro,Federal Reserve Policy,AIQ,Equities,Technology,AI & Automation,Contextual,20,Single contextual evidence source,True,Federal Reserve,False,False,,,37A-to-37B crosswalk,1.2
FED_POLICY,Macro,Federal Reserve Policy,ARKG,Equities,Health Care,Biotech & Genomics,Contextual,20,Single contextual evidence source,False,,True,False,Policy Rate,Pricing Policy,Economic-driver text match,1.2
FED_POLICY,Macro,Federal Reserve Policy,BOTZ,Equities,Technology,AI & Automation,Contextual,20,Single contextual evidence source,True,Federal Reserve,False,False,,,37A-to-37B crosswalk,1.2
FED_POLICY,Macro,Federal Reserve Policy,DBA,Commodities,Agriculture,Agriculture Commodities,Contextual,20,Single contextual evidence source,False,,True,False,Policy Rate,Trade Policy,Economic-driver text match,1.2
FED_POLICY,Macro,Federal Reserve Policy,DIA,Equities,Broad Market,Large Cap U.S.,Contextual,20,Single contextual evidence source,True,Federal Reserve,False,False,,,37A-to-37B crosswalk,1.2
FED_POLICY,Macro,Federal Reserve Policy,IAI,Equities,Financials,Capital Markets,Contextual,20,Single contextual evidence source,True,Federal Reserve,False,False,,,37A-to-37B crosswalk,1.2
FED_POLICY,Macro,Federal Reserve Policy,IBB,Equities,Health Care,Biotechnology,Contextual,20,Single contextual evidence source,False,,True,False,Policy Rate,Pricing Policy,Economic-driver text match,1.2
FED_POLICY,Macro,Federal Reserve Policy,IGV,Equities,Technology,Software,Contextual,20,Single contextual evidence source,True,Federal Reserve,False,False,,,37A-to-37B crosswalk,1.2
FED_POLICY,Macro,Federal Reserve Policy,IWM,Equities,Broad Market,Small Cap U.S.,Contextual,20,Single contextual evidence source,True,Federal Reserve,False,False,,,37A-to-37B crosswalk,1.2
FED_POLICY,Macro,Federal Reserve Policy,KBE,Equities,Financials,Banking,Contextual,20,Single contextual evidence source,True,Federal Reserve,False,False,,,37A-to-37B crosswalk,1.2
FED_POLICY,Macro,Federal Reserve Policy,KBWD,Equities,Financials,Financial Income,Contextual,20,Single contextual evidence source,True,Federal Reserve,False,False,,,37A-to-37B crosswalk,1.2
FED_POLICY,Macro,Federal Reserve Policy,KRE,Equities,Financials,Banking,Contextual,20,Single contextual evidence source,True,Federal Reserve,False,False,,,37A-to-37B crosswalk,1.2
FED_POLICY,Macro,Federal Reserve Policy,OIH,Equities,Energy,Oil & Gas Services,Contextual,20,Single contextual evidence source,False,,True,False,Policy Rate,OPEC+ Policy,Economic-driver text match,1.2
FED_POLICY,Macro,Federal Reserve Policy,PPH,Equities,Health Care,Pharmaceuticals,Contextual,20,Single contextual evidence source,False,,True,False,Policy Rate,Pricing Policy,Economic-driver text match,1.2
FED_POLICY,Macro,Federal Reserve Policy,REZ,Equities,Real Estate,Real Estate,Contextual,20,Single contextual evidence source,True,Federal Reserve,False,False,,,37A-to-37B crosswalk,1.2
FED_POLICY,Macro,Federal Reserve Policy,RSP,Equities,Broad Market,Large Cap U.S.,Contextual,20,Single contextual evidence source,True,Federal Reserve,False,False,,,37A-to-37B crosswalk,1.2
FED_POLICY,Macro,Federal Reserve Policy,SKYY,Equities,Technology,Cloud & Software,Contextual,20,Single contextual evidence source,True,Federal Reserve,False,False,,,37A-to-37B crosswalk,1.2
FED_POLICY,Macro,Federal Reserve Policy,SLV,Commodities,Precious Metals,Precious Metals,Contextual,20,Single contextual evidence source,True,Federal Reserve,False,False,,,37A-to-37B crosswalk,1.2
FED_POLICY,Macro,Federal Reserve Policy,SRVR,Equities,Real Estate,Digital Infrastructure,Contextual,20,Single contextual evidence source,True,Federal Reserve,False,False,,,37A-to-37B crosswalk,1.2
FED_POLICY,Macro,Federal Reserve Policy,USO,Commodities,Energy,Energy Commodities,Contextual,20,Single contextual evidence source,False,,True,False,Policy Rate,OPEC+ Policy,Economic-driver text match,1.2
FED_POLICY,Macro,Federal Reserve Policy,VIXY,Volatility,Equity Volatility,Volatility,Contextual,20,Single contextual evidence source,True,Federal Reserve,False,False,,,37A-to-37B crosswalk,1.2
FED_POLICY,Macro,Federal Reserve Policy,VNQ,Equities,Real Estate,Real Estate,Contextual,20,Single contextual evidence source,True,Federal Reserve,False,False,,,37A-to-37B crosswalk,1.2
FED_POLICY,Macro,Federal Reserve Policy,VOO,Equities,Broad Market,Large Cap U.S.,Contextual,20,Single contextual evidence source,True,Federal Reserve,False,False,,,37A-to-37B crosswalk,1.2
FED_POLICY,Macro,Federal Reserve Policy,XBI,Equities,Health Care,Biotechnology,Contextual,20,Single contextual evidence source,False,,True,False,Policy Rate,Pricing Policy,Economic-driver text match,1.2
FED_POLICY,Macro,Federal Reserve Policy,XLE,Equities,Energy,Energy,Contextual,20,Single contextual evidence source,False,,True,False,Policy Rate,OPEC+ Policy,Economic-driver text match,1.2
FED_POLICY,Macro,Federal Reserve Policy,XLF,Equities,Financials,Financials,Contextual,20,Single contextual evidence source,True,Federal Reserve,False,False,,,37A-to-37B crosswalk,1.2
FED_POLICY,Macro,Federal Reserve Policy,XLK,Equities,Technology,Technology,Contextual,20,Single contextual evidence source,True,Federal Reserve,False,False,,,37A-to-37B crosswalk,1.2
FED_POLICY,Macro,Federal Reserve Policy,XLRE,Equities,Real Estate,Real Estate,Contextual,20,Single contextual evidence source,True,Federal Reserve,False,False,,,37A-to-37B crosswalk,1.2
FED_POLICY,Macro,Federal Reserve Policy,XLU,Equities,Utilities,Utilities,Contextual,20,Single contextual evidence source,True,Federal Reserve,False,False,,,37A-to-37B crosswalk,1.2
FED_POLICY,Macro,Federal Reserve Policy,XLV,Equities,Health Care,Health Care,Contextual,20,Single contextual evidence source,False,,True,False,Policy Rate,Pricing Policy,Economic-driver text match,1.2
FED_POLICY,Macro,Federal Reserve Policy,XOP,Equities,Energy,Oil & Gas E&P,Contextual,20,Single contextual evidence source,False,,True,False,Policy Rate,OPEC+ Supply Policy | Regulatory Policy,Economic-driver text match,1.2
FINANCIAL_CONDITIONS,Macro,Financial Conditions,IAI,Equities,Financials,Capital Markets,Contextual,40,Multiple contextual evidence sources,True,Credit Conditions,True,False,Credit Spreads,Credit Growth | Credit Quality,37A-to-37B crosswalk | Economic-driver text match,1.2
FINANCIAL_CONDITIONS,Macro,Financial Conditions,IBIT,Digital Assets,Crypto,Crypto Assets,Contextual,40,Multiple contextual evidence sources,True,Liquidity,True,True,Liquidity,Global Liquidity,37A-to-37B crosswalk | Economic-driver text match | 37B example exposure,1.2
FINANCIAL_CONDITIONS,Macro,Financial Conditions,KBE,Equities,Financials,Banking,Contextual,40,Multiple contextual evidence sources,True,Credit Conditions,True,False,Credit Spreads,Credit Growth | Credit Quality,37A-to-37B crosswalk | Economic-driver text match,1.2
FINANCIAL_CONDITIONS,Macro,Financial Conditions,KBWD,Equities,Financials,Financial Income,Contextual,40,Multiple contextual evidence sources,True,Credit Conditions,True,False,Credit Spreads,Credit Growth | Credit Quality,37A-to-37B crosswalk | Economic-driver text match,1.2
FINANCIAL_CONDITIONS,Macro,Financial Conditions,KRE,Equities,Financials,Banking,Contextual,40,Multiple contextual evidence sources,True,Credit Conditions,True,False,Credit Spreads,Credit Growth | Credit Quality,37A-to-37B crosswalk | Economic-driver text match,1.2
FINANCIAL_CONDITIONS,Macro,Financial Conditions,QQQ,Equities,Broad Market,Large Cap Growth,Contextual,40,Multiple contextual evidence sources,False,,True,True,Liquidity,Liquidity,Economic-driver text match | 37B example exposure,1.2
FINANCIAL_CONDITIONS,Macro,Financial Conditions,SPY,Equities,Broad Market,Large Cap U.S.,Contextual,40,Multiple contextual evidence sources,False,,True,True,Liquidity,Liquidity,Economic-driver text match | 37B example exposure,1.2
FINANCIAL_CONDITIONS,Macro,Financial Conditions,VIXY,Volatility,Equity Volatility,Volatility,Contextual,40,Multiple contextual evidence sources,False,,True,True,Funding Stress,Market Stress,Economic-driver text match | 37B example exposure,1.2
FINANCIAL_CONDITIONS,Macro,Financial Conditions,XLF,Equities,Financials,Financials,Contextual,40,Multiple contextual evidence sources,True,Credit Conditions,True,True,Credit Spreads,Credit Growth | Credit Quality,37A-to-37B crosswalk | Economic-driver text match | 37B example exposure,1.2
FINANCIAL_CONDITIONS,Macro,Financial Conditions,ARKG,Equities,Health Care,Biotech & Genomics,Contextual,20,Single contextual evidence source,False,,True,False,Funding Stress,Research Funding,Economic-driver text match,1.2
FINANCIAL_CONDITIONS,Macro,Financial Conditions,AWAY,Equities,Consumer Discretionary,Travel & Leisure,Contextual,20,Single contextual evidence source,False,,True,False,Credit Spreads,Credit Conditions,Economic-driver text match,1.2
FINANCIAL_CONDITIONS,Macro,Financial Conditions,BETZ,Equities,Consumer Discretionary,Gaming & Betting,Contextual,20,Single contextual evidence source,False,,True,False,Credit Spreads,Credit Conditions,Economic-driver text match,1.2
FINANCIAL_CONDITIONS,Macro,Financial Conditions,DIA,Equities,Broad Market,Large Cap U.S.,Contextual,20,Single contextual evidence source,False,,True,False,Liquidity,Liquidity,Economic-driver text match,1.2
FINANCIAL_CONDITIONS,Macro,Financial Conditions,ETHE,Digital Assets,Crypto,Crypto Assets,Contextual,20,Single contextual evidence source,True,Liquidity,False,False,,,37A-to-37B crosswalk,1.2
FINANCIAL_CONDITIONS,Macro,Financial Conditions,GLD,Commodities,Precious Metals,Precious Metals,Contextual,20,Single contextual evidence source,True,Financial Stress,False,False,,,37A-to-37B crosswalk,1.2
FINANCIAL_CONDITIONS,Macro,Financial Conditions,IBB,Equities,Health Care,Biotechnology,Contextual,20,Single contextual evidence source,False,,True,False,Funding Stress,Research Funding,Economic-driver text match,1.2
FINANCIAL_CONDITIONS,Macro,Financial Conditions,IWM,Equities,Broad Market,Small Cap U.S.,Contextual,20,Single contextual evidence source,False,,True,False,Liquidity,Liquidity,Economic-driver text match,1.2
FINANCIAL_CONDITIONS,Macro,Financial Conditions,ONLN,Equities,Consumer Discretionary,E-Commerce,Contextual,20,Single contextual evidence source,False,,True,False,Credit Spreads,Credit Conditions,Economic-driver text match,1.2
FINANCIAL_CONDITIONS,Macro,Financial Conditions,PEJ,Equities,Consumer Discretionary,Travel & Leisure,Contextual,20,Single contextual evidence source,False,,True,False,Credit Spreads,Credit Conditions,Economic-driver text match,1.2
FINANCIAL_CONDITIONS,Macro,Financial Conditions,PPH,Equities,Health Care,Pharmaceuticals,Contextual,20,Single contextual evidence source,False,,True,False,Funding Stress,Research Funding,Economic-driver text match,1.2
FINANCIAL_CONDITIONS,Macro,Financial Conditions,REZ,Equities,Real Estate,Real Estate,Contextual,20,Single contextual evidence source,True,Credit Conditions,False,False,,,37A-to-37B crosswalk,1.2
FINANCIAL_CONDITIONS,Macro,Financial Conditions,RSP,Equities,Broad Market,Large Cap U.S.,Contextual,20,Single contextual evidence source,False,,True,False,Liquidity,Liquidity,Economic-driver text match,1.2
FINANCIAL_CONDITIONS,Macro,Financial Conditions,SLV,Commodities,Precious Metals,Precious Metals,Contextual,20,Single contextual evidence source,True,Financial Stress,False,False,,,37A-to-37B crosswalk,1.2
FINANCIAL_CONDITIONS,Macro,Financial Conditions,SRVR,Equities,Real Estate,Digital Infrastructure,Contextual,20,Single contextual evidence source,True,Credit Conditions,False,False,,,37A-to-37B crosswalk,1.2
FINANCIAL_CONDITIONS,Macro,Financial Conditions,TLT,Fixed Income,Treasuries,Long Treasuries,Contextual,20,Single contextual evidence source,False,,False,True,,,37B example exposure,1.2
FINANCIAL_CONDITIONS,Macro,Financial Conditions,VNQ,Equities,Real Estate,Real Estate,Contextual,20,Single contextual evidence source,True,Credit Conditions,False,False,,,37A-to-37B crosswalk,1.2
FINANCIAL_CONDITIONS,Macro,Financial Conditions,VOO,Equities,Broad Market,Large Cap U.S.,Contextual,20,Single contextual evidence source,False,,True,False,Liquidity,Liquidity,Economic-driver text match,1.2
FINANCIAL_CONDITIONS,Macro,Financial Conditions,XBI,Equities,Health Care,Biotechnology,Contextual,20,Single contextual evidence source,False,,True,False,Funding Stress,Research Funding,Economic-driver text match,1.2
FINANCIAL_CONDITIONS,Macro,Financial Conditions,XLRE,Equities,Real Estate,Real Estate,Contextual,20,Single contextual evidence source,True,Credit Conditions,False,False,,,37A-to-37B crosswalk,1.2
FINANCIAL_CONDITIONS,Macro,Financial Conditions,XLV,Equities,Health Care,Health Care,Contextual,20,Single contextual evidence source,False,,True,False,Funding Stress,Research Funding,Economic-driver text match,1.2
FINANCIAL_CONDITIONS,Macro,Financial Conditions,XLY,Equities,Consumer Discretionary,Consumer Discretionary,Contextual,20,Single contextual evidence source,False,,True,False,Credit Spreads,Credit Conditions,Economic-driver text match,1.2
FISCAL_POLICY,Macro,Fiscal Policy,IEF,Fixed Income,Treasuries,Intermediate Treasuries,Contextual,40,Multiple contextual evidence sources,True,Fiscal Policy,False,True,,,37A-to-37B crosswalk | 37B example exposure,1.2
FISCAL_POLICY,Macro,Fiscal Policy,ITA,Equities,Industrials,Aerospace & Defense,Contextual,40,Multiple contextual evidence sources,False,,True,True,Government Spending,Defense Spending | Government Contracts,Economic-driver text match | 37B example exposure,1.2
FISCAL_POLICY,Macro,Fiscal Policy,PAVE,Equities,Industrials,Infrastructure,Contextual,40,Multiple contextual evidence sources,False,,True,True,Government Spending,Defense Spending | Government Spending | Infrastructure Spending,Economic-driver text match | 37B example exposure,1.2
FISCAL_POLICY,Macro,Fiscal Policy,TLT,Fixed Income,Treasuries,Long Treasuries,Contextual,40,Multiple contextual evidence sources,True,Fiscal Policy,False,True,,,37A-to-37B crosswalk | 37B example exposure,1.2
FISCAL_POLICY,Macro,Fiscal Policy,XLI,Equities,Industrials,Industrials,Contextual,40,Multiple contextual evidence sources,False,,True,True,Government Spending,Defense Spending | Government Spending | Infrastructure Spending,Economic-driver text match | 37B example exposure,1.2
FISCAL_POLICY,Macro,Fiscal Policy,AIQ,Equities,Technology,AI & Automation,Contextual,20,Single contextual evidence source,False,,True,False,Government Spending,Automation Spending | Cloud Spending | Enterprise IT Spending,Economic-driver text match,1.2
FISCAL_POLICY,Macro,Fiscal Policy,AIRR,Equities,Industrials,Industrial Reshoring,Contextual,20,Single contextual evidence source,False,,True,False,Government Spending,Defense Spending | Government Spending | Infrastructure Spending,Economic-driver text match,1.2
FISCAL_POLICY,Macro,Fiscal Policy,AWAY,Equities,Consumer Discretionary,Travel & Leisure,Contextual,20,Single contextual evidence source,False,,True,False,Government Spending,Consumer Spending,Economic-driver text match,1.2
FISCAL_POLICY,Macro,Fiscal Policy,BATT,Equities,Materials,Energy Transition Materials,Contextual,20,Single contextual evidence source,False,,True,False,Government Spending,Infrastructure Spending,Economic-driver text match,1.2
FISCAL_POLICY,Macro,Fiscal Policy,BETZ,Equities,Consumer Discretionary,Gaming & Betting,Contextual,20,Single contextual evidence source,False,,True,False,Government Spending,Consumer Spending,Economic-driver text match,1.2
FISCAL_POLICY,Macro,Fiscal Policy,BOTZ,Equities,Technology,AI & Automation,Contextual,20,Single contextual evidence source,False,,True,False,Government Spending,Automation Spending | Cloud Spending | Enterprise IT Spending,Economic-driver text match,1.2
FISCAL_POLICY,Macro,Fiscal Policy,CIBR,Equities,Technology,Cybersecurity,Contextual,20,Single contextual evidence source,False,,True,False,Government Spending,Cloud Spending | Cybersecurity Spending | Enterprise IT Spending,Economic-driver text match,1.2
FISCAL_POLICY,Macro,Fiscal Policy,COPX,Equities,Materials,Metals & Mining,Contextual,20,Single contextual evidence source,False,,True,False,Government Spending,Infrastructure Spending,Economic-driver text match,1.2
FISCAL_POLICY,Macro,Fiscal Policy,CPER,Commodities,Metals,Industrial Metals,Contextual,20,Single contextual evidence source,False,,True,False,Government Spending,Infrastructure Spending,Economic-driver text match,1.2
FISCAL_POLICY,Macro,Fiscal Policy,IGV,Equities,Technology,Software,Contextual,20,Single contextual evidence source,False,,True,False,Government Spending,Cloud Spending | Enterprise IT Spending | Enterprise Software Spending,Economic-driver text match,1.2
FISCAL_POLICY,Macro,Fiscal Policy,LITP,Equities,Materials,Energy Transition Materials,Contextual,20,Single contextual evidence source,False,,True,False,Government Spending,Infrastructure Spending,Economic-driver text match,1.2
FISCAL_POLICY,Macro,Fiscal Policy,ONLN,Equities,Consumer Discretionary,E-Commerce,Contextual,20,Single contextual evidence source,False,,True,False,Government Spending,Consumer Spending,Economic-driver text match,1.2
FISCAL_POLICY,Macro,Fiscal Policy,PEJ,Equities,Consumer Discretionary,Travel & Leisure,Contextual,20,Single contextual evidence source,False,,True,False,Government Spending,Consumer Spending,Economic-driver text match,1.2
FISCAL_POLICY,Macro,Fiscal Policy,SHY,Fixed Income,Treasuries,Short Treasuries,Contextual,20,Single contextual evidence source,True,Fiscal Policy,False,False,,,37A-to-37B crosswalk,1.2
FISCAL_POLICY,Macro,Fiscal Policy,SKYY,Equities,Technology,Cloud & Software,Contextual,20,Single contextual evidence source,False,,True,False,Government Spending,Cloud Spending | Enterprise IT Spending | Enterprise Software Spending,Economic-driver text match,1.2
FISCAL_POLICY,Macro,Fiscal Policy,SLX,Equities,Materials,Metals & Mining,Contextual,20,Single contextual evidence source,False,,True,False,Government Spending,Infrastructure Spending,Economic-driver text match,1.2
FISCAL_POLICY,Macro,Fiscal Policy,SMH,Equities,Technology,Semiconductors,Contextual,20,Single contextual evidence source,False,,True,False,Government Spending,Semiconductor Equipment Spending,Economic-driver text match,1.2
FISCAL_POLICY,Macro,Fiscal Policy,SOXX,Equities,Technology,Semiconductors,Contextual,20,Single contextual evidence source,False,,True,False,Government Spending,Semiconductor Equipment Spending,Economic-driver text match,1.2
FISCAL_POLICY,Macro,Fiscal Policy,SPY,Equities,Broad Market,Large Cap U.S.,Contextual,20,Single contextual evidence source,False,,False,True,,,37B example exposure,1.2
FISCAL_POLICY,Macro,Fiscal Policy,TIP,Fixed Income,Treasuries,Inflation-Protected Bonds,Contextual,20,Single contextual evidence source,True,Fiscal Policy,False,False,,,37A-to-37B crosswalk,1.2
FISCAL_POLICY,Macro,Fiscal Policy,XLB,Equities,Materials,Materials,Contextual,20,Single contextual evidence source,False,,True,False,Government Spending,Infrastructure Spending,Economic-driver text match,1.2
FISCAL_POLICY,Macro,Fiscal Policy,XLC,Equities,Communication Services,Communication Services,Contextual,20,Single contextual evidence source,False,,True,False,Government Spending,Consumer Spending | Content Spending,Economic-driver text match,1.2
FISCAL_POLICY,Macro,Fiscal Policy,XLK,Equities,Technology,Technology,Contextual,20,Single contextual evidence source,False,,True,False,Government Spending,Cloud Spending | Enterprise IT Spending | Technology Spending,Economic-driver text match,1.2
FISCAL_POLICY,Macro,Fiscal Policy,XLP,Equities,Consumer Staples,Consumer Staples,Contextual,20,Single contextual evidence source,False,,True,False,Government Spending,Household Spending,Economic-driver text match,1.2
FISCAL_POLICY,Macro,Fiscal Policy,XLY,Equities,Consumer Discretionary,Consumer Discretionary,Contextual,20,Single contextual evidence source,False,,True,False,Government Spending,Consumer Spending,Economic-driver text match,1.2
FUND_FLOWS,Market Structure,Fund Flows,ETHE,Digital Assets,Crypto,Crypto Assets,Contextual,40,Multiple contextual evidence sources,True,Fund Flows | Market Structure,True,False,ETF Flows | Institutional Allocation | Mutual Fund Flows,ETF / Fund Flows | Ethereum Fund Flows | Institutional Adoption,37A-to-37B crosswalk | Economic-driver text match,1.2
FUND_FLOWS,Market Structure,Fund Flows,IBIT,Digital Assets,Crypto,Crypto Assets,Contextual,40,Multiple contextual evidence sources,True,Fund Flows | Market Structure,True,False,ETF Flows | Institutional Allocation | Mutual Fund Flows,Bitcoin ETF Flows | ETF / Fund Flows | Institutional Adoption,37A-to-37B crosswalk | Economic-driver text match,1.2
FUND_FLOWS,Market Structure,Fund Flows,AMLP,Equities,Energy,Energy Infrastructure,Contextual,20,Single contextual evidence source,False,,True,False,ETF Flows,Midstream Cash Flows,Economic-driver text match,1.2
FUND_FLOWS,Market Structure,Fund Flows,GLD,Commodities,Precious Metals,Precious Metals,Contextual,20,Single contextual evidence source,False,,True,False,ETF Flows | Mutual Fund Flows,Investment Flows,Economic-driver text match,1.2
FUND_FLOWS,Market Structure,Fund Flows,REZ,Equities,Real Estate,Real Estate,Contextual,20,Single contextual evidence source,False,,True,False,ETF Flows,Real Estate Cash Flows,Economic-driver text match,1.2
FUND_FLOWS,Market Structure,Fund Flows,SLV,Commodities,Precious Metals,Precious Metals,Contextual,20,Single contextual evidence source,False,,True,False,ETF Flows | Mutual Fund Flows,Investment Flows,Economic-driver text match,1.2
FUND_FLOWS,Market Structure,Fund Flows,UUP,Currencies,U.S. Dollar,Currencies,Contextual,20,Single contextual evidence source,False,,True,False,ETF Flows | Mutual Fund Flows,Capital Flows,Economic-driver text match,1.2
FUND_FLOWS,Market Structure,Fund Flows,VNQ,Equities,Real Estate,Real Estate,Contextual,20,Single contextual evidence source,False,,True,False,ETF Flows,Real Estate Cash Flows,Economic-driver text match,1.2
FUND_FLOWS,Market Structure,Fund Flows,XLRE,Equities,Real Estate,Real Estate,Contextual,20,Single contextual evidence source,False,,True,False,ETF Flows,Real Estate Cash Flows,Economic-driver text match,1.2
GAMING_DEMAND,Consumer,Gaming and Betting Demand,BETZ,Equities,Consumer Discretionary,Gaming & Betting,Contextual,40,Multiple contextual evidence sources,False,,True,True,Consumer Demand,Consumer Confidence | Consumer Spending | E-Commerce Demand | Travel Demand,Economic-driver text match | 37B example exposure,1.2
GAMING_DEMAND,Consumer,Gaming and Betting Demand,XLY,Equities,Consumer Discretionary,Consumer Discretionary,Contextual,40,Multiple contextual evidence sources,False,,True,True,Consumer Demand,Consumer Confidence | Consumer Spending | E-Commerce Demand | Travel Demand,Economic-driver text match | 37B example exposure,1.2
GAMING_DEMAND,Consumer,Gaming and Betting Demand,AIRR,Equities,Industrials,Industrial Reshoring,Contextual,20,Single contextual evidence source,False,,True,False,Consumer Demand,Transportation Demand,Economic-driver text match,1.2
GAMING_DEMAND,Consumer,Gaming and Betting Demand,AMLP,Equities,Energy,Energy Infrastructure,Contextual,20,Single contextual evidence source,False,,True,False,Consumer Demand,Energy Infrastructure Demand,Economic-driver text match,1.2
GAMING_DEMAND,Consumer,Gaming and Betting Demand,ARKG,Equities,Health Care,Biotech & Genomics,Contextual,20,Single contextual evidence source,False,,True,False,Consumer Demand,Drug / Therapy Demand,Economic-driver text match,1.2
GAMING_DEMAND,Consumer,Gaming and Betting Demand,AWAY,Equities,Consumer Discretionary,Travel & Leisure,Contextual,20,Single contextual evidence source,False,,True,False,Consumer Demand,Consumer Confidence | Consumer Spending | E-Commerce Demand | Travel Demand,Economic-driver text match,1.2
GAMING_DEMAND,Consumer,Gaming and Betting Demand,BATT,Equities,Materials,Energy Transition Materials,Contextual,20,Single contextual evidence source,False,,True,False,Consumer Demand,China Demand | Energy Transition Demand | Industrial Demand,Economic-driver text match,1.2
GAMING_DEMAND,Consumer,Gaming and Betting Demand,COPX,Equities,Materials,Metals & Mining,Contextual,20,Single contextual evidence source,False,,True,False,Consumer Demand,China Demand | Energy Transition Demand | Industrial Demand,Economic-driver text match,1.2
GAMING_DEMAND,Consumer,Gaming and Betting Demand,CORN,Commodities,Agriculture,Agriculture Commodities,Contextual,20,Single contextual evidence source,False,,True,False,Consumer Demand,Ethanol Demand | Export Demand,Economic-driver text match,1.2
GAMING_DEMAND,Consumer,Gaming and Betting Demand,CPER,Commodities,Metals,Industrial Metals,Contextual,20,Single contextual evidence source,False,,True,False,Consumer Demand,China Demand | Energy Transition Demand | Industrial Metals Demand,Economic-driver text match,1.2
GAMING_DEMAND,Consumer,Gaming and Betting Demand,DBA,Commodities,Agriculture,Agriculture Commodities,Contextual,20,Single contextual evidence source,False,,True,False,Consumer Demand,Agricultural Demand | Export Demand,Economic-driver text match,1.2
GAMING_DEMAND,Consumer,Gaming and Betting Demand,DRAM,Equities,Technology,Semiconductors,Contextual,20,Single contextual evidence source,False,,True,False,Consumer Demand,AI Infrastructure Demand | HBM Demand | PC Demand | Smartphone Demand,Economic-driver text match,1.2
GAMING_DEMAND,Consumer,Gaming and Betting Demand,ETHE,Digital Assets,Crypto,Crypto Assets,Contextual,20,Single contextual evidence source,False,,True,False,Consumer Demand,Ethereum Spot Demand,Economic-driver text match,1.2
GAMING_DEMAND,Consumer,Gaming and Betting Demand,GLD,Commodities,Precious Metals,Precious Metals,Contextual,20,Single contextual evidence source,False,,True,False,Consumer Demand,Central Bank Demand | Central Bank Gold Demand | Physical Demand | Safe-Haven Demand,Economic-driver text match,1.2
GAMING_DEMAND,Consumer,Gaming and Betting Demand,IBB,Equities,Health Care,Biotechnology,Contextual,20,Single contextual evidence source,False,,True,False,Consumer Demand,Drug / Therapy Demand,Economic-driver text match,1.2
GAMING_DEMAND,Consumer,Gaming and Betting Demand,IBIT,Digital Assets,Crypto,Crypto Assets,Contextual,20,Single contextual evidence source,False,,True,False,Consumer Demand,Bitcoin Spot Demand,Economic-driver text match,1.2
GAMING_DEMAND,Consumer,Gaming and Betting Demand,IEF,Fixed Income,Treasuries,Intermediate Treasuries,Contextual,20,Single contextual evidence source,False,,True,False,Consumer Demand,Safe-Haven Demand,Economic-driver text match,1.2
GAMING_DEMAND,Consumer,Gaming and Betting Demand,IGV,Equities,Technology,Software,Contextual,20,Single contextual evidence source,False,,True,False,Gaming Revenue,Recurring Revenue Growth,Economic-driver text match,1.2
GAMING_DEMAND,Consumer,Gaming and Betting Demand,ITA,Equities,Industrials,Aerospace & Defense,Contextual,20,Single contextual evidence source,False,,True,False,Consumer Demand,Aircraft Demand | Geopolitical Security Demand,Economic-driver text match,1.2
GAMING_DEMAND,Consumer,Gaming and Betting Demand,LITP,Equities,Materials,Energy Transition Materials,Contextual,20,Single contextual evidence source,False,,True,False,Consumer Demand,China Demand | Energy Transition Demand | Industrial Demand,Economic-driver text match,1.2
GAMING_DEMAND,Consumer,Gaming and Betting Demand,ONLN,Equities,Consumer Discretionary,E-Commerce,Contextual,20,Single contextual evidence source,False,,True,False,Consumer Demand,Consumer Confidence | Consumer Spending | E-Commerce Demand | Travel Demand,Economic-driver text match,1.2
GAMING_DEMAND,Consumer,Gaming and Betting Demand,PAVE,Equities,Industrials,Infrastructure,Contextual,20,Single contextual evidence source,False,,True,False,Consumer Demand,Transportation Demand,Economic-driver text match,1.2
GAMING_DEMAND,Consumer,Gaming and Betting Demand,PDBC,Commodities,Broad Commodities,Broad Commodities,Contextual,20,Single contextual evidence source,False,,True,False,Consumer Demand,Global Supply / Demand,Economic-driver text match,1.2
GAMING_DEMAND,Consumer,Gaming and Betting Demand,PEJ,Equities,Consumer Discretionary,Travel & Leisure,Contextual,20,Single contextual evidence source,False,,True,False,Consumer Demand,Consumer Confidence | Consumer Spending | E-Commerce Demand | Travel Demand,Economic-driver text match,1.2
GAMING_DEMAND,Consumer,Gaming and Betting Demand,PPH,Equities,Health Care,Pharmaceuticals,Contextual,20,Single contextual evidence source,False,,True,False,Consumer Demand,Drug / Therapy Demand,Economic-driver text match,1.2
GAMING_DEMAND,Consumer,Gaming and Betting Demand,REZ,Equities,Real Estate,Real Estate,Contextual,20,Single contextual evidence source,False,,True,False,Consumer Demand,Property Demand,Economic-driver text match,1.2
GAMING_DEMAND,Consumer,Gaming and Betting Demand,SHY,Fixed Income,Treasuries,Short Treasuries,Contextual,20,Single contextual evidence source,False,,True,False,Consumer Demand,Safe-Haven Demand,Economic-driver text match,1.2
GAMING_DEMAND,Consumer,Gaming and Betting Demand,SKYY,Equities,Technology,Cloud & Software,Contextual,20,Single contextual evidence source,False,,True,False,Gaming Revenue,Recurring Revenue Growth,Economic-driver text match,1.2
GAMING_DEMAND,Consumer,Gaming and Betting Demand,SLV,Commodities,Precious Metals,Precious Metals,Contextual,20,Single contextual evidence source,False,,True,False,Consumer Demand,Industrial Silver Demand | Precious Metals Demand | Solar / Electronics Demand,Economic-driver text match,1.2
GAMING_DEMAND,Consumer,Gaming and Betting Demand,SLX,Equities,Materials,Metals & Mining,Contextual,20,Single contextual evidence source,False,,True,False,Consumer Demand,China Demand | Energy Transition Demand | Industrial Demand,Economic-driver text match,1.2
GAMING_DEMAND,Consumer,Gaming and Betting Demand,SMH,Equities,Technology,Semiconductors,Contextual,20,Single contextual evidence source,False,,True,False,Consumer Demand,AI Infrastructure Demand | Consumer Electronics Demand | Semiconductor Demand,Economic-driver text match,1.2
GAMING_DEMAND,Consumer,Gaming and Betting Demand,SOXX,Equities,Technology,Semiconductors,Contextual,20,Single contextual evidence source,False,,True,False,Consumer Demand,AI Infrastructure Demand | Consumer Electronics Demand | Semiconductor Demand,Economic-driver text match,1.2
GAMING_DEMAND,Consumer,Gaming and Betting Demand,SRVR,Equities,Real Estate,Digital Infrastructure,Contextual,20,Single contextual evidence source,False,,True,False,Consumer Demand,Data Center Demand,Economic-driver text match,1.2
GAMING_DEMAND,Consumer,Gaming and Betting Demand,TIP,Fixed Income,Treasuries,Inflation-Protected Bonds,Contextual,20,Single contextual evidence source,False,,True,False,Consumer Demand,Safe-Haven Demand,Economic-driver text match,1.2
GAMING_DEMAND,Consumer,Gaming and Betting Demand,TLT,Fixed Income,Treasuries,Long Treasuries,Contextual,20,Single contextual evidence source,False,,True,False,Consumer Demand,Safe-Haven Demand,Economic-driver text match,1.2
GAMING_DEMAND,Consumer,Gaming and Betting Demand,UNG,Commodities,Energy,Energy Commodities,Contextual,20,Single contextual evidence source,False,,True,False,Consumer Demand,LNG Export Demand | Power Demand,Economic-driver text match,1.2
GAMING_DEMAND,Consumer,Gaming and Betting Demand,USO,Commodities,Energy,Energy Commodities,Contextual,20,Single contextual evidence source,False,,True,False,Consumer Demand,Global Oil Demand,Economic-driver text match,1.2
GAMING_DEMAND,Consumer,Gaming and Betting Demand,UUP,Currencies,U.S. Dollar,Currencies,Contextual,20,Single contextual evidence source,False,,True,False,Consumer Demand,Safe-Haven Demand | Safe-Haven Dollar Demand,Economic-driver text match,1.2
GAMING_DEMAND,Consumer,Gaming and Betting Demand,VIXY,Volatility,Equity Volatility,Volatility,Contextual,20,Single contextual evidence source,False,,True,False,Consumer Demand,Options Demand,Economic-driver text match,1.2
GAMING_DEMAND,Consumer,Gaming and Betting Demand,VNQ,Equities,Real Estate,Real Estate,Contextual,20,Single contextual evidence source,False,,True,False,Consumer Demand,Property Demand,Economic-driver text match,1.2
GAMING_DEMAND,Consumer,Gaming and Betting Demand,XBI,Equities,Health Care,Biotechnology,Contextual,20,Single contextual evidence source,False,,True,False,Consumer Demand,Drug / Therapy Demand,Economic-driver text match,1.2
GAMING_DEMAND,Consumer,Gaming and Betting Demand,XLB,Equities,Materials,Materials,Contextual,20,Single contextual evidence source,False,,True,False,Consumer Demand,China Demand | Energy Transition Demand | Industrial Demand,Economic-driver text match,1.2
GAMING_DEMAND,Consumer,Gaming and Betting Demand,XLC,Equities,Communication Services,Communication Services,Contextual,20,Single contextual evidence source,False,,True,False,Consumer Demand,Advertising Demand | Consumer Spending,Economic-driver text match,1.2
GAMING_DEMAND,Consumer,Gaming and Betting Demand,XLE,Equities,Energy,Energy,Contextual,20,Single contextual evidence source,False,,True,False,Consumer Demand,Energy Demand,Economic-driver text match,1.2
GAMING_DEMAND,Consumer,Gaming and Betting Demand,XLI,Equities,Industrials,Industrials,Contextual,20,Single contextual evidence source,False,,True,False,Consumer Demand,Transportation Demand,Economic-driver text match,1.2
GAMING_DEMAND,Consumer,Gaming and Betting Demand,XLP,Equities,Consumer Staples,Consumer Staples,Contextual,20,Single contextual evidence source,False,,True,False,Consumer Demand,Defensive Consumer Demand,Economic-driver text match,1.2
GAMING_DEMAND,Consumer,Gaming and Betting Demand,XLRE,Equities,Real Estate,Real Estate,Contextual,20,Single contextual evidence source,False,,True,False,Consumer Demand,Property Demand,Economic-driver text match,1.2
GAMING_DEMAND,Consumer,Gaming and Betting Demand,XLU,Equities,Utilities,Utilities,Contextual,20,Single contextual evidence source,False,,True,False,Consumer Demand,Data Center Power Demand | Electricity Demand,Economic-driver text match,1.2
GAMING_DEMAND,Consumer,Gaming and Betting Demand,XLV,Equities,Health Care,Health Care,Contextual,20,Single contextual evidence source,False,,True,False,Consumer Demand,Drug / Therapy Demand,Economic-driver text match,1.2
GEOPOLITICAL_RISK,Geopolitical,Geopolitical Risk,ITA,Equities,Industrials,Aerospace & Defense,Contextual,40,Multiple contextual evidence sources,True,Geopolitics,True,True,Security Risk,Geopolitical Security Demand,37A-to-37B crosswalk | Economic-driver text match | 37B example exposure,1.2
GEOPOLITICAL_RISK,Geopolitical,Geopolitical Risk,PDBC,Commodities,Broad Commodities,Broad Commodities,Contextual,40,Multiple contextual evidence sources,True,Geopolitics,True,False,Supply Disruption,Global Supply / Demand,37A-to-37B crosswalk | Economic-driver text match,1.2
GEOPOLITICAL_RISK,Geopolitical,Geopolitical Risk,SLV,Commodities,Precious Metals,Precious Metals,Contextual,40,Multiple contextual evidence sources,True,Geopolitics,True,False,Supply Disruption,Mine Supply,37A-to-37B crosswalk | Economic-driver text match,1.2
GEOPOLITICAL_RISK,Geopolitical,Geopolitical Risk,WEAT,Commodities,Agriculture,Agriculture Commodities,Contextual,40,Multiple contextual evidence sources,True,Black Sea,True,False,Supply Disruption,Black Sea Supply | Wheat Supply,37A-to-37B crosswalk | Economic-driver text match,1.2
GEOPOLITICAL_RISK,Geopolitical,Geopolitical Risk,AMLP,Equities,Energy,Energy Infrastructure,Contextual,20,Single contextual evidence source,True,Geopolitics,False,False,,,37A-to-37B crosswalk,1.2
GEOPOLITICAL_RISK,Geopolitical,Geopolitical Risk,BATT,Equities,Materials,Energy Transition Materials,Contextual,20,Single contextual evidence source,False,,True,False,Supply Disruption,Mine / Material Supply,Economic-driver text match,1.2
GEOPOLITICAL_RISK,Geopolitical,Geopolitical Risk,CIBR,Equities,Technology,Cybersecurity,Contextual,20,Single contextual evidence source,False,,True,False,Security Risk,Security Threat Environment,Economic-driver text match,1.2
GEOPOLITICAL_RISK,Geopolitical,Geopolitical Risk,COPX,Equities,Materials,Metals & Mining,Contextual,20,Single contextual evidence source,False,,True,False,Supply Disruption,Mine / Material Supply,Economic-driver text match,1.2
GEOPOLITICAL_RISK,Geopolitical,Geopolitical Risk,CORN,Commodities,Agriculture,Agriculture Commodities,Contextual,20,Single contextual evidence source,False,,True,False,Supply Disruption,Corn Supply,Economic-driver text match,1.2
GEOPOLITICAL_RISK,Geopolitical,Geopolitical Risk,CPER,Commodities,Metals,Industrial Metals,Contextual,20,Single contextual evidence source,False,,True,False,Supply Disruption,Mine Supply,Economic-driver text match,1.2
GEOPOLITICAL_RISK,Geopolitical,Geopolitical Risk,DBA,Commodities,Agriculture,Agriculture Commodities,Contextual,20,Single contextual evidence source,False,,True,False,Supply Disruption,Agricultural Supply,Economic-driver text match,1.2
GEOPOLITICAL_RISK,Geopolitical,Geopolitical Risk,DIA,Equities,Broad Market,Large Cap U.S.,Contextual,20,Single contextual evidence source,False,,True,False,Security Risk,Equity Risk Appetite,Economic-driver text match,1.2
GEOPOLITICAL_RISK,Geopolitical,Geopolitical Risk,DRAM,Equities,Technology,Semiconductors,Contextual,20,Single contextual evidence source,False,,True,False,Supply Disruption,Memory Supply Discipline,Economic-driver text match,1.2
GEOPOLITICAL_RISK,Geopolitical,Geopolitical Risk,ETHE,Digital Assets,Crypto,Crypto Assets,Contextual,20,Single contextual evidence source,False,,True,False,Security Risk,Crypto Risk Appetite,Economic-driver text match,1.2
GEOPOLITICAL_RISK,Geopolitical,Geopolitical Risk,IBIT,Digital Assets,Crypto,Crypto Assets,Contextual,20,Single contextual evidence source,False,,True,False,Security Risk,Crypto Risk Appetite,Economic-driver text match,1.2
GEOPOLITICAL_RISK,Geopolitical,Geopolitical Risk,IWM,Equities,Broad Market,Small Cap U.S.,Contextual,20,Single contextual evidence source,False,,True,False,Security Risk,Equity Risk Appetite,Economic-driver text match,1.2
GEOPOLITICAL_RISK,Geopolitical,Geopolitical Risk,LITP,Equities,Materials,Energy Transition Materials,Contextual,20,Single contextual evidence source,False,,True,False,Supply Disruption,Mine / Material Supply,Economic-driver text match,1.2
GEOPOLITICAL_RISK,Geopolitical,Geopolitical Risk,OIH,Equities,Energy,Oil & Gas Services,Contextual,20,Single contextual evidence source,True,Geopolitics,False,False,,,37A-to-37B crosswalk,1.2
GEOPOLITICAL_RISK,Geopolitical,Geopolitical Risk,QQQ,Equities,Broad Market,Large Cap Growth,Contextual,20,Single contextual evidence source,False,,True,False,Security Risk,Equity Risk Appetite,Economic-driver text match,1.2
GEOPOLITICAL_RISK,Geopolitical,Geopolitical Risk,RSP,Equities,Broad Market,Large Cap U.S.,Contextual,20,Single contextual evidence source,False,,True,False,Security Risk,Equity Risk Appetite,Economic-driver text match,1.2
GEOPOLITICAL_RISK,Geopolitical,Geopolitical Risk,SHY,Fixed Income,Treasuries,Short Treasuries,Contextual,20,Single contextual evidence source,False,,True,False,Supply Disruption,Treasury Supply,Economic-driver text match,1.2
GEOPOLITICAL_RISK,Geopolitical,Geopolitical Risk,SLX,Equities,Materials,Metals & Mining,Contextual,20,Single contextual evidence source,False,,True,False,Supply Disruption,Mine / Material Supply,Economic-driver text match,1.2
GEOPOLITICAL_RISK,Geopolitical,Geopolitical Risk,SPY,Equities,Broad Market,Large Cap U.S.,Contextual,20,Single contextual evidence source,False,,True,False,Security Risk,Equity Risk Appetite,Economic-driver text match,1.2
GEOPOLITICAL_RISK,Geopolitical,Geopolitical Risk,TIP,Fixed Income,Treasuries,Inflation-Protected Bonds,Contextual,20,Single contextual evidence source,False,,True,False,Supply Disruption,Treasury Supply,Economic-driver text match,1.2
GEOPOLITICAL_RISK,Geopolitical,Geopolitical Risk,VOO,Equities,Broad Market,Large Cap U.S.,Contextual,20,Single contextual evidence source,False,,True,False,Security Risk,Equity Risk Appetite,Economic-driver text match,1.2
GEOPOLITICAL_RISK,Geopolitical,Geopolitical Risk,XLB,Equities,Materials,Materials,Contextual,20,Single contextual evidence source,False,,True,False,Supply Disruption,Mine / Material Supply,Economic-driver text match,1.2
GLOBAL_CENTRAL_BANK,Macro,Global Central Bank Policy,QQQ,Equities,Broad Market,Large Cap Growth,Contextual,40,Multiple contextual evidence sources,False,,True,True,Liquidity,Liquidity,Economic-driver text match | 37B example exposure,1.2
GLOBAL_CENTRAL_BANK,Macro,Global Central Bank Policy,SPY,Equities,Broad Market,Large Cap U.S.,Contextual,40,Multiple contextual evidence sources,False,,True,True,Liquidity,Liquidity,Economic-driver text match | 37B example exposure,1.2
GLOBAL_CENTRAL_BANK,Macro,Global Central Bank Policy,UUP,Currencies,U.S. Dollar,Currencies,Contextual,40,Multiple contextual evidence sources,True,Central Banks,True,True,Policy Rates | Rate Differentials,Foreign Central Bank Policy | U.S. Rate Differentials,37A-to-37B crosswalk | Economic-driver text match | 37B example exposure,1.2
GLOBAL_CENTRAL_BANK,Macro,Global Central Bank Policy,AMLP,Equities,Energy,Energy Infrastructure,Contextual,20,Single contextual evidence source,False,,True,False,Policy Rates,Interest Rates,Economic-driver text match,1.2
GLOBAL_CENTRAL_BANK,Macro,Global Central Bank Policy,ARKG,Equities,Health Care,Biotech & Genomics,Contextual,20,Single contextual evidence source,False,,True,False,Policy Rates,Pricing Policy,Economic-driver text match,1.2
GLOBAL_CENTRAL_BANK,Macro,Global Central Bank Policy,DBA,Commodities,Agriculture,Agriculture Commodities,Contextual,20,Single contextual evidence source,False,,True,False,Policy Rates,Trade Policy,Economic-driver text match,1.2
GLOBAL_CENTRAL_BANK,Macro,Global Central Bank Policy,DIA,Equities,Broad Market,Large Cap U.S.,Contextual,20,Single contextual evidence source,False,,True,False,Liquidity,Liquidity,Economic-driver text match,1.2
GLOBAL_CENTRAL_BANK,Macro,Global Central Bank Policy,GLD,Commodities,Precious Metals,Precious Metals,Contextual,20,Single contextual evidence source,False,,False,True,,,37B example exposure,1.2
GLOBAL_CENTRAL_BANK,Macro,Global Central Bank Policy,IAI,Equities,Financials,Capital Markets,Contextual,20,Single contextual evidence source,False,,True,False,Policy Rates,Interest Rates,Economic-driver text match,1.2
GLOBAL_CENTRAL_BANK,Macro,Global Central Bank Policy,IBB,Equities,Health Care,Biotechnology,Contextual,20,Single contextual evidence source,False,,True,False,Policy Rates,Pricing Policy,Economic-driver text match,1.2
GLOBAL_CENTRAL_BANK,Macro,Global Central Bank Policy,IBIT,Digital Assets,Crypto,Crypto Assets,Contextual,20,Single contextual evidence source,False,,True,False,Liquidity,Global Liquidity,Economic-driver text match,1.2
GLOBAL_CENTRAL_BANK,Macro,Global Central Bank Policy,IWM,Equities,Broad Market,Small Cap U.S.,Contextual,20,Single contextual evidence source,False,,True,False,Liquidity,Liquidity,Economic-driver text match,1.2
GLOBAL_CENTRAL_BANK,Macro,Global Central Bank Policy,KBE,Equities,Financials,Banking,Contextual,20,Single contextual evidence source,False,,True,False,Policy Rates,Interest Rates,Economic-driver text match,1.2
GLOBAL_CENTRAL_BANK,Macro,Global Central Bank Policy,KBWD,Equities,Financials,Financial Income,Contextual,20,Single contextual evidence source,False,,True,False,Policy Rates,Interest Rates,Economic-driver text match,1.2
GLOBAL_CENTRAL_BANK,Macro,Global Central Bank Policy,KRE,Equities,Financials,Banking,Contextual,20,Single contextual evidence source,False,,True,False,Policy Rates,Interest Rates,Economic-driver text match,1.2
GLOBAL_CENTRAL_BANK,Macro,Global Central Bank Policy,OIH,Equities,Energy,Oil & Gas Services,Contextual,20,Single contextual evidence source,False,,True,False,Policy Rates,OPEC+ Policy,Economic-driver text match,1.2
GLOBAL_CENTRAL_BANK,Macro,Global Central Bank Policy,PPH,Equities,Health Care,Pharmaceuticals,Contextual,20,Single contextual evidence source,False,,True,False,Policy Rates,Pricing Policy,Economic-driver text match,1.2
GLOBAL_CENTRAL_BANK,Macro,Global Central Bank Policy,REZ,Equities,Real Estate,Real Estate,Contextual,20,Single contextual evidence source,False,,True,False,Policy Rates,Interest Rates,Economic-driver text match,1.2
GLOBAL_CENTRAL_BANK,Macro,Global Central Bank Policy,RSP,Equities,Broad Market,Large Cap U.S.,Contextual,20,Single contextual evidence source,False,,True,False,Liquidity,Liquidity,Economic-driver text match,1.2
GLOBAL_CENTRAL_BANK,Macro,Global Central Bank Policy,SHY,Fixed Income,Treasuries,Short Treasuries,Contextual,20,Single contextual evidence source,False,,True,False,Policy Rates,Federal Reserve Policy,Economic-driver text match,1.2
GLOBAL_CENTRAL_BANK,Macro,Global Central Bank Policy,SRVR,Equities,Real Estate,Digital Infrastructure,Contextual,20,Single contextual evidence source,False,,True,False,Policy Rates,Interest Rates,Economic-driver text match,1.2
GLOBAL_CENTRAL_BANK,Macro,Global Central Bank Policy,TLT,Fixed Income,Treasuries,Long Treasuries,Contextual,20,Single contextual evidence source,False,,False,True,,,37B example exposure,1.2
GLOBAL_CENTRAL_BANK,Macro,Global Central Bank Policy,USO,Commodities,Energy,Energy Commodities,Contextual,20,Single contextual evidence source,False,,True,False,Policy Rates,OPEC+ Policy,Economic-driver text match,1.2
GLOBAL_CENTRAL_BANK,Macro,Global Central Bank Policy,VNQ,Equities,Real Estate,Real Estate,Contextual,20,Single contextual evidence source,False,,True,False,Policy Rates,Interest Rates,Economic-driver text match,1.2
GLOBAL_CENTRAL_BANK,Macro,Global Central Bank Policy,VOO,Equities,Broad Market,Large Cap U.S.,Contextual,20,Single contextual evidence source,False,,True,False,Liquidity,Liquidity,Economic-driver text match,1.2
GLOBAL_CENTRAL_BANK,Macro,Global Central Bank Policy,XBI,Equities,Health Care,Biotechnology,Contextual,20,Single contextual evidence source,False,,True,False,Policy Rates,Pricing Policy,Economic-driver text match,1.2
GLOBAL_CENTRAL_BANK,Macro,Global Central Bank Policy,XLE,Equities,Energy,Energy,Contextual,20,Single contextual evidence source,False,,True,False,Policy Rates,OPEC+ Policy,Economic-driver text match,1.2
GLOBAL_CENTRAL_BANK,Macro,Global Central Bank Policy,XLF,Equities,Financials,Financials,Contextual,20,Single contextual evidence source,False,,True,False,Policy Rates,Interest Rates,Economic-driver text match,1.2
GLOBAL_CENTRAL_BANK,Macro,Global Central Bank Policy,XLRE,Equities,Real Estate,Real Estate,Contextual,20,Single contextual evidence source,False,,True,False,Policy Rates,Interest Rates,Economic-driver text match,1.2
GLOBAL_CENTRAL_BANK,Macro,Global Central Bank Policy,XLU,Equities,Utilities,Utilities,Contextual,20,Single contextual evidence source,False,,True,False,Policy Rates,Interest Rates,Economic-driver text match,1.2
GLOBAL_CENTRAL_BANK,Macro,Global Central Bank Policy,XLV,Equities,Health Care,Health Care,Contextual,20,Single contextual evidence source,False,,True,False,Policy Rates,Pricing Policy,Economic-driver text match,1.2
GLOBAL_CENTRAL_BANK,Macro,Global Central Bank Policy,XOP,Equities,Energy,Oil & Gas E&P,Contextual,20,Single contextual evidence source,False,,True,False,Policy Rates,OPEC+ Supply Policy | Regulatory Policy,Economic-driver text match,1.2
INDUSTRIAL_METALS,Metals,Industrial Metals Demand,BATT,Equities,Materials,Energy Transition Materials,Contextual,40,Multiple contextual evidence sources,True,Commodity Demand | Commodity Supply,True,False,Copper Demand | Manufacturing Demand | Mine Supply,China Demand | Energy Transition Demand | Global Manufacturing | Industrial Demand | Mine / Material Supply,37A-to-37B crosswalk | Economic-driver text match,1.2
INDUSTRIAL_METALS,Metals,Industrial Metals Demand,COPX,Equities,Materials,Metals & Mining,Contextual,40,Multiple contextual evidence sources,True,Commodity Demand | Commodity Supply,True,True,Copper Demand | Manufacturing Demand | Mine Supply,China Demand | Energy Transition Demand | Global Manufacturing | Industrial Demand | Mine / Material Supply,37A-to-37B crosswalk | Economic-driver text match | 37B example exposure,1.2
INDUSTRIAL_METALS,Metals,Industrial Metals Demand,LITP,Equities,Materials,Energy Transition Materials,Contextual,40,Multiple contextual evidence sources,True,Commodity Demand | Commodity Supply,True,False,Copper Demand | Manufacturing Demand | Mine Supply,China Demand | Energy Transition Demand | Global Manufacturing | Industrial Demand | Mine / Material Supply,37A-to-37B crosswalk | Economic-driver text match,1.2
INDUSTRIAL_METALS,Metals,Industrial Metals Demand,PDBC,Commodities,Broad Commodities,Broad Commodities,Contextual,40,Multiple contextual evidence sources,True,Commodity Demand | Commodity Supply,True,True,Copper Demand | Manufacturing Demand | Mine Supply,Global Supply / Demand,37A-to-37B crosswalk | Economic-driver text match | 37B example exposure,1.2
INDUSTRIAL_METALS,Metals,Industrial Metals Demand,SLX,Equities,Materials,Metals & Mining,Contextual,40,Multiple contextual evidence sources,True,Commodity Demand | Commodity Supply,True,False,Copper Demand | Manufacturing Demand | Mine Supply,China Demand | Energy Transition Demand | Global Manufacturing | Industrial Demand | Mine / Material Supply,37A-to-37B crosswalk | Economic-driver text match,1.2
INDUSTRIAL_METALS,Metals,Industrial Metals Demand,XLB,Equities,Materials,Materials,Contextual,40,Multiple contextual evidence sources,True,Commodity Demand | Commodity Supply,True,False,Copper Demand | Manufacturing Demand | Mine Supply,China Demand | Energy Transition Demand | Global Manufacturing | Industrial Demand | Mine / Material Supply,37A-to-37B crosswalk | Economic-driver text match,1.2
INDUSTRIAL_METALS,Metals,Industrial Metals Demand,AIRR,Equities,Industrials,Industrial Reshoring,Contextual,20,Single contextual evidence source,False,,True,False,Copper Demand | Manufacturing Demand,Manufacturing Investment | Transportation Demand,Economic-driver text match,1.2
INDUSTRIAL_METALS,Metals,Industrial Metals Demand,AMLP,Equities,Energy,Energy Infrastructure,Contextual,20,Single contextual evidence source,False,,True,False,Copper Demand | Manufacturing Demand,Energy Infrastructure Demand,Economic-driver text match,1.2
INDUSTRIAL_METALS,Metals,Industrial Metals Demand,ARKG,Equities,Health Care,Biotech & Genomics,Contextual,20,Single contextual evidence source,False,,True,False,Copper Demand | Manufacturing Demand,Drug / Therapy Demand,Economic-driver text match,1.2
INDUSTRIAL_METALS,Metals,Industrial Metals Demand,AWAY,Equities,Consumer Discretionary,Travel & Leisure,Contextual,20,Single contextual evidence source,False,,True,False,Copper Demand | Manufacturing Demand,E-Commerce Demand | Travel Demand,Economic-driver text match,1.2
INDUSTRIAL_METALS,Metals,Industrial Metals Demand,BETZ,Equities,Consumer Discretionary,Gaming & Betting,Contextual,20,Single contextual evidence source,False,,True,False,Copper Demand | Manufacturing Demand,E-Commerce Demand | Travel Demand,Economic-driver text match,1.2
INDUSTRIAL_METALS,Metals,Industrial Metals Demand,CORN,Commodities,Agriculture,Agriculture Commodities,Contextual,20,Single contextual evidence source,False,,True,False,Copper Demand | Manufacturing Demand | Mine Supply,Corn Supply | Ethanol Demand | Export Demand,Economic-driver text match,1.2
INDUSTRIAL_METALS,Metals,Industrial Metals Demand,CPER,Commodities,Metals,Industrial Metals,Contextual,20,Single contextual evidence source,False,,True,False,Copper Demand | Inventories | Manufacturing Demand | Mine Supply,China Demand | Energy Transition Demand | Global Manufacturing | Industrial Metals Demand | Inventories | Mine Supply,Economic-driver text match,1.2
INDUSTRIAL_METALS,Metals,Industrial Metals Demand,DBA,Commodities,Agriculture,Agriculture Commodities,Contextual,20,Single contextual evidence source,False,,True,False,Copper Demand | Manufacturing Demand | Mine Supply,Agricultural Demand | Agricultural Supply | Export Demand,Economic-driver text match,1.2
INDUSTRIAL_METALS,Metals,Industrial Metals Demand,DRAM,Equities,Technology,Semiconductors,Contextual,20,Single contextual evidence source,False,,True,False,Copper Demand | Manufacturing Demand | Mine Supply,AI Infrastructure Demand | HBM Demand | Memory Supply Discipline | PC Demand | Smartphone Demand,Economic-driver text match,1.2
INDUSTRIAL_METALS,Metals,Industrial Metals Demand,ETHE,Digital Assets,Crypto,Crypto Assets,Contextual,20,Single contextual evidence source,False,,True,False,Copper Demand | Manufacturing Demand,Ethereum Spot Demand,Economic-driver text match,1.2
INDUSTRIAL_METALS,Metals,Industrial Metals Demand,GLD,Commodities,Precious Metals,Precious Metals,Contextual,20,Single contextual evidence source,False,,True,False,Copper Demand | Manufacturing Demand,Central Bank Demand | Central Bank Gold Demand | Physical Demand | Safe-Haven Demand,Economic-driver text match,1.2
INDUSTRIAL_METALS,Metals,Industrial Metals Demand,IBB,Equities,Health Care,Biotechnology,Contextual,20,Single contextual evidence source,False,,True,False,Copper Demand | Manufacturing Demand,Drug / Therapy Demand,Economic-driver text match,1.2
INDUSTRIAL_METALS,Metals,Industrial Metals Demand,IBIT,Digital Assets,Crypto,Crypto Assets,Contextual,20,Single contextual evidence source,False,,True,False,Copper Demand | Manufacturing Demand,Bitcoin Spot Demand,Economic-driver text match,1.2
INDUSTRIAL_METALS,Metals,Industrial Metals Demand,IEF,Fixed Income,Treasuries,Intermediate Treasuries,Contextual,20,Single contextual evidence source,False,,True,False,Copper Demand | Manufacturing Demand | Mine Supply,Safe-Haven Demand | Treasury Supply,Economic-driver text match,1.2
INDUSTRIAL_METALS,Metals,Industrial Metals Demand,ITA,Equities,Industrials,Aerospace & Defense,Contextual,20,Single contextual evidence source,False,,True,False,Copper Demand | Manufacturing Demand,Aircraft Demand | Geopolitical Security Demand,Economic-driver text match,1.2
INDUSTRIAL_METALS,Metals,Industrial Metals Demand,OIH,Equities,Energy,Oil & Gas Services,Contextual,20,Single contextual evidence source,False,,True,False,Inventories,Crude Inventories,Economic-driver text match,1.2
INDUSTRIAL_METALS,Metals,Industrial Metals Demand,ONLN,Equities,Consumer Discretionary,E-Commerce,Contextual,20,Single contextual evidence source,False,,True,False,Copper Demand | Manufacturing Demand,E-Commerce Demand | Travel Demand,Economic-driver text match,1.2
INDUSTRIAL_METALS,Metals,Industrial Metals Demand,PAVE,Equities,Industrials,Infrastructure,Contextual,20,Single contextual evidence source,False,,True,False,Copper Demand | Manufacturing Demand,Manufacturing Investment | Transportation Demand,Economic-driver text match,1.2
INDUSTRIAL_METALS,Metals,Industrial Metals Demand,PEJ,Equities,Consumer Discretionary,Travel & Leisure,Contextual,20,Single contextual evidence source,False,,True,False,Copper Demand | Manufacturing Demand,E-Commerce Demand | Travel Demand,Economic-driver text match,1.2
INDUSTRIAL_METALS,Metals,Industrial Metals Demand,PPH,Equities,Health Care,Pharmaceuticals,Contextual,20,Single contextual evidence source,False,,True,False,Copper Demand | Manufacturing Demand,Drug / Therapy Demand,Economic-driver text match,1.2
INDUSTRIAL_METALS,Metals,Industrial Metals Demand,REZ,Equities,Real Estate,Real Estate,Contextual,20,Single contextual evidence source,False,,True,False,Copper Demand | Manufacturing Demand,Property Demand,Economic-driver text match,1.2
INDUSTRIAL_METALS,Metals,Industrial Metals Demand,SHY,Fixed Income,Treasuries,Short Treasuries,Contextual,20,Single contextual evidence source,False,,True,False,Copper Demand | Manufacturing Demand | Mine Supply,Safe-Haven Demand | Treasury Supply,Economic-driver text match,1.2
INDUSTRIAL_METALS,Metals,Industrial Metals Demand,SLV,Commodities,Precious Metals,Precious Metals,Contextual,20,Single contextual evidence source,False,,True,False,Copper Demand | Manufacturing Demand | Mine Supply,Industrial Silver Demand | Mine Supply | Precious Metals Demand | Solar / Electronics Demand,Economic-driver text match,1.2
INDUSTRIAL_METALS,Metals,Industrial Metals Demand,SMH,Equities,Technology,Semiconductors,Contextual,20,Single contextual evidence source,False,,True,False,Copper Demand | Manufacturing Demand,AI Infrastructure Demand | Consumer Electronics Demand | Semiconductor Demand,Economic-driver text match,1.2
INDUSTRIAL_METALS,Metals,Industrial Metals Demand,SOXX,Equities,Technology,Semiconductors,Contextual,20,Single contextual evidence source,False,,True,False,Copper Demand | Manufacturing Demand,AI Infrastructure Demand | Consumer Electronics Demand | Semiconductor Demand,Economic-driver text match,1.2
INDUSTRIAL_METALS,Metals,Industrial Metals Demand,SRVR,Equities,Real Estate,Digital Infrastructure,Contextual,20,Single contextual evidence source,False,,True,False,Copper Demand | Manufacturing Demand,Data Center Demand,Economic-driver text match,1.2
INDUSTRIAL_METALS,Metals,Industrial Metals Demand,TIP,Fixed Income,Treasuries,Inflation-Protected Bonds,Contextual,20,Single contextual evidence source,False,,True,False,Copper Demand | Manufacturing Demand | Mine Supply,Safe-Haven Demand | Treasury Supply,Economic-driver text match,1.2
INDUSTRIAL_METALS,Metals,Industrial Metals Demand,TLT,Fixed Income,Treasuries,Long Treasuries,Contextual,20,Single contextual evidence source,False,,True,False,Copper Demand | Manufacturing Demand | Mine Supply,Safe-Haven Demand | Treasury Supply,Economic-driver text match,1.2
INDUSTRIAL_METALS,Metals,Industrial Metals Demand,UNG,Commodities,Energy,Energy Commodities,Contextual,20,Single contextual evidence source,False,,True,False,Copper Demand | Manufacturing Demand,LNG Export Demand | Power Demand,Economic-driver text match,1.2
INDUSTRIAL_METALS,Metals,Industrial Metals Demand,USO,Commodities,Energy,Energy Commodities,Contextual,20,Single contextual evidence source,False,,True,False,Copper Demand | Inventories | Manufacturing Demand | Mine Supply,Crude Inventories | Geopolitical Supply Risk | Global Oil Demand | Global Oil Supply,Economic-driver text match,1.2
INDUSTRIAL_METALS,Metals,Industrial Metals Demand,UUP,Currencies,U.S. Dollar,Currencies,Contextual,20,Single contextual evidence source,False,,True,False,Copper Demand | Manufacturing Demand,Safe-Haven Demand | Safe-Haven Dollar Demand,Economic-driver text match,1.2
INDUSTRIAL_METALS,Metals,Industrial Metals Demand,VIXY,Volatility,Equity Volatility,Volatility,Contextual,20,Single contextual evidence source,False,,True,False,Copper Demand | Manufacturing Demand,Options Demand,Economic-driver text match,1.2
INDUSTRIAL_METALS,Metals,Industrial Metals Demand,VNQ,Equities,Real Estate,Real Estate,Contextual,20,Single contextual evidence source,False,,True,False,Copper Demand | Manufacturing Demand,Property Demand,Economic-driver text match,1.2
INDUSTRIAL_METALS,Metals,Industrial Metals Demand,WEAT,Commodities,Agriculture,Agriculture Commodities,Contextual,20,Single contextual evidence source,False,,True,False,Mine Supply,Black Sea Supply | Wheat Supply,Economic-driver text match,1.2
INDUSTRIAL_METALS,Metals,Industrial Metals Demand,XBI,Equities,Health Care,Biotechnology,Contextual,20,Single contextual evidence source,False,,True,False,Copper Demand | Manufacturing Demand,Drug / Therapy Demand,Economic-driver text match,1.2
INDUSTRIAL_METALS,Metals,Industrial Metals Demand,XLC,Equities,Communication Services,Communication Services,Contextual,20,Single contextual evidence source,False,,True,False,Copper Demand | Manufacturing Demand,Advertising Demand,Economic-driver text match,1.2
INDUSTRIAL_METALS,Metals,Industrial Metals Demand,XLE,Equities,Energy,Energy,Contextual,20,Single contextual evidence source,False,,True,False,Copper Demand | Inventories | Manufacturing Demand | Mine Supply,Crude Inventories | Energy Demand | Energy Supply,Economic-driver text match,1.2
INDUSTRIAL_METALS,Metals,Industrial Metals Demand,XLI,Equities,Industrials,Industrials,Contextual,20,Single contextual evidence source,False,,True,False,Copper Demand | Manufacturing Demand,Manufacturing Investment | Transportation Demand,Economic-driver text match,1.2
INDUSTRIAL_METALS,Metals,Industrial Metals Demand,XLP,Equities,Consumer Staples,Consumer Staples,Contextual,20,Single contextual evidence source,False,,True,False,Copper Demand | Manufacturing Demand,Defensive Consumer Demand,Economic-driver text match,1.2
INDUSTRIAL_METALS,Metals,Industrial Metals Demand,XLRE,Equities,Real Estate,Real Estate,Contextual,20,Single contextual evidence source,False,,True,False,Copper Demand | Manufacturing Demand,Property Demand,Economic-driver text match,1.2
INDUSTRIAL_METALS,Metals,Industrial Metals Demand,XLU,Equities,Utilities,Utilities,Contextual,20,Single contextual evidence source,False,,True,False,Copper Demand | Manufacturing Demand,Data Center Power Demand | Electricity Demand,Economic-driver text match,1.2
INDUSTRIAL_METALS,Metals,Industrial Metals Demand,XLV,Equities,Health Care,Health Care,Contextual,20,Single contextual evidence source,False,,True,False,Copper Demand | Manufacturing Demand,Drug / Therapy Demand,Economic-driver text match,1.2
INDUSTRIAL_METALS,Metals,Industrial Metals Demand,XLY,Equities,Consumer Discretionary,Consumer Discretionary,Contextual,20,Single contextual evidence source,False,,True,False,Copper Demand | Manufacturing Demand,E-Commerce Demand | Travel Demand,Economic-driver text match,1.2
INDUSTRIAL_METALS,Metals,Industrial Metals Demand,XOP,Equities,Energy,Oil & Gas E&P,Contextual,20,Single contextual evidence source,False,,True,False,Inventories | Mine Supply,Crude Inventories | OPEC+ Supply Policy,Economic-driver text match,1.2
INFLATION,Macro,Inflation,GLD,Commodities,Precious Metals,Precious Metals,Contextual,40,Multiple contextual evidence sources,True,Inflation,True,True,Breakeven Inflation | Inflation Expectations,Inflation Expectations,37A-to-37B crosswalk | Economic-driver text match | 37B example exposure,1.2
INFLATION,Macro,Inflation,IEF,Fixed Income,Treasuries,Intermediate Treasuries,Contextual,40,Multiple contextual evidence sources,True,Inflation,True,False,Breakeven Inflation | Inflation Expectations,Federal Reserve Expectations | Fiscal Expectations | Inflation Expectations,37A-to-37B crosswalk | Economic-driver text match,1.2
INFLATION,Macro,Inflation,PDBC,Commodities,Broad Commodities,Broad Commodities,Contextual,40,Multiple contextual evidence sources,True,Inflation,True,False,Breakeven Inflation | Inflation Expectations,Inflation,37A-to-37B crosswalk | Economic-driver text match,1.2
INFLATION,Macro,Inflation,QQQ,Equities,Broad Market,Large Cap Growth,Contextual,40,Multiple contextual evidence sources,True,Inflation,False,True,,,37A-to-37B crosswalk | 37B example exposure,1.2
INFLATION,Macro,Inflation,SHY,Fixed Income,Treasuries,Short Treasuries,Contextual,40,Multiple contextual evidence sources,True,Inflation,True,False,Inflation Expectations,Fed Funds Expectations | Fiscal Expectations,37A-to-37B crosswalk | Economic-driver text match,1.2
INFLATION,Macro,Inflation,SPY,Equities,Broad Market,Large Cap U.S.,Contextual,40,Multiple contextual evidence sources,True,Inflation,False,True,,,37A-to-37B crosswalk | 37B example exposure,1.2
INFLATION,Macro,Inflation,TIP,Fixed Income,Treasuries,Inflation-Protected Bonds,Contextual,40,Multiple contextual evidence sources,True,Inflation,True,True,Breakeven Inflation | Inflation Expectations,Federal Reserve Expectations | Fiscal Expectations | Inflation Expectations,37A-to-37B crosswalk | Economic-driver text match | 37B example exposure,1.2
INFLATION,Macro,Inflation,TLT,Fixed Income,Treasuries,Long Treasuries,Contextual,40,Multiple contextual evidence sources,True,Inflation,True,True,Breakeven Inflation | Inflation Expectations,Federal Reserve Expectations | Fiscal Expectations | Inflation Expectations,37A-to-37B crosswalk | Economic-driver text match | 37B example exposure,1.2
INFLATION,Macro,Inflation,UUP,Currencies,U.S. Dollar,Currencies,Contextual,40,Multiple contextual evidence sources,True,Inflation,True,True,Inflation Expectations,Federal Reserve Expectations,37A-to-37B crosswalk | Economic-driver text match | 37B example exposure,1.2
INFLATION,Macro,Inflation,AWAY,Equities,Consumer Discretionary,Travel & Leisure,Contextual,20,Single contextual evidence source,True,Inflation,False,False,,,37A-to-37B crosswalk,1.2
INFLATION,Macro,Inflation,BETZ,Equities,Consumer Discretionary,Gaming & Betting,Contextual,20,Single contextual evidence source,True,Inflation,False,False,,,37A-to-37B crosswalk,1.2
INFLATION,Macro,Inflation,DIA,Equities,Broad Market,Large Cap U.S.,Contextual,20,Single contextual evidence source,True,Inflation,False,False,,,37A-to-37B crosswalk,1.2
INFLATION,Macro,Inflation,IWM,Equities,Broad Market,Small Cap U.S.,Contextual,20,Single contextual evidence source,True,Inflation,False,False,,,37A-to-37B crosswalk,1.2
INFLATION,Macro,Inflation,ONLN,Equities,Consumer Discretionary,E-Commerce,Contextual,20,Single contextual evidence source,True,Inflation,False,False,,,37A-to-37B crosswalk,1.2
INFLATION,Macro,Inflation,PEJ,Equities,Consumer Discretionary,Travel & Leisure,Contextual,20,Single contextual evidence source,True,Inflation,False,False,,,37A-to-37B crosswalk,1.2
INFLATION,Macro,Inflation,RSP,Equities,Broad Market,Large Cap U.S.,Contextual,20,Single contextual evidence source,True,Inflation,False,False,,,37A-to-37B crosswalk,1.2
INFLATION,Macro,Inflation,SLV,Commodities,Precious Metals,Precious Metals,Contextual,20,Single contextual evidence source,True,Inflation,False,False,,,37A-to-37B crosswalk,1.2
INFLATION,Macro,Inflation,VOO,Equities,Broad Market,Large Cap U.S.,Contextual,20,Single contextual evidence source,True,Inflation,False,False,,,37A-to-37B crosswalk,1.2
INFLATION,Macro,Inflation,XLP,Equities,Consumer Staples,Consumer Staples,Contextual,20,Single contextual evidence source,True,Inflation,False,False,,,37A-to-37B crosswalk,1.2
INFLATION,Macro,Inflation,XLY,Equities,Consumer Discretionary,Consumer Discretionary,Contextual,20,Single contextual evidence source,True,Inflation,False,False,,,37A-to-37B crosswalk,1.2
INFRASTRUCTURE_SPENDING,Industrials,Infrastructure Spending,PAVE,Equities,Industrials,Infrastructure,Contextual,40,Multiple contextual evidence sources,False,,True,True,Construction Investment | Government Spending | Infrastructure Projects,Defense Spending | Government Spending | Infrastructure Spending | Manufacturing Investment,Economic-driver text match | 37B example exposure,1.2
INFRASTRUCTURE_SPENDING,Industrials,Infrastructure Spending,XLB,Equities,Materials,Materials,Contextual,40,Multiple contextual evidence sources,False,,True,True,Government Spending | Infrastructure Projects,Infrastructure Spending,Economic-driver text match | 37B example exposure,1.2
INFRASTRUCTURE_SPENDING,Industrials,Infrastructure Spending,XLI,Equities,Industrials,Industrials,Contextual,40,Multiple contextual evidence sources,False,,True,True,Construction Investment | Government Spending | Infrastructure Projects,Defense Spending | Government Spending | Infrastructure Spending | Manufacturing Investment,Economic-driver text match | 37B example exposure,1.2
INFRASTRUCTURE_SPENDING,Industrials,Infrastructure Spending,AIQ,Equities,Technology,AI & Automation,Contextual,20,Single contextual evidence source,False,,True,False,Government Spending,Automation Spending | Cloud Spending | Enterprise IT Spending,Economic-driver text match,1.2
INFRASTRUCTURE_SPENDING,Industrials,Infrastructure Spending,AIRR,Equities,Industrials,Industrial Reshoring,Contextual,20,Single contextual evidence source,False,,True,False,Construction Investment | Government Spending | Infrastructure Projects,Defense Spending | Government Spending | Infrastructure Spending | Manufacturing Investment,Economic-driver text match,1.2
INFRASTRUCTURE_SPENDING,Industrials,Infrastructure Spending,AMLP,Equities,Energy,Energy Infrastructure,Contextual,20,Single contextual evidence source,False,,True,False,Infrastructure Projects,Energy Infrastructure Demand,Economic-driver text match,1.2
INFRASTRUCTURE_SPENDING,Industrials,Infrastructure Spending,AWAY,Equities,Consumer Discretionary,Travel & Leisure,Contextual,20,Single contextual evidence source,False,,True,False,Government Spending,Consumer Spending,Economic-driver text match,1.2
INFRASTRUCTURE_SPENDING,Industrials,Infrastructure Spending,BATT,Equities,Materials,Energy Transition Materials,Contextual,20,Single contextual evidence source,False,,True,False,Government Spending | Infrastructure Projects,Infrastructure Spending,Economic-driver text match,1.2
INFRASTRUCTURE_SPENDING,Industrials,Infrastructure Spending,BETZ,Equities,Consumer Discretionary,Gaming & Betting,Contextual,20,Single contextual evidence source,False,,True,False,Government Spending,Consumer Spending,Economic-driver text match,1.2
INFRASTRUCTURE_SPENDING,Industrials,Infrastructure Spending,BOTZ,Equities,Technology,AI & Automation,Contextual,20,Single contextual evidence source,False,,True,False,Government Spending,Automation Spending | Cloud Spending | Enterprise IT Spending,Economic-driver text match,1.2
INFRASTRUCTURE_SPENDING,Industrials,Infrastructure Spending,CIBR,Equities,Technology,Cybersecurity,Contextual,20,Single contextual evidence source,False,,True,False,Government Spending,Cloud Spending | Cybersecurity Spending | Enterprise IT Spending,Economic-driver text match,1.2
INFRASTRUCTURE_SPENDING,Industrials,Infrastructure Spending,COPX,Equities,Materials,Metals & Mining,Contextual,20,Single contextual evidence source,False,,True,False,Government Spending | Infrastructure Projects,Infrastructure Spending,Economic-driver text match,1.2
INFRASTRUCTURE_SPENDING,Industrials,Infrastructure Spending,CPER,Commodities,Metals,Industrial Metals,Contextual,20,Single contextual evidence source,False,,True,False,Government Spending | Infrastructure Projects,Infrastructure Spending,Economic-driver text match,1.2
INFRASTRUCTURE_SPENDING,Industrials,Infrastructure Spending,DRAM,Equities,Technology,Semiconductors,Contextual,20,Single contextual evidence source,False,,True,False,Infrastructure Projects,AI Infrastructure Demand,Economic-driver text match,1.2
INFRASTRUCTURE_SPENDING,Industrials,Infrastructure Spending,GLD,Commodities,Precious Metals,Precious Metals,Contextual,20,Single contextual evidence source,False,,True,False,Construction Investment,Investment Flows,Economic-driver text match,1.2
INFRASTRUCTURE_SPENDING,Industrials,Infrastructure Spending,IGV,Equities,Technology,Software,Contextual,20,Single contextual evidence source,False,,True,False,Government Spending,Cloud Spending | Enterprise IT Spending | Enterprise Software Spending,Economic-driver text match,1.2
INFRASTRUCTURE_SPENDING,Industrials,Infrastructure Spending,ITA,Equities,Industrials,Aerospace & Defense,Contextual,20,Single contextual evidence source,False,,True,False,Government Spending,Defense Spending | Government Contracts,Economic-driver text match,1.2
INFRASTRUCTURE_SPENDING,Industrials,Infrastructure Spending,LITP,Equities,Materials,Energy Transition Materials,Contextual,20,Single contextual evidence source,False,,True,False,Government Spending | Infrastructure Projects,Infrastructure Spending,Economic-driver text match,1.2
INFRASTRUCTURE_SPENDING,Industrials,Infrastructure Spending,ONLN,Equities,Consumer Discretionary,E-Commerce,Contextual,20,Single contextual evidence source,False,,True,False,Government Spending,Consumer Spending,Economic-driver text match,1.2
INFRASTRUCTURE_SPENDING,Industrials,Infrastructure Spending,PEJ,Equities,Consumer Discretionary,Travel & Leisure,Contextual,20,Single contextual evidence source,False,,True,False,Government Spending,Consumer Spending,Economic-driver text match,1.2
INFRASTRUCTURE_SPENDING,Industrials,Infrastructure Spending,SKYY,Equities,Technology,Cloud & Software,Contextual,20,Single contextual evidence source,False,,True,False,Government Spending,Cloud Spending | Enterprise IT Spending | Enterprise Software Spending,Economic-driver text match,1.2
INFRASTRUCTURE_SPENDING,Industrials,Infrastructure Spending,SLV,Commodities,Precious Metals,Precious Metals,Contextual,20,Single contextual evidence source,False,,True,False,Construction Investment,Investment Flows,Economic-driver text match,1.2
INFRASTRUCTURE_SPENDING,Industrials,Infrastructure Spending,SLX,Equities,Materials,Metals & Mining,Contextual,20,Single contextual evidence source,False,,True,False,Government Spending | Infrastructure Projects,Infrastructure Spending,Economic-driver text match,1.2
INFRASTRUCTURE_SPENDING,Industrials,Infrastructure Spending,SMH,Equities,Technology,Semiconductors,Contextual,20,Single contextual evidence source,False,,True,False,Government Spending | Infrastructure Projects,AI Infrastructure Demand | Semiconductor Equipment Spending,Economic-driver text match,1.2
INFRASTRUCTURE_SPENDING,Industrials,Infrastructure Spending,SOXX,Equities,Technology,Semiconductors,Contextual,20,Single contextual evidence source,False,,True,False,Government Spending | Infrastructure Projects,AI Infrastructure Demand | Semiconductor Equipment Spending,Economic-driver text match,1.2
INFRASTRUCTURE_SPENDING,Industrials,Infrastructure Spending,SRVR,Equities,Real Estate,Digital Infrastructure,Contextual,20,Single contextual evidence source,False,,True,False,Construction Investment | Infrastructure Projects,AI Infrastructure Buildout | Digital Infrastructure Investment,Economic-driver text match,1.2
INFRASTRUCTURE_SPENDING,Industrials,Infrastructure Spending,XLC,Equities,Communication Services,Communication Services,Contextual,20,Single contextual evidence source,False,,True,False,Construction Investment | Government Spending,AI Investment | Consumer Spending | Content Spending,Economic-driver text match,1.2
INFRASTRUCTURE_SPENDING,Industrials,Infrastructure Spending,XLK,Equities,Technology,Technology,Contextual,20,Single contextual evidence source,False,,True,False,Construction Investment | Government Spending,AI / Digital Investment | Cloud Spending | Enterprise IT Spending | Technology Spending,Economic-driver text match,1.2
INFRASTRUCTURE_SPENDING,Industrials,Infrastructure Spending,XLP,Equities,Consumer Staples,Consumer Staples,Contextual,20,Single contextual evidence source,False,,True,False,Government Spending,Household Spending,Economic-driver text match,1.2
INFRASTRUCTURE_SPENDING,Industrials,Infrastructure Spending,XLY,Equities,Consumer Discretionary,Consumer Discretionary,Contextual,20,Single contextual evidence source,False,,True,False,Government Spending,Consumer Spending,Economic-driver text match,1.2
LABOR_MARKET,Macro,Labor Market,IEF,Fixed Income,Treasuries,Intermediate Treasuries,Contextual,40,Multiple contextual evidence sources,True,Labor,False,True,,,37A-to-37B crosswalk | 37B example exposure,1.2
LABOR_MARKET,Macro,Labor Market,QQQ,Equities,Broad Market,Large Cap Growth,Contextual,40,Multiple contextual evidence sources,True,Labor,False,True,,,37A-to-37B crosswalk | 37B example exposure,1.2
LABOR_MARKET,Macro,Labor Market,SPY,Equities,Broad Market,Large Cap U.S.,Contextual,40,Multiple contextual evidence sources,True,Labor,False,True,,,37A-to-37B crosswalk | 37B example exposure,1.2
LABOR_MARKET,Macro,Labor Market,TLT,Fixed Income,Treasuries,Long Treasuries,Contextual,40,Multiple contextual evidence sources,True,Labor,False,True,,,37A-to-37B crosswalk | 37B example exposure,1.2
LABOR_MARKET,Macro,Labor Market,UUP,Currencies,U.S. Dollar,Currencies,Contextual,40,Multiple contextual evidence sources,True,Labor,False,True,,,37A-to-37B crosswalk | 37B example exposure,1.2
LABOR_MARKET,Macro,Labor Market,AWAY,Equities,Consumer Discretionary,Travel & Leisure,Contextual,20,Single contextual evidence source,True,Labor,False,False,,,37A-to-37B crosswalk,1.2
LABOR_MARKET,Macro,Labor Market,BETZ,Equities,Consumer Discretionary,Gaming & Betting,Contextual,20,Single contextual evidence source,True,Labor,False,False,,,37A-to-37B crosswalk,1.2
LABOR_MARKET,Macro,Labor Market,DIA,Equities,Broad Market,Large Cap U.S.,Contextual,20,Single contextual evidence source,True,Labor,False,False,,,37A-to-37B crosswalk,1.2
LABOR_MARKET,Macro,Labor Market,IWM,Equities,Broad Market,Small Cap U.S.,Contextual,20,Single contextual evidence source,True,Labor,False,False,,,37A-to-37B crosswalk,1.2
LABOR_MARKET,Macro,Labor Market,ONLN,Equities,Consumer Discretionary,E-Commerce,Contextual,20,Single contextual evidence source,True,Labor,False,False,,,37A-to-37B crosswalk,1.2
LABOR_MARKET,Macro,Labor Market,PEJ,Equities,Consumer Discretionary,Travel & Leisure,Contextual,20,Single contextual evidence source,True,Labor,False,False,,,37A-to-37B crosswalk,1.2
LABOR_MARKET,Macro,Labor Market,RSP,Equities,Broad Market,Large Cap U.S.,Contextual,20,Single contextual evidence source,True,Labor,False,False,,,37A-to-37B crosswalk,1.2
LABOR_MARKET,Macro,Labor Market,SHY,Fixed Income,Treasuries,Short Treasuries,Contextual,20,Single contextual evidence source,True,Labor,False,False,,,37A-to-37B crosswalk,1.2
LABOR_MARKET,Macro,Labor Market,TIP,Fixed Income,Treasuries,Inflation-Protected Bonds,Contextual,20,Single contextual evidence source,True,Labor,False,False,,,37A-to-37B crosswalk,1.2
LABOR_MARKET,Macro,Labor Market,VOO,Equities,Broad Market,Large Cap U.S.,Contextual,20,Single contextual evidence source,True,Labor,False,False,,,37A-to-37B crosswalk,1.2
LABOR_MARKET,Macro,Labor Market,XLY,Equities,Consumer Discretionary,Consumer Discretionary,Contextual,20,Single contextual evidence source,True,Labor,False,False,,,37A-to-37B crosswalk,1.2
MANUFACTURING,Industrials,Manufacturing Activity,AIRR,Equities,Industrials,Industrial Reshoring,Contextual,40,Multiple contextual evidence sources,True,Manufacturing,True,False,Business Investment | Industrial Production | Orders,Industrial Activity | Manufacturing Investment | Orders,37A-to-37B crosswalk | Economic-driver text match,1.2
MANUFACTURING,Industrials,Manufacturing Activity,BATT,Equities,Materials,Energy Transition Materials,Contextual,40,Multiple contextual evidence sources,True,Manufacturing,True,False,Industrial Production,Industrial Demand,37A-to-37B crosswalk | Economic-driver text match,1.2
MANUFACTURING,Industrials,Manufacturing Activity,COPX,Equities,Materials,Metals & Mining,Contextual,40,Multiple contextual evidence sources,True,Manufacturing,True,True,Industrial Production,Industrial Demand,37A-to-37B crosswalk | Economic-driver text match | 37B example exposure,1.2
MANUFACTURING,Industrials,Manufacturing Activity,LITP,Equities,Materials,Energy Transition Materials,Contextual,40,Multiple contextual evidence sources,True,Manufacturing,True,False,Industrial Production,Industrial Demand,37A-to-37B crosswalk | Economic-driver text match,1.2
MANUFACTURING,Industrials,Manufacturing Activity,PAVE,Equities,Industrials,Infrastructure,Contextual,40,Multiple contextual evidence sources,True,Manufacturing,True,True,Business Investment | Industrial Production | Orders,Industrial Activity | Manufacturing Investment | Orders,37A-to-37B crosswalk | Economic-driver text match | 37B example exposure,1.2
MANUFACTURING,Industrials,Manufacturing Activity,SLX,Equities,Materials,Metals & Mining,Contextual,40,Multiple contextual evidence sources,True,Manufacturing,True,False,Industrial Production,Industrial Demand,37A-to-37B crosswalk | Economic-driver text match,1.2
MANUFACTURING,Industrials,Manufacturing Activity,XLB,Equities,Materials,Materials,Contextual,40,Multiple contextual evidence sources,True,Manufacturing,True,True,Industrial Production,Industrial Demand,37A-to-37B crosswalk | Economic-driver text match | 37B example exposure,1.2
MANUFACTURING,Industrials,Manufacturing Activity,XLI,Equities,Industrials,Industrials,Contextual,40,Multiple contextual evidence sources,True,Manufacturing,True,True,Business Investment | Industrial Production | Orders,Industrial Activity | Manufacturing Investment | Orders,37A-to-37B crosswalk | Economic-driver text match | 37B example exposure,1.2
MANUFACTURING,Industrials,Manufacturing Activity,AMLP,Equities,Energy,Energy Infrastructure,Contextual,20,Single contextual evidence source,False,,True,False,Industrial Production,Energy Production,Economic-driver text match,1.2
MANUFACTURING,Industrials,Manufacturing Activity,CORN,Commodities,Agriculture,Agriculture Commodities,Contextual,20,Single contextual evidence source,False,,True,False,Industrial Production,Global Corn Production,Economic-driver text match,1.2
MANUFACTURING,Industrials,Manufacturing Activity,CPER,Commodities,Metals,Industrial Metals,Contextual,20,Single contextual evidence source,False,,True,False,Industrial Production,Industrial Metals Demand,Economic-driver text match,1.2
MANUFACTURING,Industrials,Manufacturing Activity,DBA,Commodities,Agriculture,Agriculture Commodities,Contextual,20,Single contextual evidence source,False,,True,False,Industrial Production,Global Crop Production,Economic-driver text match,1.2
MANUFACTURING,Industrials,Manufacturing Activity,GLD,Commodities,Precious Metals,Precious Metals,Contextual,20,Single contextual evidence source,False,,True,False,Business Investment,Investment Flows,Economic-driver text match,1.2
MANUFACTURING,Industrials,Manufacturing Activity,ITA,Equities,Industrials,Aerospace & Defense,Contextual,20,Single contextual evidence source,False,,True,False,Orders,Aerospace Orders,Economic-driver text match,1.2
MANUFACTURING,Industrials,Manufacturing Activity,OIH,Equities,Energy,Oil & Gas Services,Contextual,20,Single contextual evidence source,False,,True,False,Industrial Production,U.S. Production,Economic-driver text match,1.2
MANUFACTURING,Industrials,Manufacturing Activity,SLV,Commodities,Precious Metals,Precious Metals,Contextual,20,Single contextual evidence source,False,,True,False,Business Investment | Industrial Production,Industrial Silver Demand | Investment Flows,Economic-driver text match,1.2
MANUFACTURING,Industrials,Manufacturing Activity,SRVR,Equities,Real Estate,Digital Infrastructure,Contextual,20,Single contextual evidence source,False,,True,False,Business Investment,Digital Infrastructure Investment,Economic-driver text match,1.2
MANUFACTURING,Industrials,Manufacturing Activity,UNG,Commodities,Energy,Energy Commodities,Contextual,20,Single contextual evidence source,False,,True,False,Industrial Production,Production | U.S. Gas Production,Economic-driver text match,1.2
MANUFACTURING,Industrials,Manufacturing Activity,USO,Commodities,Energy,Energy Commodities,Contextual,20,Single contextual evidence source,False,,True,False,Industrial Production,U.S. Production,Economic-driver text match,1.2
MANUFACTURING,Industrials,Manufacturing Activity,WEAT,Commodities,Agriculture,Agriculture Commodities,Contextual,20,Single contextual evidence source,False,,True,False,Industrial Production,Global Wheat Production,Economic-driver text match,1.2
MANUFACTURING,Industrials,Manufacturing Activity,XLC,Equities,Communication Services,Communication Services,Contextual,20,Single contextual evidence source,False,,True,False,Business Investment,AI Investment,Economic-driver text match,1.2
MANUFACTURING,Industrials,Manufacturing Activity,XLE,Equities,Energy,Energy,Contextual,20,Single contextual evidence source,False,,True,False,Industrial Production,U.S. Production,Economic-driver text match,1.2
MANUFACTURING,Industrials,Manufacturing Activity,XLK,Equities,Technology,Technology,Contextual,20,Single contextual evidence source,False,,True,False,Business Investment,AI / Digital Investment,Economic-driver text match,1.2
MANUFACTURING,Industrials,Manufacturing Activity,XOP,Equities,Energy,Oil & Gas E&P,Contextual,20,Single contextual evidence source,False,,True,False,Industrial Production,E&P Production Economics | U.S. Oil Production,Economic-driver text match,1.2
MARKET_STRESS,Market Structure,Market Stress,ETHE,Digital Assets,Crypto,Crypto Assets,Contextual,40,Multiple contextual evidence sources,True,Market Structure,True,False,Systemic Risk,Crypto Risk Appetite,37A-to-37B crosswalk | Economic-driver text match,1.2
MARKET_STRESS,Market Structure,Market Stress,GLD,Commodities,Precious Metals,Precious Metals,Contextual,40,Multiple contextual evidence sources,True,Financial Stress,False,True,,,37A-to-37B crosswalk | 37B example exposure,1.2
MARKET_STRESS,Market Structure,Market Stress,IBIT,Digital Assets,Crypto,Crypto Assets,Contextual,40,Multiple contextual evidence sources,True,Market Structure,True,False,Systemic Risk,Crypto Risk Appetite,37A-to-37B crosswalk | Economic-driver text match,1.2
MARKET_STRESS,Market Structure,Market Stress,QQQ,Equities,Broad Market,Large Cap Growth,Contextual,40,Multiple contextual evidence sources,False,,True,True,Systemic Risk,Equity Risk Appetite,Economic-driver text match | 37B example exposure,1.2
MARKET_STRESS,Market Structure,Market Stress,SPY,Equities,Broad Market,Large Cap U.S.,Contextual,40,Multiple contextual evidence sources,False,,True,True,Systemic Risk,Equity Risk Appetite,Economic-driver text match | 37B example exposure,1.2
MARKET_STRESS,Market Structure,Market Stress,VIXY,Volatility,Equity Volatility,Volatility,Contextual,40,Multiple contextual evidence sources,False,,True,True,Deleveraging | Systemic Risk | VIX | Volatility,Equity Volatility | Event Risk | Systematic Deleveraging | VIX Futures | Volatility Term Structure,Economic-driver text match | 37B example exposure,1.2
MARKET_STRESS,Market Structure,Market Stress,DIA,Equities,Broad Market,Large Cap U.S.,Contextual,20,Single contextual evidence source,False,,True,False,Systemic Risk,Equity Risk Appetite,Economic-driver text match,1.2
MARKET_STRESS,Market Structure,Market Stress,IWM,Equities,Broad Market,Small Cap U.S.,Contextual,20,Single contextual evidence source,False,,True,False,Systemic Risk,Equity Risk Appetite,Economic-driver text match,1.2
MARKET_STRESS,Market Structure,Market Stress,RSP,Equities,Broad Market,Large Cap U.S.,Contextual,20,Single contextual evidence source,False,,True,False,Systemic Risk,Equity Risk Appetite,Economic-driver text match,1.2
MARKET_STRESS,Market Structure,Market Stress,SLV,Commodities,Precious Metals,Precious Metals,Contextual,20,Single contextual evidence source,True,Financial Stress,False,False,,,37A-to-37B crosswalk,1.2
MARKET_STRESS,Market Structure,Market Stress,TLT,Fixed Income,Treasuries,Long Treasuries,Contextual,20,Single contextual evidence source,False,,False,True,,,37B example exposure,1.2
MARKET_STRESS,Market Structure,Market Stress,USO,Commodities,Energy,Energy Commodities,Contextual,20,Single contextual evidence source,False,,True,False,Systemic Risk,Geopolitical Supply Risk,Economic-driver text match,1.2
MARKET_STRESS,Market Structure,Market Stress,UUP,Currencies,U.S. Dollar,Currencies,Contextual,20,Single contextual evidence source,True,Risk Aversion,False,False,,,37A-to-37B crosswalk,1.2
MARKET_STRESS,Market Structure,Market Stress,VOO,Equities,Broad Market,Large Cap U.S.,Contextual,20,Single contextual evidence source,False,,True,False,Systemic Risk,Equity Risk Appetite,Economic-driver text match,1.2
MEMORY_PRICING,Technology,Memory Pricing,ARKG,Equities,Health Care,Biotech & Genomics,Contextual,20,Single contextual evidence source,False,,True,False,Contract Pricing | DRAM Pricing | HBM Pricing | NAND Pricing,Pricing Policy,Economic-driver text match,1.2
MEMORY_PRICING,Technology,Memory Pricing,IBB,Equities,Health Care,Biotechnology,Contextual,20,Single contextual evidence source,False,,True,False,Contract Pricing | DRAM Pricing | HBM Pricing | NAND Pricing,Pricing Policy,Economic-driver text match,1.2
MEMORY_PRICING,Technology,Memory Pricing,PPH,Equities,Health Care,Pharmaceuticals,Contextual,20,Single contextual evidence source,False,,True,False,Contract Pricing | DRAM Pricing | HBM Pricing | NAND Pricing,Pricing Policy,Economic-driver text match,1.2
MEMORY_PRICING,Technology,Memory Pricing,XBI,Equities,Health Care,Biotechnology,Contextual,20,Single contextual evidence source,False,,True,False,Contract Pricing | DRAM Pricing | HBM Pricing | NAND Pricing,Pricing Policy,Economic-driver text match,1.2
MEMORY_PRICING,Technology,Memory Pricing,XLP,Equities,Consumer Staples,Consumer Staples,Contextual,20,Single contextual evidence source,False,,True,False,Contract Pricing | DRAM Pricing | HBM Pricing | NAND Pricing,Pricing Power,Economic-driver text match,1.2
MEMORY_PRICING,Technology,Memory Pricing,XLV,Equities,Health Care,Health Care,Contextual,20,Single contextual evidence source,False,,True,False,Contract Pricing | DRAM Pricing | HBM Pricing | NAND Pricing,Pricing Policy,Economic-driver text match,1.2
MEMORY_SUPPLY,Technology,Memory Supply,AMLP,Equities,Energy,Energy Infrastructure,Contextual,20,Single contextual evidence source,False,,True,False,Utilization,Pipeline Utilization,Economic-driver text match,1.2
MEMORY_SUPPLY,Technology,Memory Supply,CPER,Commodities,Metals,Industrial Metals,Contextual,20,Single contextual evidence source,False,,True,False,Inventories,Inventories,Economic-driver text match,1.2
MEMORY_SUPPLY,Technology,Memory Supply,OIH,Equities,Energy,Oil & Gas Services,Contextual,20,Single contextual evidence source,False,,True,False,Inventories | Producer Capex,Crude Inventories | Producer Capital Expenditure,Economic-driver text match,1.2
MEMORY_SUPPLY,Technology,Memory Supply,USO,Commodities,Energy,Energy Commodities,Contextual,20,Single contextual evidence source,False,,True,False,Inventories,Crude Inventories,Economic-driver text match,1.2
MEMORY_SUPPLY,Technology,Memory Supply,XLE,Equities,Energy,Energy,Contextual,20,Single contextual evidence source,False,,True,False,Inventories | Producer Capex,Crude Inventories | Producer Capital Expenditure | Producer Economics,Economic-driver text match,1.2
MEMORY_SUPPLY,Technology,Memory Supply,XOP,Equities,Energy,Oil & Gas E&P,Contextual,20,Single contextual evidence source,False,,True,False,Inventories | Producer Capex,Crude Inventories | Producer Capital Expenditure,Economic-driver text match,1.2
NATGAS_STORAGE,Energy,Natural Gas Storage,AMLP,Equities,Energy,Energy Infrastructure,Contextual,20,Single contextual evidence source,True,Inventories,False,False,,,37A-to-37B crosswalk,1.2
NATGAS_STORAGE,Energy,Natural Gas Storage,CPER,Commodities,Metals,Industrial Metals,Contextual,20,Single contextual evidence source,True,Inventories,False,False,,,37A-to-37B crosswalk,1.2
NATGAS_STORAGE,Energy,Natural Gas Storage,OIH,Equities,Energy,Oil & Gas Services,Contextual,20,Single contextual evidence source,True,Inventories,False,False,,,37A-to-37B crosswalk,1.2
NATGAS_STORAGE,Energy,Natural Gas Storage,USO,Commodities,Energy,Energy Commodities,Contextual,20,Single contextual evidence source,True,Inventories,False,False,,,37A-to-37B crosswalk,1.2
NATGAS_STORAGE,Energy,Natural Gas Storage,XLE,Equities,Energy,Energy,Contextual,20,Single contextual evidence source,True,Inventories,False,False,,,37A-to-37B crosswalk,1.2
NATGAS_STORAGE,Energy,Natural Gas Storage,XOP,Equities,Energy,Oil & Gas E&P,Contextual,20,Single contextual evidence source,True,Inventories,False,False,,,37A-to-37B crosswalk,1.2
NATGAS_SUPPLY,Energy,Natural Gas Supply,AMLP,Equities,Energy,Energy Infrastructure,Contextual,40,Multiple contextual evidence sources,True,Energy Supply,True,False,Gas Production | Pipeline Flows,Energy Production | Midstream Cash Flows | Pipeline Utilization,37A-to-37B crosswalk | Economic-driver text match,1.2
NATGAS_SUPPLY,Energy,Natural Gas Supply,OIH,Equities,Energy,Oil & Gas Services,Contextual,40,Multiple contextual evidence sources,True,Energy Supply,True,False,Gas Production,U.S. Production,37A-to-37B crosswalk | Economic-driver text match,1.2
NATGAS_SUPPLY,Energy,Natural Gas Supply,USO,Commodities,Energy,Energy Commodities,Contextual,40,Multiple contextual evidence sources,True,Energy Supply,True,False,Gas Production | Supply Disruption,Geopolitical Supply Risk | Global Oil Supply | U.S. Production,37A-to-37B crosswalk | Economic-driver text match,1.2
NATGAS_SUPPLY,Energy,Natural Gas Supply,XOP,Equities,Energy,Oil & Gas E&P,Contextual,40,Multiple contextual evidence sources,True,Energy Supply,True,False,Gas Production | Supply Disruption,E&P Production Economics | OPEC+ Supply Policy | U.S. Oil Production,37A-to-37B crosswalk | Economic-driver text match,1.2
NATGAS_SUPPLY,Energy,Natural Gas Supply,ARKG,Equities,Health Care,Biotech & Genomics,Contextual,20,Single contextual evidence source,False,,True,False,Pipeline Flows,Pipeline Development,Economic-driver text match,1.2
NATGAS_SUPPLY,Energy,Natural Gas Supply,BATT,Equities,Materials,Energy Transition Materials,Contextual,20,Single contextual evidence source,False,,True,False,Supply Disruption,Mine / Material Supply,Economic-driver text match,1.2
NATGAS_SUPPLY,Energy,Natural Gas Supply,COPX,Equities,Materials,Metals & Mining,Contextual,20,Single contextual evidence source,False,,True,False,Supply Disruption,Mine / Material Supply,Economic-driver text match,1.2
NATGAS_SUPPLY,Energy,Natural Gas Supply,CORN,Commodities,Agriculture,Agriculture Commodities,Contextual,20,Single contextual evidence source,False,,True,False,Gas Production | Supply Disruption,Corn Supply | Global Corn Production,Economic-driver text match,1.2
NATGAS_SUPPLY,Energy,Natural Gas Supply,CPER,Commodities,Metals,Industrial Metals,Contextual,20,Single contextual evidence source,False,,True,False,Supply Disruption,Mine Supply,Economic-driver text match,1.2
NATGAS_SUPPLY,Energy,Natural Gas Supply,DBA,Commodities,Agriculture,Agriculture Commodities,Contextual,20,Single contextual evidence source,False,,True,False,Gas Production | Supply Disruption,Agricultural Supply | Global Crop Production,Economic-driver text match,1.2
NATGAS_SUPPLY,Energy,Natural Gas Supply,DRAM,Equities,Technology,Semiconductors,Contextual,20,Single contextual evidence source,False,,True,False,Supply Disruption,Memory Supply Discipline,Economic-driver text match,1.2
NATGAS_SUPPLY,Energy,Natural Gas Supply,ETHE,Digital Assets,Crypto,Crypto Assets,Contextual,20,Single contextual evidence source,False,,True,False,Pipeline Flows,ETF / Fund Flows | Ethereum Fund Flows,Economic-driver text match,1.2
NATGAS_SUPPLY,Energy,Natural Gas Supply,GLD,Commodities,Precious Metals,Precious Metals,Contextual,20,Single contextual evidence source,False,,True,False,Pipeline Flows,Investment Flows,Economic-driver text match,1.2
NATGAS_SUPPLY,Energy,Natural Gas Supply,IBB,Equities,Health Care,Biotechnology,Contextual,20,Single contextual evidence source,False,,True,False,Pipeline Flows,Pipeline Development,Economic-driver text match,1.2
NATGAS_SUPPLY,Energy,Natural Gas Supply,IBIT,Digital Assets,Crypto,Crypto Assets,Contextual,20,Single contextual evidence source,False,,True,False,Pipeline Flows,Bitcoin ETF Flows | ETF / Fund Flows,Economic-driver text match,1.2
NATGAS_SUPPLY,Energy,Natural Gas Supply,IEF,Fixed Income,Treasuries,Intermediate Treasuries,Contextual,20,Single contextual evidence source,False,,True,False,Supply Disruption,Treasury Supply,Economic-driver text match,1.2
NATGAS_SUPPLY,Energy,Natural Gas Supply,LITP,Equities,Materials,Energy Transition Materials,Contextual,20,Single contextual evidence source,False,,True,False,Supply Disruption,Mine / Material Supply,Economic-driver text match,1.2
NATGAS_SUPPLY,Energy,Natural Gas Supply,PDBC,Commodities,Broad Commodities,Broad Commodities,Contextual,20,Single contextual evidence source,False,,True,False,Supply Disruption,Global Supply / Demand,Economic-driver text match,1.2
NATGAS_SUPPLY,Energy,Natural Gas Supply,PPH,Equities,Health Care,Pharmaceuticals,Contextual,20,Single contextual evidence source,False,,True,False,Pipeline Flows,Pipeline Development,Economic-driver text match,1.2
NATGAS_SUPPLY,Energy,Natural Gas Supply,REZ,Equities,Real Estate,Real Estate,Contextual,20,Single contextual evidence source,False,,True,False,Pipeline Flows,Real Estate Cash Flows,Economic-driver text match,1.2
NATGAS_SUPPLY,Energy,Natural Gas Supply,SHY,Fixed Income,Treasuries,Short Treasuries,Contextual,20,Single contextual evidence source,False,,True,False,Supply Disruption,Treasury Supply,Economic-driver text match,1.2
NATGAS_SUPPLY,Energy,Natural Gas Supply,SLV,Commodities,Precious Metals,Precious Metals,Contextual,20,Single contextual evidence source,False,,True,False,Pipeline Flows | Supply Disruption,Investment Flows | Mine Supply,Economic-driver text match,1.2
NATGAS_SUPPLY,Energy,Natural Gas Supply,SLX,Equities,Materials,Metals & Mining,Contextual,20,Single contextual evidence source,False,,True,False,Supply Disruption,Mine / Material Supply,Economic-driver text match,1.2
NATGAS_SUPPLY,Energy,Natural Gas Supply,TIP,Fixed Income,Treasuries,Inflation-Protected Bonds,Contextual,20,Single contextual evidence source,False,,True,False,Supply Disruption,Treasury Supply,Economic-driver text match,1.2
NATGAS_SUPPLY,Energy,Natural Gas Supply,TLT,Fixed Income,Treasuries,Long Treasuries,Contextual,20,Single contextual evidence source,False,,True,False,Supply Disruption,Treasury Supply,Economic-driver text match,1.2
NATGAS_SUPPLY,Energy,Natural Gas Supply,UUP,Currencies,U.S. Dollar,Currencies,Contextual,20,Single contextual evidence source,False,,True,False,Pipeline Flows,Capital Flows,Economic-driver text match,1.2
NATGAS_SUPPLY,Energy,Natural Gas Supply,VNQ,Equities,Real Estate,Real Estate,Contextual,20,Single contextual evidence source,False,,True,False,Pipeline Flows,Real Estate Cash Flows,Economic-driver text match,1.2
NATGAS_SUPPLY,Energy,Natural Gas Supply,WEAT,Commodities,Agriculture,Agriculture Commodities,Contextual,20,Single contextual evidence source,False,,True,False,Gas Production | Supply Disruption,Black Sea Supply | Global Wheat Production | Wheat Supply,Economic-driver text match,1.2
NATGAS_SUPPLY,Energy,Natural Gas Supply,XBI,Equities,Health Care,Biotechnology,Contextual,20,Single contextual evidence source,False,,True,False,Pipeline Flows,Pipeline Development,Economic-driver text match,1.2
NATGAS_SUPPLY,Energy,Natural Gas Supply,XLB,Equities,Materials,Materials,Contextual,20,Single contextual evidence source,False,,True,False,Supply Disruption,Mine / Material Supply,Economic-driver text match,1.2
NATGAS_SUPPLY,Energy,Natural Gas Supply,XLRE,Equities,Real Estate,Real Estate,Contextual,20,Single contextual evidence source,False,,True,False,Pipeline Flows,Real Estate Cash Flows,Economic-driver text match,1.2
NATGAS_SUPPLY,Energy,Natural Gas Supply,XLV,Equities,Health Care,Health Care,Contextual,20,Single contextual evidence source,False,,True,False,Pipeline Flows,Pipeline Development,Economic-driver text match,1.2
OIL_PRODUCTION,Energy,Oil Production,AMLP,Equities,Energy,Energy Infrastructure,Contextual,40,Multiple contextual evidence sources,True,Energy Supply,True,False,Global Production | Production Forecasts | U.S. Production,Energy Production,37A-to-37B crosswalk | Economic-driver text match,1.2
OIL_PRODUCTION,Energy,Oil Production,CORN,Commodities,Agriculture,Agriculture Commodities,Contextual,20,Single contextual evidence source,False,,True,False,Global Production | Production Forecasts | U.S. Production,Global Corn Production | USDA Forecasts,Economic-driver text match,1.2
OIL_PRODUCTION,Energy,Oil Production,DBA,Commodities,Agriculture,Agriculture Commodities,Contextual,20,Single contextual evidence source,False,,True,False,Global Production | Production Forecasts | U.S. Production,Global Crop Production | USDA Forecasts,Economic-driver text match,1.2
OIL_PRODUCTION,Energy,Oil Production,UNG,Commodities,Energy,Energy Commodities,Contextual,20,Single contextual evidence source,False,,True,False,Global Production | Production Forecasts | U.S. Production,Production | U.S. Gas Production,Economic-driver text match,1.2
OIL_PRODUCTION,Energy,Oil Production,WEAT,Commodities,Agriculture,Agriculture Commodities,Contextual,20,Single contextual evidence source,False,,True,False,Global Production | Production Forecasts | U.S. Production,Global Wheat Production | USDA Forecasts,Economic-driver text match,1.2
OPEC_POLICY,Energy,OPEC+ Policy,ARKG,Equities,Health Care,Biotech & Genomics,Contextual,20,Single contextual evidence source,False,,True,False,Quota Policy,Pricing Policy,Economic-driver text match,1.2
OPEC_POLICY,Energy,OPEC+ Policy,CORN,Commodities,Agriculture,Agriculture Commodities,Contextual,20,Single contextual evidence source,False,,True,False,Production Cuts | Production Increases,Global Corn Production,Economic-driver text match,1.2
OPEC_POLICY,Energy,OPEC+ Policy,DBA,Commodities,Agriculture,Agriculture Commodities,Contextual,20,Single contextual evidence source,False,,True,False,Production Cuts | Production Increases | Quota Policy,Global Crop Production | Trade Policy,Economic-driver text match,1.2
OPEC_POLICY,Energy,OPEC+ Policy,IBB,Equities,Health Care,Biotechnology,Contextual,20,Single contextual evidence source,False,,True,False,Quota Policy,Pricing Policy,Economic-driver text match,1.2
OPEC_POLICY,Energy,OPEC+ Policy,PPH,Equities,Health Care,Pharmaceuticals,Contextual,20,Single contextual evidence source,False,,True,False,Quota Policy,Pricing Policy,Economic-driver text match,1.2
OPEC_POLICY,Energy,OPEC+ Policy,SHY,Fixed Income,Treasuries,Short Treasuries,Contextual,20,Single contextual evidence source,False,,True,False,Quota Policy,Federal Reserve Policy,Economic-driver text match,1.2
OPEC_POLICY,Energy,OPEC+ Policy,UNG,Commodities,Energy,Energy Commodities,Contextual,20,Single contextual evidence source,False,,True,False,Production Cuts | Production Increases,Production | U.S. Gas Production,Economic-driver text match,1.2
OPEC_POLICY,Energy,OPEC+ Policy,UUP,Currencies,U.S. Dollar,Currencies,Contextual,20,Single contextual evidence source,False,,True,False,Quota Policy,Foreign Central Bank Policy,Economic-driver text match,1.2
OPEC_POLICY,Energy,OPEC+ Policy,WEAT,Commodities,Agriculture,Agriculture Commodities,Contextual,20,Single contextual evidence source,False,,True,False,Production Cuts | Production Increases,Global Wheat Production,Economic-driver text match,1.2
OPEC_POLICY,Energy,OPEC+ Policy,XBI,Equities,Health Care,Biotechnology,Contextual,20,Single contextual evidence source,False,,True,False,Quota Policy,Pricing Policy,Economic-driver text match,1.2
OPEC_POLICY,Energy,OPEC+ Policy,XLV,Equities,Health Care,Health Care,Contextual,20,Single contextual evidence source,False,,True,False,Quota Policy,Pricing Policy,Economic-driver text match,1.2
PRECIOUS_METALS,Metals,Precious Metals Demand,GLD,Commodities,Precious Metals,Precious Metals,Contextual,40,Multiple contextual evidence sources,False,,True,True,ETF Flows | Gold Demand | Safe-Haven Demand | Silver Demand,Central Bank Demand | Central Bank Gold Demand | Investment Flows | Physical Demand | Safe-Haven Demand,Economic-driver text match | 37B example exposure,1.2
PRECIOUS_METALS,Metals,Precious Metals Demand,SLV,Commodities,Precious Metals,Precious Metals,Contextual,40,Multiple contextual evidence sources,False,,True,True,ETF Flows | Gold Demand | Silver Demand,Gold Price Direction | Industrial Silver Demand | Investment Flows | Precious Metals Demand | Solar / Electronics Demand,Economic-driver text match | 37B example exposure,1.2
PRECIOUS_METALS,Metals,Precious Metals Demand,AIRR,Equities,Industrials,Industrial Reshoring,Contextual,20,Single contextual evidence source,False,,True,False,Gold Demand | Safe-Haven Demand | Silver Demand,Transportation Demand,Economic-driver text match,1.2
PRECIOUS_METALS,Metals,Precious Metals Demand,AMLP,Equities,Energy,Energy Infrastructure,Contextual,20,Single contextual evidence source,False,,True,False,ETF Flows | Gold Demand | Silver Demand,Energy Infrastructure Demand | Midstream Cash Flows,Economic-driver text match,1.2
PRECIOUS_METALS,Metals,Precious Metals Demand,ARKG,Equities,Health Care,Biotech & Genomics,Contextual,20,Single contextual evidence source,False,,True,False,Gold Demand | Silver Demand,Drug / Therapy Demand,Economic-driver text match,1.2
PRECIOUS_METALS,Metals,Precious Metals Demand,AWAY,Equities,Consumer Discretionary,Travel & Leisure,Contextual,20,Single contextual evidence source,False,,True,False,Gold Demand | Safe-Haven Demand | Silver Demand,E-Commerce Demand | Travel Demand,Economic-driver text match,1.2
PRECIOUS_METALS,Metals,Precious Metals Demand,BATT,Equities,Materials,Energy Transition Materials,Contextual,20,Single contextual evidence source,False,,True,False,Gold Demand | Safe-Haven Demand | Silver Demand,China Demand | Energy Transition Demand | Industrial Demand,Economic-driver text match,1.2
PRECIOUS_METALS,Metals,Precious Metals Demand,BETZ,Equities,Consumer Discretionary,Gaming & Betting,Contextual,20,Single contextual evidence source,False,,True,False,Gold Demand | Safe-Haven Demand | Silver Demand,E-Commerce Demand | Travel Demand,Economic-driver text match,1.2
PRECIOUS_METALS,Metals,Precious Metals Demand,COPX,Equities,Materials,Metals & Mining,Contextual,20,Single contextual evidence source,False,,True,False,Gold Demand | Safe-Haven Demand | Silver Demand,China Demand | Energy Transition Demand | Industrial Demand,Economic-driver text match,1.2
PRECIOUS_METALS,Metals,Precious Metals Demand,CORN,Commodities,Agriculture,Agriculture Commodities,Contextual,20,Single contextual evidence source,False,,True,False,Gold Demand | Safe-Haven Demand | Silver Demand,Ethanol Demand | Export Demand,Economic-driver text match,1.2
PRECIOUS_METALS,Metals,Precious Metals Demand,CPER,Commodities,Metals,Industrial Metals,Contextual,20,Single contextual evidence source,False,,True,False,Gold Demand | Safe-Haven Demand | Silver Demand,China Demand | Energy Transition Demand | Industrial Metals Demand,Economic-driver text match,1.2
PRECIOUS_METALS,Metals,Precious Metals Demand,DBA,Commodities,Agriculture,Agriculture Commodities,Contextual,20,Single contextual evidence source,False,,True,False,Gold Demand | Safe-Haven Demand | Silver Demand,Agricultural Demand | Export Demand,Economic-driver text match,1.2
PRECIOUS_METALS,Metals,Precious Metals Demand,DRAM,Equities,Technology,Semiconductors,Contextual,20,Single contextual evidence source,False,,True,False,Gold Demand | Safe-Haven Demand | Silver Demand,AI Infrastructure Demand | HBM Demand | PC Demand | Smartphone Demand,Economic-driver text match,1.2
PRECIOUS_METALS,Metals,Precious Metals Demand,ETHE,Digital Assets,Crypto,Crypto Assets,Contextual,20,Single contextual evidence source,False,,True,False,ETF Flows | Gold Demand | Silver Demand,ETF / Fund Flows | Ethereum Fund Flows | Ethereum Spot Demand,Economic-driver text match,1.2
PRECIOUS_METALS,Metals,Precious Metals Demand,IBB,Equities,Health Care,Biotechnology,Contextual,20,Single contextual evidence source,False,,True,False,Gold Demand | Silver Demand,Drug / Therapy Demand,Economic-driver text match,1.2
PRECIOUS_METALS,Metals,Precious Metals Demand,IBIT,Digital Assets,Crypto,Crypto Assets,Contextual,20,Single contextual evidence source,False,,True,False,ETF Flows | Gold Demand | Silver Demand,Bitcoin ETF Flows | Bitcoin Spot Demand | ETF / Fund Flows,Economic-driver text match,1.2
PRECIOUS_METALS,Metals,Precious Metals Demand,IEF,Fixed Income,Treasuries,Intermediate Treasuries,Contextual,20,Single contextual evidence source,False,,True,False,Gold Demand | Safe-Haven Demand | Silver Demand,Safe-Haven Demand,Economic-driver text match,1.2
PRECIOUS_METALS,Metals,Precious Metals Demand,ITA,Equities,Industrials,Aerospace & Defense,Contextual,20,Single contextual evidence source,False,,True,False,Gold Demand | Safe-Haven Demand | Silver Demand,Aircraft Demand | Geopolitical Security Demand,Economic-driver text match,1.2
PRECIOUS_METALS,Metals,Precious Metals Demand,LITP,Equities,Materials,Energy Transition Materials,Contextual,20,Single contextual evidence source,False,,True,False,Gold Demand | Safe-Haven Demand | Silver Demand,China Demand | Energy Transition Demand | Industrial Demand,Economic-driver text match,1.2
PRECIOUS_METALS,Metals,Precious Metals Demand,ONLN,Equities,Consumer Discretionary,E-Commerce,Contextual,20,Single contextual evidence source,False,,True,False,Gold Demand | Safe-Haven Demand | Silver Demand,E-Commerce Demand | Travel Demand,Economic-driver text match,1.2
PRECIOUS_METALS,Metals,Precious Metals Demand,PAVE,Equities,Industrials,Infrastructure,Contextual,20,Single contextual evidence source,False,,True,False,Gold Demand | Safe-Haven Demand | Silver Demand,Transportation Demand,Economic-driver text match,1.2
PRECIOUS_METALS,Metals,Precious Metals Demand,PDBC,Commodities,Broad Commodities,Broad Commodities,Contextual,20,Single contextual evidence source,False,,True,False,Gold Demand | Safe-Haven Demand | Silver Demand,Global Supply / Demand,Economic-driver text match,1.2
PRECIOUS_METALS,Metals,Precious Metals Demand,PEJ,Equities,Consumer Discretionary,Travel & Leisure,Contextual,20,Single contextual evidence source,False,,True,False,Gold Demand | Safe-Haven Demand | Silver Demand,E-Commerce Demand | Travel Demand,Economic-driver text match,1.2
PRECIOUS_METALS,Metals,Precious Metals Demand,PPH,Equities,Health Care,Pharmaceuticals,Contextual,20,Single contextual evidence source,False,,True,False,Gold Demand | Silver Demand,Drug / Therapy Demand,Economic-driver text match,1.2
PRECIOUS_METALS,Metals,Precious Metals Demand,REZ,Equities,Real Estate,Real Estate,Contextual,20,Single contextual evidence source,False,,True,False,ETF Flows | Gold Demand | Safe-Haven Demand | Silver Demand,Property Demand | Real Estate Cash Flows,Economic-driver text match,1.2
PRECIOUS_METALS,Metals,Precious Metals Demand,SHY,Fixed Income,Treasuries,Short Treasuries,Contextual,20,Single contextual evidence source,False,,True,False,Gold Demand | Safe-Haven Demand | Silver Demand,Safe-Haven Demand,Economic-driver text match,1.2
PRECIOUS_METALS,Metals,Precious Metals Demand,SLX,Equities,Materials,Metals & Mining,Contextual,20,Single contextual evidence source,False,,True,False,Gold Demand | Safe-Haven Demand | Silver Demand,China Demand | Energy Transition Demand | Industrial Demand,Economic-driver text match,1.2
PRECIOUS_METALS,Metals,Precious Metals Demand,SMH,Equities,Technology,Semiconductors,Contextual,20,Single contextual evidence source,False,,True,False,Gold Demand | Safe-Haven Demand | Silver Demand,AI Infrastructure Demand | Consumer Electronics Demand | Semiconductor Demand,Economic-driver text match,1.2
PRECIOUS_METALS,Metals,Precious Metals Demand,SOXX,Equities,Technology,Semiconductors,Contextual,20,Single contextual evidence source,False,,True,False,Gold Demand | Safe-Haven Demand | Silver Demand,AI Infrastructure Demand | Consumer Electronics Demand | Semiconductor Demand,Economic-driver text match,1.2
PRECIOUS_METALS,Metals,Precious Metals Demand,SRVR,Equities,Real Estate,Digital Infrastructure,Contextual,20,Single contextual evidence source,False,,True,False,Gold Demand | Silver Demand,Data Center Demand,Economic-driver text match,1.2
PRECIOUS_METALS,Metals,Precious Metals Demand,TIP,Fixed Income,Treasuries,Inflation-Protected Bonds,Contextual,20,Single contextual evidence source,False,,True,False,Gold Demand | Safe-Haven Demand | Silver Demand,Safe-Haven Demand,Economic-driver text match,1.2
PRECIOUS_METALS,Metals,Precious Metals Demand,TLT,Fixed Income,Treasuries,Long Treasuries,Contextual,20,Single contextual evidence source,False,,True,False,Gold Demand | Safe-Haven Demand | Silver Demand,Safe-Haven Demand,Economic-driver text match,1.2
PRECIOUS_METALS,Metals,Precious Metals Demand,UNG,Commodities,Energy,Energy Commodities,Contextual,20,Single contextual evidence source,False,,True,False,Gold Demand | Safe-Haven Demand | Silver Demand,LNG Export Demand | Power Demand,Economic-driver text match,1.2
PRECIOUS_METALS,Metals,Precious Metals Demand,USO,Commodities,Energy,Energy Commodities,Contextual,20,Single contextual evidence source,False,,True,False,Gold Demand | Safe-Haven Demand | Silver Demand,Global Oil Demand,Economic-driver text match,1.2
PRECIOUS_METALS,Metals,Precious Metals Demand,UUP,Currencies,U.S. Dollar,Currencies,Contextual,20,Single contextual evidence source,False,,True,False,ETF Flows | Gold Demand | Safe-Haven Demand | Silver Demand,Capital Flows | Safe-Haven Demand | Safe-Haven Dollar Demand,Economic-driver text match,1.2
PRECIOUS_METALS,Metals,Precious Metals Demand,VIXY,Volatility,Equity Volatility,Volatility,Contextual,20,Single contextual evidence source,False,,True,False,Gold Demand | Safe-Haven Demand | Silver Demand,Options Demand,Economic-driver text match,1.2
PRECIOUS_METALS,Metals,Precious Metals Demand,VNQ,Equities,Real Estate,Real Estate,Contextual,20,Single contextual evidence source,False,,True,False,ETF Flows | Gold Demand | Safe-Haven Demand | Silver Demand,Property Demand | Real Estate Cash Flows,Economic-driver text match,1.2
PRECIOUS_METALS,Metals,Precious Metals Demand,XBI,Equities,Health Care,Biotechnology,Contextual,20,Single contextual evidence source,False,,True,False,Gold Demand | Silver Demand,Drug / Therapy Demand,Economic-driver text match,1.2
PRECIOUS_METALS,Metals,Precious Metals Demand,XLB,Equities,Materials,Materials,Contextual,20,Single contextual evidence source,False,,True,False,Gold Demand | Safe-Haven Demand | Silver Demand,China Demand | Energy Transition Demand | Industrial Demand,Economic-driver text match,1.2
PRECIOUS_METALS,Metals,Precious Metals Demand,XLC,Equities,Communication Services,Communication Services,Contextual,20,Single contextual evidence source,False,,True,False,Gold Demand | Safe-Haven Demand | Silver Demand,Advertising Demand,Economic-driver text match,1.2
PRECIOUS_METALS,Metals,Precious Metals Demand,XLE,Equities,Energy,Energy,Contextual,20,Single contextual evidence source,False,,True,False,Gold Demand | Safe-Haven Demand | Silver Demand,Energy Demand,Economic-driver text match,1.2
PRECIOUS_METALS,Metals,Precious Metals Demand,XLI,Equities,Industrials,Industrials,Contextual,20,Single contextual evidence source,False,,True,False,Gold Demand | Safe-Haven Demand | Silver Demand,Transportation Demand,Economic-driver text match,1.2
PRECIOUS_METALS,Metals,Precious Metals Demand,XLP,Equities,Consumer Staples,Consumer Staples,Contextual,20,Single contextual evidence source,False,,True,False,Gold Demand | Silver Demand,Defensive Consumer Demand,Economic-driver text match,1.2
PRECIOUS_METALS,Metals,Precious Metals Demand,XLRE,Equities,Real Estate,Real Estate,Contextual,20,Single contextual evidence source,False,,True,False,ETF Flows | Gold Demand | Safe-Haven Demand | Silver Demand,Property Demand | Real Estate Cash Flows,Economic-driver text match,1.2
PRECIOUS_METALS,Metals,Precious Metals Demand,XLU,Equities,Utilities,Utilities,Contextual,20,Single contextual evidence source,False,,True,False,Gold Demand | Safe-Haven Demand | Silver Demand,Data Center Power Demand | Electricity Demand,Economic-driver text match,1.2
PRECIOUS_METALS,Metals,Precious Metals Demand,XLV,Equities,Health Care,Health Care,Contextual,20,Single contextual evidence source,False,,True,False,Gold Demand | Silver Demand,Drug / Therapy Demand,Economic-driver text match,1.2
PRECIOUS_METALS,Metals,Precious Metals Demand,XLY,Equities,Consumer Discretionary,Consumer Discretionary,Contextual,20,Single contextual evidence source,False,,True,False,Gold Demand | Safe-Haven Demand | Silver Demand,E-Commerce Demand | Travel Demand,Economic-driver text match,1.2
PROPERTY_DEMAND,Real Estate,Property Demand,REZ,Equities,Real Estate,Real Estate,Contextual,40,Multiple contextual evidence sources,True,Property Demand,True,False,Occupancy | Property Values | Rent Growth,Occupancy | Property Demand | Property Values | Rent Growth,37A-to-37B crosswalk | Economic-driver text match,1.2
PROPERTY_DEMAND,Real Estate,Property Demand,SRVR,Equities,Real Estate,Digital Infrastructure,Contextual,40,Multiple contextual evidence sources,True,Property Demand,True,True,Leasing,Data Center Leasing,37A-to-37B crosswalk | Economic-driver text match | 37B example exposure,1.2
PROPERTY_DEMAND,Real Estate,Property Demand,VNQ,Equities,Real Estate,Real Estate,Contextual,40,Multiple contextual evidence sources,True,Property Demand,True,True,Occupancy | Property Values | Rent Growth,Occupancy | Property Demand | Property Values | Rent Growth,37A-to-37B crosswalk | Economic-driver text match | 37B example exposure,1.2
PROPERTY_DEMAND,Real Estate,Property Demand,XLRE,Equities,Real Estate,Real Estate,Contextual,40,Multiple contextual evidence sources,True,Property Demand,True,True,Occupancy | Property Values | Rent Growth,Occupancy | Property Demand | Property Values | Rent Growth,37A-to-37B crosswalk | Economic-driver text match | 37B example exposure,1.2
PROPERTY_DEMAND,Real Estate,Property Demand,AMLP,Equities,Energy,Energy Infrastructure,Contextual,20,Single contextual evidence source,False,,True,False,Rent Growth,Distribution Growth,Economic-driver text match,1.2
PROPERTY_DEMAND,Real Estate,Property Demand,DIA,Equities,Broad Market,Large Cap U.S.,Contextual,20,Single contextual evidence source,False,,True,False,Rent Growth,Economic Growth,Economic-driver text match,1.2
PROPERTY_DEMAND,Real Estate,Property Demand,IAI,Equities,Financials,Capital Markets,Contextual,20,Single contextual evidence source,False,,True,False,Rent Growth,Credit Growth | Loan Growth,Economic-driver text match,1.2
PROPERTY_DEMAND,Real Estate,Property Demand,IEF,Fixed Income,Treasuries,Intermediate Treasuries,Contextual,20,Single contextual evidence source,False,,True,False,Rent Growth,Economic Growth,Economic-driver text match,1.2
PROPERTY_DEMAND,Real Estate,Property Demand,IGV,Equities,Technology,Software,Contextual,20,Single contextual evidence source,False,,True,False,Rent Growth,Recurring Revenue Growth,Economic-driver text match,1.2
PROPERTY_DEMAND,Real Estate,Property Demand,IWM,Equities,Broad Market,Small Cap U.S.,Contextual,20,Single contextual evidence source,False,,True,False,Rent Growth,Economic Growth,Economic-driver text match,1.2
PROPERTY_DEMAND,Real Estate,Property Demand,KBE,Equities,Financials,Banking,Contextual,20,Single contextual evidence source,False,,True,False,Rent Growth,Credit Growth | Loan Growth,Economic-driver text match,1.2
PROPERTY_DEMAND,Real Estate,Property Demand,KBWD,Equities,Financials,Financial Income,Contextual,20,Single contextual evidence source,False,,True,False,Rent Growth,Credit Growth | Loan Growth,Economic-driver text match,1.2
PROPERTY_DEMAND,Real Estate,Property Demand,KRE,Equities,Financials,Banking,Contextual,20,Single contextual evidence source,False,,True,False,Rent Growth,Credit Growth | Loan Growth,Economic-driver text match,1.2
PROPERTY_DEMAND,Real Estate,Property Demand,QQQ,Equities,Broad Market,Large Cap Growth,Contextual,20,Single contextual evidence source,False,,True,False,Rent Growth,Economic Growth,Economic-driver text match,1.2
PROPERTY_DEMAND,Real Estate,Property Demand,RSP,Equities,Broad Market,Large Cap U.S.,Contextual,20,Single contextual evidence source,False,,True,False,Rent Growth,Economic Growth,Economic-driver text match,1.2
PROPERTY_DEMAND,Real Estate,Property Demand,SKYY,Equities,Technology,Cloud & Software,Contextual,20,Single contextual evidence source,False,,True,False,Rent Growth,Recurring Revenue Growth,Economic-driver text match,1.2
PROPERTY_DEMAND,Real Estate,Property Demand,SPY,Equities,Broad Market,Large Cap U.S.,Contextual,20,Single contextual evidence source,False,,True,False,Rent Growth,Economic Growth,Economic-driver text match,1.2
PROPERTY_DEMAND,Real Estate,Property Demand,TLT,Fixed Income,Treasuries,Long Treasuries,Contextual,20,Single contextual evidence source,False,,True,False,Rent Growth,Economic Growth,Economic-driver text match,1.2
PROPERTY_DEMAND,Real Estate,Property Demand,UUP,Currencies,U.S. Dollar,Currencies,Contextual,20,Single contextual evidence source,False,,True,False,Rent Growth,U.S. Economic Growth,Economic-driver text match,1.2
PROPERTY_DEMAND,Real Estate,Property Demand,VOO,Equities,Broad Market,Large Cap U.S.,Contextual,20,Single contextual evidence source,False,,True,False,Rent Growth,Economic Growth,Economic-driver text match,1.2
PROPERTY_DEMAND,Real Estate,Property Demand,XLC,Equities,Communication Services,Communication Services,Contextual,20,Single contextual evidence source,False,,True,False,Rent Growth,Subscriber Growth,Economic-driver text match,1.2
PROPERTY_DEMAND,Real Estate,Property Demand,XLF,Equities,Financials,Financials,Contextual,20,Single contextual evidence source,False,,True,False,Rent Growth,Credit Growth | Loan Growth,Economic-driver text match,1.2
PROPERTY_DEMAND,Real Estate,Property Demand,XLK,Equities,Technology,Technology,Contextual,20,Single contextual evidence source,False,,True,False,Rent Growth,Earnings Growth,Economic-driver text match,1.2
REAL_ESTATE_RATES,Real Estate,Real Estate Financing Conditions,SRVR,Equities,Real Estate,Digital Infrastructure,Contextual,40,Multiple contextual evidence sources,False,,True,True,Cap Rates | Mortgage Rates,Interest Rates,Economic-driver text match | 37B example exposure,1.2
REAL_ESTATE_RATES,Real Estate,Real Estate Financing Conditions,VNQ,Equities,Real Estate,Real Estate,Contextual,40,Multiple contextual evidence sources,False,,True,True,Cap Rates | Mortgage Rates,Interest Rates,Economic-driver text match | 37B example exposure,1.2
REAL_ESTATE_RATES,Real Estate,Real Estate Financing Conditions,XLRE,Equities,Real Estate,Real Estate,Contextual,40,Multiple contextual evidence sources,False,,True,True,Cap Rates | Mortgage Rates,Interest Rates,Economic-driver text match | 37B example exposure,1.2
REAL_ESTATE_RATES,Real Estate,Real Estate Financing Conditions,AMLP,Equities,Energy,Energy Infrastructure,Contextual,20,Single contextual evidence source,False,,True,False,Cap Rates | Mortgage Rates,Interest Rates,Economic-driver text match,1.2
REAL_ESTATE_RATES,Real Estate,Real Estate Financing Conditions,AWAY,Equities,Consumer Discretionary,Travel & Leisure,Contextual,20,Single contextual evidence source,False,,True,False,Credit Spreads,Credit Conditions,Economic-driver text match,1.2
REAL_ESTATE_RATES,Real Estate,Real Estate Financing Conditions,BETZ,Equities,Consumer Discretionary,Gaming & Betting,Contextual,20,Single contextual evidence source,False,,True,False,Credit Spreads,Credit Conditions,Economic-driver text match,1.2
REAL_ESTATE_RATES,Real Estate,Real Estate Financing Conditions,GLD,Commodities,Precious Metals,Precious Metals,Contextual,20,Single contextual evidence source,False,,True,False,Treasury Yields,Real Yields,Economic-driver text match,1.2
REAL_ESTATE_RATES,Real Estate,Real Estate Financing Conditions,IAI,Equities,Financials,Capital Markets,Contextual,20,Single contextual evidence source,False,,True,False,Cap Rates | Credit Spreads | Mortgage Rates,Credit Growth | Credit Quality | Interest Rates,Economic-driver text match,1.2
REAL_ESTATE_RATES,Real Estate,Real Estate Financing Conditions,IEF,Fixed Income,Treasuries,Intermediate Treasuries,Contextual,20,Single contextual evidence source,False,,True,False,Treasury Yields,Treasury Auctions | Treasury Supply | Treasury Yields,Economic-driver text match,1.2
REAL_ESTATE_RATES,Real Estate,Real Estate Financing Conditions,KBE,Equities,Financials,Banking,Contextual,20,Single contextual evidence source,False,,True,False,Cap Rates | Credit Spreads | Mortgage Rates,Credit Growth | Credit Quality | Interest Rates,Economic-driver text match,1.2
REAL_ESTATE_RATES,Real Estate,Real Estate Financing Conditions,KBWD,Equities,Financials,Financial Income,Contextual,20,Single contextual evidence source,False,,True,False,Cap Rates | Credit Spreads | Mortgage Rates,Credit Growth | Credit Quality | Interest Rates,Economic-driver text match,1.2
REAL_ESTATE_RATES,Real Estate,Real Estate Financing Conditions,KRE,Equities,Financials,Banking,Contextual,20,Single contextual evidence source,False,,True,False,Cap Rates | Credit Spreads | Mortgage Rates,Credit Growth | Credit Quality | Interest Rates,Economic-driver text match,1.2
REAL_ESTATE_RATES,Real Estate,Real Estate Financing Conditions,ONLN,Equities,Consumer Discretionary,E-Commerce,Contextual,20,Single contextual evidence source,False,,True,False,Credit Spreads,Credit Conditions,Economic-driver text match,1.2
REAL_ESTATE_RATES,Real Estate,Real Estate Financing Conditions,PEJ,Equities,Consumer Discretionary,Travel & Leisure,Contextual,20,Single contextual evidence source,False,,True,False,Credit Spreads,Credit Conditions,Economic-driver text match,1.2
REAL_ESTATE_RATES,Real Estate,Real Estate Financing Conditions,REZ,Equities,Real Estate,Real Estate,Contextual,20,Single contextual evidence source,False,,True,False,Cap Rates | Mortgage Rates,Interest Rates,Economic-driver text match,1.2
REAL_ESTATE_RATES,Real Estate,Real Estate Financing Conditions,SHY,Fixed Income,Treasuries,Short Treasuries,Contextual,20,Single contextual evidence source,False,,True,False,Treasury Yields,Short-Term Treasury Yields | Treasury Auctions | Treasury Supply,Economic-driver text match,1.2
REAL_ESTATE_RATES,Real Estate,Real Estate Financing Conditions,SLV,Commodities,Precious Metals,Precious Metals,Contextual,20,Single contextual evidence source,False,,True,False,Treasury Yields,Real Yields,Economic-driver text match,1.2
REAL_ESTATE_RATES,Real Estate,Real Estate Financing Conditions,TIP,Fixed Income,Treasuries,Inflation-Protected Bonds,Contextual,20,Single contextual evidence source,False,,True,False,Treasury Yields,Real Yields | Treasury Auctions | Treasury Supply | Treasury Yields,Economic-driver text match,1.2
REAL_ESTATE_RATES,Real Estate,Real Estate Financing Conditions,TLT,Fixed Income,Treasuries,Long Treasuries,Contextual,20,Single contextual evidence source,False,,True,False,Treasury Yields,Long-Term Treasury Yields | Treasury Auctions | Treasury Supply,Economic-driver text match,1.2
REAL_ESTATE_RATES,Real Estate,Real Estate Financing Conditions,XLF,Equities,Financials,Financials,Contextual,20,Single contextual evidence source,False,,True,False,Cap Rates | Credit Spreads | Mortgage Rates,Credit Growth | Credit Quality | Interest Rates,Economic-driver text match,1.2
REAL_ESTATE_RATES,Real Estate,Real Estate Financing Conditions,XLU,Equities,Utilities,Utilities,Contextual,20,Single contextual evidence source,False,,True,False,Cap Rates | Mortgage Rates,Interest Rates,Economic-driver text match,1.2
REAL_ESTATE_RATES,Real Estate,Real Estate Financing Conditions,XLY,Equities,Consumer Discretionary,Consumer Discretionary,Contextual,20,Single contextual evidence source,False,,True,False,Credit Spreads,Credit Conditions,Economic-driver text match,1.2
RIG_ACTIVITY,Energy,Rig and Drilling Activity,AIRR,Equities,Industrials,Industrial Reshoring,Contextual,20,Single contextual evidence source,False,,True,False,Drilling Activity,Industrial Activity,Economic-driver text match,1.2
RIG_ACTIVITY,Energy,Rig and Drilling Activity,ETHE,Digital Assets,Crypto,Crypto Assets,Contextual,20,Single contextual evidence source,False,,True,False,Drilling Activity,Network Activity,Economic-driver text match,1.2
RIG_ACTIVITY,Energy,Rig and Drilling Activity,IAI,Equities,Financials,Capital Markets,Contextual,20,Single contextual evidence source,False,,True,False,Drilling Activity,Capital Markets Activity,Economic-driver text match,1.2
RIG_ACTIVITY,Energy,Rig and Drilling Activity,KBE,Equities,Financials,Banking,Contextual,20,Single contextual evidence source,False,,True,False,Drilling Activity,Capital Markets Activity,Economic-driver text match,1.2
RIG_ACTIVITY,Energy,Rig and Drilling Activity,KBWD,Equities,Financials,Financial Income,Contextual,20,Single contextual evidence source,False,,True,False,Drilling Activity,Capital Markets Activity,Economic-driver text match,1.2
RIG_ACTIVITY,Energy,Rig and Drilling Activity,KRE,Equities,Financials,Banking,Contextual,20,Single contextual evidence source,False,,True,False,Drilling Activity,Capital Markets Activity,Economic-driver text match,1.2
RIG_ACTIVITY,Energy,Rig and Drilling Activity,PAVE,Equities,Industrials,Infrastructure,Contextual,20,Single contextual evidence source,False,,True,False,Drilling Activity,Industrial Activity,Economic-driver text match,1.2
RIG_ACTIVITY,Energy,Rig and Drilling Activity,XLF,Equities,Financials,Financials,Contextual,20,Single contextual evidence source,False,,True,False,Drilling Activity,Capital Markets Activity,Economic-driver text match,1.2
RIG_ACTIVITY,Energy,Rig and Drilling Activity,XLI,Equities,Industrials,Industrials,Contextual,20,Single contextual evidence source,False,,True,False,Drilling Activity,Industrial Activity,Economic-driver text match,1.2
SEMICONDUCTOR_DEMAND,Technology,Semiconductor Demand,AIRR,Equities,Industrials,Industrial Reshoring,Contextual,20,Single contextual evidence source,False,,True,False,Chip Demand | End-Market Demand,Transportation Demand,Economic-driver text match,1.2
SEMICONDUCTOR_DEMAND,Technology,Semiconductor Demand,AMLP,Equities,Energy,Energy Infrastructure,Contextual,20,Single contextual evidence source,False,,True,False,Chip Demand,Energy Infrastructure Demand,Economic-driver text match,1.2
SEMICONDUCTOR_DEMAND,Technology,Semiconductor Demand,ARKG,Equities,Health Care,Biotech & Genomics,Contextual,20,Single contextual evidence source,False,,True,False,Chip Demand,Drug / Therapy Demand,Economic-driver text match,1.2
SEMICONDUCTOR_DEMAND,Technology,Semiconductor Demand,AWAY,Equities,Consumer Discretionary,Travel & Leisure,Contextual,20,Single contextual evidence source,False,,True,False,Chip Demand | End-Market Demand,E-Commerce Demand | Travel Demand,Economic-driver text match,1.2
SEMICONDUCTOR_DEMAND,Technology,Semiconductor Demand,BATT,Equities,Materials,Energy Transition Materials,Contextual,20,Single contextual evidence source,False,,True,False,Chip Demand | End-Market Demand,China Demand | Energy Transition Demand | Industrial Demand,Economic-driver text match,1.2
SEMICONDUCTOR_DEMAND,Technology,Semiconductor Demand,BETZ,Equities,Consumer Discretionary,Gaming & Betting,Contextual,20,Single contextual evidence source,False,,True,False,Chip Demand | End-Market Demand,E-Commerce Demand | Travel Demand,Economic-driver text match,1.2
SEMICONDUCTOR_DEMAND,Technology,Semiconductor Demand,COPX,Equities,Materials,Metals & Mining,Contextual,20,Single contextual evidence source,False,,True,False,Chip Demand | End-Market Demand,China Demand | Energy Transition Demand | Industrial Demand,Economic-driver text match,1.2
SEMICONDUCTOR_DEMAND,Technology,Semiconductor Demand,CORN,Commodities,Agriculture,Agriculture Commodities,Contextual,20,Single contextual evidence source,False,,True,False,Chip Demand | End-Market Demand,Ethanol Demand | Export Demand,Economic-driver text match,1.2
SEMICONDUCTOR_DEMAND,Technology,Semiconductor Demand,CPER,Commodities,Metals,Industrial Metals,Contextual,20,Single contextual evidence source,False,,True,False,Chip Demand | End-Market Demand,China Demand | Energy Transition Demand | Industrial Metals Demand,Economic-driver text match,1.2
SEMICONDUCTOR_DEMAND,Technology,Semiconductor Demand,DBA,Commodities,Agriculture,Agriculture Commodities,Contextual,20,Single contextual evidence source,False,,True,False,Chip Demand | End-Market Demand,Agricultural Demand | Export Demand,Economic-driver text match,1.2
SEMICONDUCTOR_DEMAND,Technology,Semiconductor Demand,DIA,Equities,Broad Market,Large Cap U.S.,Contextual,20,Single contextual evidence source,False,,True,False,End-Market Demand,Market Breadth,Economic-driver text match,1.2
SEMICONDUCTOR_DEMAND,Technology,Semiconductor Demand,ETHE,Digital Assets,Crypto,Crypto Assets,Contextual,20,Single contextual evidence source,False,,True,False,Chip Demand | End-Market Demand,Ethereum Spot Demand | Market Structure,Economic-driver text match,1.2
SEMICONDUCTOR_DEMAND,Technology,Semiconductor Demand,GLD,Commodities,Precious Metals,Precious Metals,Contextual,20,Single contextual evidence source,False,,True,False,Chip Demand | End-Market Demand,Central Bank Demand | Central Bank Gold Demand | Physical Demand | Safe-Haven Demand,Economic-driver text match,1.2
SEMICONDUCTOR_DEMAND,Technology,Semiconductor Demand,IBB,Equities,Health Care,Biotechnology,Contextual,20,Single contextual evidence source,False,,True,False,Chip Demand,Drug / Therapy Demand,Economic-driver text match,1.2
SEMICONDUCTOR_DEMAND,Technology,Semiconductor Demand,IBIT,Digital Assets,Crypto,Crypto Assets,Contextual,20,Single contextual evidence source,False,,True,False,Chip Demand | End-Market Demand,Bitcoin Spot Demand | Market Structure,Economic-driver text match,1.2
SEMICONDUCTOR_DEMAND,Technology,Semiconductor Demand,IEF,Fixed Income,Treasuries,Intermediate Treasuries,Contextual,20,Single contextual evidence source,False,,True,False,Chip Demand,Safe-Haven Demand,Economic-driver text match,1.2
SEMICONDUCTOR_DEMAND,Technology,Semiconductor Demand,ITA,Equities,Industrials,Aerospace & Defense,Contextual,20,Single contextual evidence source,False,,True,False,Chip Demand | End-Market Demand,Aircraft Demand | Geopolitical Security Demand,Economic-driver text match,1.2
SEMICONDUCTOR_DEMAND,Technology,Semiconductor Demand,IWM,Equities,Broad Market,Small Cap U.S.,Contextual,20,Single contextual evidence source,False,,True,False,End-Market Demand,Market Breadth,Economic-driver text match,1.2
SEMICONDUCTOR_DEMAND,Technology,Semiconductor Demand,LITP,Equities,Materials,Energy Transition Materials,Contextual,20,Single contextual evidence source,False,,True,False,Chip Demand | End-Market Demand,China Demand | Energy Transition Demand | Industrial Demand,Economic-driver text match,1.2
SEMICONDUCTOR_DEMAND,Technology,Semiconductor Demand,ONLN,Equities,Consumer Discretionary,E-Commerce,Contextual,20,Single contextual evidence source,False,,True,False,Chip Demand | End-Market Demand,E-Commerce Demand | Travel Demand,Economic-driver text match,1.2
SEMICONDUCTOR_DEMAND,Technology,Semiconductor Demand,PAVE,Equities,Industrials,Infrastructure,Contextual,20,Single contextual evidence source,False,,True,False,Chip Demand | End-Market Demand,Transportation Demand,Economic-driver text match,1.2
SEMICONDUCTOR_DEMAND,Technology,Semiconductor Demand,PDBC,Commodities,Broad Commodities,Broad Commodities,Contextual,20,Single contextual evidence source,False,,True,False,Chip Demand | End-Market Demand,Global Supply / Demand,Economic-driver text match,1.2
SEMICONDUCTOR_DEMAND,Technology,Semiconductor Demand,PEJ,Equities,Consumer Discretionary,Travel & Leisure,Contextual,20,Single contextual evidence source,False,,True,False,Chip Demand | End-Market Demand,E-Commerce Demand | Travel Demand,Economic-driver text match,1.2
SEMICONDUCTOR_DEMAND,Technology,Semiconductor Demand,PPH,Equities,Health Care,Pharmaceuticals,Contextual,20,Single contextual evidence source,False,,True,False,Chip Demand,Drug / Therapy Demand,Economic-driver text match,1.2
SEMICONDUCTOR_DEMAND,Technology,Semiconductor Demand,QQQ,Equities,Broad Market,Large Cap Growth,Contextual,20,Single contextual evidence source,False,,True,False,End-Market Demand,Market Breadth,Economic-driver text match,1.2
SEMICONDUCTOR_DEMAND,Technology,Semiconductor Demand,REZ,Equities,Real Estate,Real Estate,Contextual,20,Single contextual evidence source,False,,True,False,Chip Demand | End-Market Demand,Property Demand,Economic-driver text match,1.2
SEMICONDUCTOR_DEMAND,Technology,Semiconductor Demand,RSP,Equities,Broad Market,Large Cap U.S.,Contextual,20,Single contextual evidence source,False,,True,False,End-Market Demand,Market Breadth,Economic-driver text match,1.2
SEMICONDUCTOR_DEMAND,Technology,Semiconductor Demand,SHY,Fixed Income,Treasuries,Short Treasuries,Contextual,20,Single contextual evidence source,False,,True,False,Chip Demand,Safe-Haven Demand,Economic-driver text match,1.2
SEMICONDUCTOR_DEMAND,Technology,Semiconductor Demand,SLV,Commodities,Precious Metals,Precious Metals,Contextual,20,Single contextual evidence source,False,,True,False,Chip Demand,Industrial Silver Demand | Precious Metals Demand | Solar / Electronics Demand,Economic-driver text match,1.2
SEMICONDUCTOR_DEMAND,Technology,Semiconductor Demand,SLX,Equities,Materials,Metals & Mining,Contextual,20,Single contextual evidence source,False,,True,False,Chip Demand | End-Market Demand,China Demand | Energy Transition Demand | Industrial Demand,Economic-driver text match,1.2
SEMICONDUCTOR_DEMAND,Technology,Semiconductor Demand,SPY,Equities,Broad Market,Large Cap U.S.,Contextual,20,Single contextual evidence source,False,,True,False,End-Market Demand,Market Breadth,Economic-driver text match,1.2
SEMICONDUCTOR_DEMAND,Technology,Semiconductor Demand,SRVR,Equities,Real Estate,Digital Infrastructure,Contextual,20,Single contextual evidence source,False,,True,False,Chip Demand,Data Center Demand,Economic-driver text match,1.2
SEMICONDUCTOR_DEMAND,Technology,Semiconductor Demand,TIP,Fixed Income,Treasuries,Inflation-Protected Bonds,Contextual,20,Single contextual evidence source,False,,True,False,Chip Demand,Safe-Haven Demand,Economic-driver text match,1.2
SEMICONDUCTOR_DEMAND,Technology,Semiconductor Demand,TLT,Fixed Income,Treasuries,Long Treasuries,Contextual,20,Single contextual evidence source,False,,True,False,Chip Demand,Safe-Haven Demand,Economic-driver text match,1.2
SEMICONDUCTOR_DEMAND,Technology,Semiconductor Demand,UNG,Commodities,Energy,Energy Commodities,Contextual,20,Single contextual evidence source,False,,True,False,Chip Demand | End-Market Demand,LNG Export Demand | Power Demand,Economic-driver text match,1.2
SEMICONDUCTOR_DEMAND,Technology,Semiconductor Demand,USO,Commodities,Energy,Energy Commodities,Contextual,20,Single contextual evidence source,False,,True,False,Chip Demand | End-Market Demand,Global Oil Demand,Economic-driver text match,1.2
SEMICONDUCTOR_DEMAND,Technology,Semiconductor Demand,UUP,Currencies,U.S. Dollar,Currencies,Contextual,20,Single contextual evidence source,False,,True,False,Chip Demand,Safe-Haven Demand | Safe-Haven Dollar Demand,Economic-driver text match,1.2
SEMICONDUCTOR_DEMAND,Technology,Semiconductor Demand,VIXY,Volatility,Equity Volatility,Volatility,Contextual,20,Single contextual evidence source,False,,True,False,Chip Demand | End-Market Demand,Market Stress | Options Demand,Economic-driver text match,1.2
SEMICONDUCTOR_DEMAND,Technology,Semiconductor Demand,VNQ,Equities,Real Estate,Real Estate,Contextual,20,Single contextual evidence source,False,,True,False,Chip Demand | End-Market Demand,Property Demand,Economic-driver text match,1.2
SEMICONDUCTOR_DEMAND,Technology,Semiconductor Demand,VOO,Equities,Broad Market,Large Cap U.S.,Contextual,20,Single contextual evidence source,False,,True,False,End-Market Demand,Market Breadth,Economic-driver text match,1.2
SEMICONDUCTOR_DEMAND,Technology,Semiconductor Demand,XBI,Equities,Health Care,Biotechnology,Contextual,20,Single contextual evidence source,False,,True,False,Chip Demand,Drug / Therapy Demand,Economic-driver text match,1.2
SEMICONDUCTOR_DEMAND,Technology,Semiconductor Demand,XLB,Equities,Materials,Materials,Contextual,20,Single contextual evidence source,False,,True,False,Chip Demand | End-Market Demand,China Demand | Energy Transition Demand | Industrial Demand,Economic-driver text match,1.2
SEMICONDUCTOR_DEMAND,Technology,Semiconductor Demand,XLC,Equities,Communication Services,Communication Services,Contextual,20,Single contextual evidence source,False,,True,False,Chip Demand | End-Market Demand,Advertising Demand,Economic-driver text match,1.2
SEMICONDUCTOR_DEMAND,Technology,Semiconductor Demand,XLE,Equities,Energy,Energy,Contextual,20,Single contextual evidence source,False,,True,False,Chip Demand | End-Market Demand,Energy Demand,Economic-driver text match,1.2
SEMICONDUCTOR_DEMAND,Technology,Semiconductor Demand,XLI,Equities,Industrials,Industrials,Contextual,20,Single contextual evidence source,False,,True,False,Chip Demand | End-Market Demand,Transportation Demand,Economic-driver text match,1.2
SEMICONDUCTOR_DEMAND,Technology,Semiconductor Demand,XLP,Equities,Consumer Staples,Consumer Staples,Contextual,20,Single contextual evidence source,False,,True,False,Chip Demand,Defensive Consumer Demand,Economic-driver text match,1.2
SEMICONDUCTOR_DEMAND,Technology,Semiconductor Demand,XLRE,Equities,Real Estate,Real Estate,Contextual,20,Single contextual evidence source,False,,True,False,Chip Demand | End-Market Demand,Property Demand,Economic-driver text match,1.2
SEMICONDUCTOR_DEMAND,Technology,Semiconductor Demand,XLU,Equities,Utilities,Utilities,Contextual,20,Single contextual evidence source,False,,True,False,Chip Demand | End-Market Demand,Data Center Power Demand | Electricity Demand,Economic-driver text match,1.2
SEMICONDUCTOR_DEMAND,Technology,Semiconductor Demand,XLV,Equities,Health Care,Health Care,Contextual,20,Single contextual evidence source,False,,True,False,Chip Demand,Drug / Therapy Demand,Economic-driver text match,1.2
SEMICONDUCTOR_DEMAND,Technology,Semiconductor Demand,XLY,Equities,Consumer Discretionary,Consumer Discretionary,Contextual,20,Single contextual evidence source,False,,True,False,Chip Demand | End-Market Demand,E-Commerce Demand | Travel Demand,Economic-driver text match,1.2
SUPPLY_CHAIN,Technology,Technology Supply Chain,SMH,Equities,Technology,Semiconductors,Contextual,40,Multiple contextual evidence sources,True,Supply Chain,False,True,,,37A-to-37B crosswalk | 37B example exposure,1.2
SUPPLY_CHAIN,Technology,Technology Supply Chain,SOXX,Equities,Technology,Semiconductors,Contextual,40,Multiple contextual evidence sources,True,Supply Chain,False,True,,,37A-to-37B crosswalk | 37B example exposure,1.2
SUPPLY_CHAIN,Technology,Technology Supply Chain,AIRR,Equities,Industrials,Industrial Reshoring,Contextual,20,Single contextual evidence source,False,,True,False,Manufacturing,Manufacturing Investment,Economic-driver text match,1.2
SUPPLY_CHAIN,Technology,Technology Supply Chain,BATT,Equities,Materials,Energy Transition Materials,Contextual,20,Single contextual evidence source,False,,True,False,Manufacturing,Global Manufacturing,Economic-driver text match,1.2
SUPPLY_CHAIN,Technology,Technology Supply Chain,COPX,Equities,Materials,Metals & Mining,Contextual,20,Single contextual evidence source,False,,True,False,Manufacturing,Global Manufacturing,Economic-driver text match,1.2
SUPPLY_CHAIN,Technology,Technology Supply Chain,CPER,Commodities,Metals,Industrial Metals,Contextual,20,Single contextual evidence source,False,,True,False,Manufacturing,Global Manufacturing,Economic-driver text match,1.2
SUPPLY_CHAIN,Technology,Technology Supply Chain,DRAM,Equities,Technology,Semiconductors,Contextual,20,Single contextual evidence source,False,,False,True,,,37B example exposure,1.2
SUPPLY_CHAIN,Technology,Technology Supply Chain,LITP,Equities,Materials,Energy Transition Materials,Contextual,20,Single contextual evidence source,False,,True,False,Manufacturing,Global Manufacturing,Economic-driver text match,1.2
SUPPLY_CHAIN,Technology,Technology Supply Chain,PAVE,Equities,Industrials,Infrastructure,Contextual,20,Single contextual evidence source,False,,True,False,Manufacturing,Manufacturing Investment,Economic-driver text match,1.2
SUPPLY_CHAIN,Technology,Technology Supply Chain,SLX,Equities,Materials,Metals & Mining,Contextual,20,Single contextual evidence source,False,,True,False,Manufacturing,Global Manufacturing,Economic-driver text match,1.2
SUPPLY_CHAIN,Technology,Technology Supply Chain,XLB,Equities,Materials,Materials,Contextual,20,Single contextual evidence source,False,,True,False,Manufacturing,Global Manufacturing,Economic-driver text match,1.2
SUPPLY_CHAIN,Technology,Technology Supply Chain,XLI,Equities,Industrials,Industrials,Contextual,20,Single contextual evidence source,False,,True,False,Manufacturing,Manufacturing Investment,Economic-driver text match,1.2
SUPPLY_CHAIN,Technology,Technology Supply Chain,XLK,Equities,Technology,Technology,Contextual,20,Single contextual evidence source,False,,False,True,,,37B example exposure,1.2
TECH_EXPORT_RESTRICTIONS,Technology,Technology Export Restrictions,DRAM,Equities,Technology,Semiconductors,Contextual,40,Multiple contextual evidence sources,True,Export Restrictions,False,True,,,37A-to-37B crosswalk | 37B example exposure,1.2
TECH_EXPORT_RESTRICTIONS,Technology,Technology Export Restrictions,SMH,Equities,Technology,Semiconductors,Contextual,40,Multiple contextual evidence sources,True,Export Restrictions | Technology Trade Policy,True,True,Semiconductor Trade,Semiconductor Demand | Semiconductor Equipment Spending,37A-to-37B crosswalk | Economic-driver text match | 37B example exposure,1.2
TECH_EXPORT_RESTRICTIONS,Technology,Technology Export Restrictions,SOXX,Equities,Technology,Semiconductors,Contextual,40,Multiple contextual evidence sources,True,Export Restrictions | Technology Trade Policy,True,True,Semiconductor Trade,Semiconductor Demand | Semiconductor Equipment Spending,37A-to-37B crosswalk | Economic-driver text match | 37B example exposure,1.2
TECH_EXPORT_RESTRICTIONS,Technology,Technology Export Restrictions,XLK,Equities,Technology,Technology,Contextual,40,Multiple contextual evidence sources,False,,True,True,Technology Restrictions,Technology Spending,Economic-driver text match | 37B example exposure,1.2
TECH_EXPORT_RESTRICTIONS,Technology,Technology Export Restrictions,AIQ,Equities,Technology,AI & Automation,Contextual,20,Single contextual evidence source,False,,True,False,Technology Restrictions,Technology Earnings,Economic-driver text match,1.2
TECH_EXPORT_RESTRICTIONS,Technology,Technology Export Restrictions,BOTZ,Equities,Technology,AI & Automation,Contextual,20,Single contextual evidence source,False,,True,False,Technology Restrictions,Technology Earnings,Economic-driver text match,1.2
TECH_EXPORT_RESTRICTIONS,Technology,Technology Export Restrictions,CORN,Commodities,Agriculture,Agriculture Commodities,Contextual,20,Single contextual evidence source,False,,True,False,Export Controls,Export Demand,Economic-driver text match,1.2
TECH_EXPORT_RESTRICTIONS,Technology,Technology Export Restrictions,DBA,Commodities,Agriculture,Agriculture Commodities,Contextual,20,Single contextual evidence source,False,,True,False,Export Controls | Semiconductor Trade,Export Demand | Trade Policy,Economic-driver text match,1.2
TECH_EXPORT_RESTRICTIONS,Technology,Technology Export Restrictions,IGV,Equities,Technology,Software,Contextual,20,Single contextual evidence source,False,,True,False,Technology Restrictions,Technology Earnings,Economic-driver text match,1.2
TECH_EXPORT_RESTRICTIONS,Technology,Technology Export Restrictions,SKYY,Equities,Technology,Cloud & Software,Contextual,20,Single contextual evidence source,False,,True,False,Technology Restrictions,Technology Earnings,Economic-driver text match,1.2
TECH_EXPORT_RESTRICTIONS,Technology,Technology Export Restrictions,UNG,Commodities,Energy,Energy Commodities,Contextual,20,Single contextual evidence source,False,,True,False,Export Controls,LNG Export Demand,Economic-driver text match,1.2
TECH_EXPORT_RESTRICTIONS,Technology,Technology Export Restrictions,WEAT,Commodities,Agriculture,Agriculture Commodities,Contextual,20,Single contextual evidence source,False,,True,False,Export Controls | Technology Restrictions,Export Availability | Export Restrictions,Economic-driver text match,1.2
TECH_SPENDING,Technology,Technology Spending,AIQ,Equities,Technology,AI & Automation,Contextual,40,Multiple contextual evidence sources,False,,True,True,Cloud Spending | Enterprise IT | Software Spending | Technology Budgets,Automation Spending | Cloud Spending | Enterprise AI Adoption | Enterprise IT Spending | Technology Earnings,Economic-driver text match | 37B example exposure,1.2
TECH_SPENDING,Technology,Technology Spending,CIBR,Equities,Technology,Cybersecurity,Contextual,40,Multiple contextual evidence sources,True,Technology Spending,True,False,Cloud Spending | Enterprise IT | Software Spending,Cloud Spending | Cybersecurity Spending | Enterprise IT Spending,37A-to-37B crosswalk | Economic-driver text match,1.2
TECH_SPENDING,Technology,Technology Spending,IGV,Equities,Technology,Software,Contextual,40,Multiple contextual evidence sources,False,,True,True,Cloud Spending | Enterprise IT | Software Spending | Technology Budgets,Cloud Spending | Enterprise IT Spending | Enterprise Software Spending | Technology Earnings,Economic-driver text match | 37B example exposure,1.2
TECH_SPENDING,Technology,Technology Spending,XLK,Equities,Technology,Technology,Contextual,40,Multiple contextual evidence sources,False,,True,True,Cloud Spending | Enterprise IT | Software Spending | Technology Budgets,Cloud Spending | Enterprise IT Spending | Technology Spending,Economic-driver text match | 37B example exposure,1.2
TECH_SPENDING,Technology,Technology Spending,AIRR,Equities,Industrials,Industrial Reshoring,Contextual,20,Single contextual evidence source,False,,True,False,Cloud Spending | Software Spending,Defense Spending | Government Spending | Infrastructure Spending,Economic-driver text match,1.2
TECH_SPENDING,Technology,Technology Spending,AWAY,Equities,Consumer Discretionary,Travel & Leisure,Contextual,20,Single contextual evidence source,False,,True,False,Cloud Spending | Software Spending,Consumer Spending,Economic-driver text match,1.2
TECH_SPENDING,Technology,Technology Spending,BATT,Equities,Materials,Energy Transition Materials,Contextual,20,Single contextual evidence source,False,,True,False,Cloud Spending | Software Spending,Infrastructure Spending,Economic-driver text match,1.2
TECH_SPENDING,Technology,Technology Spending,BETZ,Equities,Consumer Discretionary,Gaming & Betting,Contextual,20,Single contextual evidence source,False,,True,False,Cloud Spending | Software Spending,Consumer Spending,Economic-driver text match,1.2
TECH_SPENDING,Technology,Technology Spending,BOTZ,Equities,Technology,AI & Automation,Contextual,20,Single contextual evidence source,False,,True,False,Cloud Spending | Enterprise IT | Software Spending | Technology Budgets,Automation Spending | Cloud Spending | Enterprise AI Adoption | Enterprise IT Spending | Technology Earnings,Economic-driver text match,1.2
TECH_SPENDING,Technology,Technology Spending,COPX,Equities,Materials,Metals & Mining,Contextual,20,Single contextual evidence source,False,,True,False,Cloud Spending | Software Spending,Infrastructure Spending,Economic-driver text match,1.2
TECH_SPENDING,Technology,Technology Spending,CPER,Commodities,Metals,Industrial Metals,Contextual,20,Single contextual evidence source,False,,True,False,Cloud Spending | Software Spending,Infrastructure Spending,Economic-driver text match,1.2
TECH_SPENDING,Technology,Technology Spending,ITA,Equities,Industrials,Aerospace & Defense,Contextual,20,Single contextual evidence source,False,,True,False,Cloud Spending | Software Spending | Technology Budgets,Defense Budgets | Defense Spending,Economic-driver text match,1.2
TECH_SPENDING,Technology,Technology Spending,LITP,Equities,Materials,Energy Transition Materials,Contextual,20,Single contextual evidence source,False,,True,False,Cloud Spending | Software Spending,Infrastructure Spending,Economic-driver text match,1.2
TECH_SPENDING,Technology,Technology Spending,ONLN,Equities,Consumer Discretionary,E-Commerce,Contextual,20,Single contextual evidence source,False,,True,False,Cloud Spending | Software Spending,Consumer Spending,Economic-driver text match,1.2
TECH_SPENDING,Technology,Technology Spending,PAVE,Equities,Industrials,Infrastructure,Contextual,20,Single contextual evidence source,False,,True,False,Cloud Spending | Software Spending,Defense Spending | Government Spending | Infrastructure Spending,Economic-driver text match,1.2
TECH_SPENDING,Technology,Technology Spending,PEJ,Equities,Consumer Discretionary,Travel & Leisure,Contextual,20,Single contextual evidence source,False,,True,False,Cloud Spending | Software Spending,Consumer Spending,Economic-driver text match,1.2
TECH_SPENDING,Technology,Technology Spending,QQQ,Equities,Broad Market,Large Cap Growth,Contextual,20,Single contextual evidence source,False,,False,True,,,37B example exposure,1.2
TECH_SPENDING,Technology,Technology Spending,SKYY,Equities,Technology,Cloud & Software,Contextual,20,Single contextual evidence source,False,,True,False,Cloud Spending | Enterprise IT | Software Spending | Technology Budgets,Cloud Spending | Enterprise IT Spending | Enterprise Software Spending | Technology Earnings,Economic-driver text match,1.2
TECH_SPENDING,Technology,Technology Spending,SLX,Equities,Materials,Metals & Mining,Contextual,20,Single contextual evidence source,False,,True,False,Cloud Spending | Software Spending,Infrastructure Spending,Economic-driver text match,1.2
TECH_SPENDING,Technology,Technology Spending,SMH,Equities,Technology,Semiconductors,Contextual,20,Single contextual evidence source,False,,True,False,Cloud Spending | Software Spending,Semiconductor Equipment Spending,Economic-driver text match,1.2
TECH_SPENDING,Technology,Technology Spending,SOXX,Equities,Technology,Semiconductors,Contextual,20,Single contextual evidence source,False,,True,False,Cloud Spending | Software Spending,Semiconductor Equipment Spending,Economic-driver text match,1.2
TECH_SPENDING,Technology,Technology Spending,SRVR,Equities,Real Estate,Digital Infrastructure,Contextual,20,Single contextual evidence source,False,,True,False,Cloud Spending,Cloud Capital Expenditure,Economic-driver text match,1.2
TECH_SPENDING,Technology,Technology Spending,XLB,Equities,Materials,Materials,Contextual,20,Single contextual evidence source,False,,True,False,Cloud Spending | Software Spending,Infrastructure Spending,Economic-driver text match,1.2
TECH_SPENDING,Technology,Technology Spending,XLC,Equities,Communication Services,Communication Services,Contextual,20,Single contextual evidence source,False,,True,False,Cloud Spending | Software Spending,Consumer Spending | Content Spending,Economic-driver text match,1.2
TECH_SPENDING,Technology,Technology Spending,XLI,Equities,Industrials,Industrials,Contextual,20,Single contextual evidence source,False,,True,False,Cloud Spending | Software Spending,Defense Spending | Government Spending | Infrastructure Spending,Economic-driver text match,1.2
TECH_SPENDING,Technology,Technology Spending,XLP,Equities,Consumer Staples,Consumer Staples,Contextual,20,Single contextual evidence source,False,,True,False,Cloud Spending | Software Spending,Household Spending,Economic-driver text match,1.2
TECH_SPENDING,Technology,Technology Spending,XLY,Equities,Consumer Discretionary,Consumer Discretionary,Contextual,20,Single contextual evidence source,False,,True,False,Cloud Spending | Software Spending,Consumer Spending,Economic-driver text match,1.2
TRADE_POLICY,Geopolitical,Trade Policy,CORN,Commodities,Agriculture,Agriculture Commodities,Contextual,40,Multiple contextual evidence sources,True,Trade Policy,True,False,Export Restrictions,Export Demand,37A-to-37B crosswalk | Economic-driver text match,1.2
TRADE_POLICY,Geopolitical,Trade Policy,DBA,Commodities,Agriculture,Agriculture Commodities,Contextual,40,Multiple contextual evidence sources,True,Trade Policy,True,False,Export Restrictions | Trade Agreements,Export Demand | Trade Policy,37A-to-37B crosswalk | Economic-driver text match,1.2
TRADE_POLICY,Geopolitical,Trade Policy,SMH,Equities,Technology,Semiconductors,Contextual,40,Multiple contextual evidence sources,True,Export Restrictions | Technology Trade Policy,False,True,,,37A-to-37B crosswalk | 37B example exposure,1.2
TRADE_POLICY,Geopolitical,Trade Policy,SOXX,Equities,Technology,Semiconductors,Contextual,40,Multiple contextual evidence sources,True,Export Restrictions | Technology Trade Policy,False,True,,,37A-to-37B crosswalk | 37B example exposure,1.2
TRADE_POLICY,Geopolitical,Trade Policy,WEAT,Commodities,Agriculture,Agriculture Commodities,Contextual,40,Multiple contextual evidence sources,True,Trade Policy,True,False,Export Restrictions | Import Restrictions,Export Availability | Export Restrictions,37A-to-37B crosswalk | Economic-driver text match,1.2
TRADE_POLICY,Geopolitical,Trade Policy,DRAM,Equities,Technology,Semiconductors,Contextual,20,Single contextual evidence source,True,Export Restrictions,False,False,,,37A-to-37B crosswalk,1.2
TRADE_POLICY,Geopolitical,Trade Policy,QQQ,Equities,Broad Market,Large Cap Growth,Contextual,20,Single contextual evidence source,False,,False,True,,,37B example exposure,1.2
TRADE_POLICY,Geopolitical,Trade Policy,SPY,Equities,Broad Market,Large Cap U.S.,Contextual,20,Single contextual evidence source,False,,False,True,,,37B example exposure,1.2
TRADE_POLICY,Geopolitical,Trade Policy,UNG,Commodities,Energy,Energy Commodities,Contextual,20,Single contextual evidence source,False,,True,False,Export Restrictions,LNG Export Demand,Economic-driver text match,1.2
TRADE_POLICY,Geopolitical,Trade Policy,XLB,Equities,Materials,Materials,Contextual,20,Single contextual evidence source,False,,False,True,,,37B example exposure,1.2
TRADE_POLICY,Geopolitical,Trade Policy,XLI,Equities,Industrials,Industrials,Contextual,20,Single contextual evidence source,False,,False,True,,,37B example exposure,1.2
TRAVEL_DEMAND,Consumer,Travel Demand,AWAY,Equities,Consumer Discretionary,Travel & Leisure,Contextual,40,Multiple contextual evidence sources,False,,True,True,Hotel Demand,E-Commerce Demand | Travel Demand,Economic-driver text match | 37B example exposure,1.2
TRAVEL_DEMAND,Consumer,Travel Demand,XLY,Equities,Consumer Discretionary,Consumer Discretionary,Contextual,40,Multiple contextual evidence sources,False,,True,True,Hotel Demand,E-Commerce Demand | Travel Demand,Economic-driver text match | 37B example exposure,1.2
TRAVEL_DEMAND,Consumer,Travel Demand,AIRR,Equities,Industrials,Industrial Reshoring,Contextual,20,Single contextual evidence source,False,,True,False,Hotel Demand,Transportation Demand,Economic-driver text match,1.2
TRAVEL_DEMAND,Consumer,Travel Demand,AMLP,Equities,Energy,Energy Infrastructure,Contextual,20,Single contextual evidence source,False,,True,False,Hotel Demand,Energy Infrastructure Demand,Economic-driver text match,1.2
TRAVEL_DEMAND,Consumer,Travel Demand,ARKG,Equities,Health Care,Biotech & Genomics,Contextual,20,Single contextual evidence source,False,,True,False,Hotel Demand,Drug / Therapy Demand,Economic-driver text match,1.2
TRAVEL_DEMAND,Consumer,Travel Demand,BATT,Equities,Materials,Energy Transition Materials,Contextual,20,Single contextual evidence source,False,,True,False,Hotel Demand,China Demand | Energy Transition Demand | Industrial Demand,Economic-driver text match,1.2
TRAVEL_DEMAND,Consumer,Travel Demand,BETZ,Equities,Consumer Discretionary,Gaming & Betting,Contextual,20,Single contextual evidence source,False,,True,False,Hotel Demand,E-Commerce Demand | Travel Demand,Economic-driver text match,1.2
TRAVEL_DEMAND,Consumer,Travel Demand,COPX,Equities,Materials,Metals & Mining,Contextual,20,Single contextual evidence source,False,,True,False,Hotel Demand,China Demand | Energy Transition Demand | Industrial Demand,Economic-driver text match,1.2
TRAVEL_DEMAND,Consumer,Travel Demand,CORN,Commodities,Agriculture,Agriculture Commodities,Contextual,20,Single contextual evidence source,False,,True,False,Hotel Demand,Ethanol Demand | Export Demand,Economic-driver text match,1.2
TRAVEL_DEMAND,Consumer,Travel Demand,CPER,Commodities,Metals,Industrial Metals,Contextual,20,Single contextual evidence source,False,,True,False,Hotel Demand,China Demand | Energy Transition Demand | Industrial Metals Demand,Economic-driver text match,1.2
TRAVEL_DEMAND,Consumer,Travel Demand,DBA,Commodities,Agriculture,Agriculture Commodities,Contextual,20,Single contextual evidence source,False,,True,False,Hotel Demand,Agricultural Demand | Export Demand,Economic-driver text match,1.2
TRAVEL_DEMAND,Consumer,Travel Demand,DRAM,Equities,Technology,Semiconductors,Contextual,20,Single contextual evidence source,False,,True,False,Hotel Demand,AI Infrastructure Demand | HBM Demand | PC Demand | Smartphone Demand,Economic-driver text match,1.2
TRAVEL_DEMAND,Consumer,Travel Demand,ETHE,Digital Assets,Crypto,Crypto Assets,Contextual,20,Single contextual evidence source,False,,True,False,Hotel Demand,Ethereum Spot Demand,Economic-driver text match,1.2
TRAVEL_DEMAND,Consumer,Travel Demand,GLD,Commodities,Precious Metals,Precious Metals,Contextual,20,Single contextual evidence source,False,,True,False,Hotel Demand,Central Bank Demand | Central Bank Gold Demand | Physical Demand | Safe-Haven Demand,Economic-driver text match,1.2
TRAVEL_DEMAND,Consumer,Travel Demand,IBB,Equities,Health Care,Biotechnology,Contextual,20,Single contextual evidence source,False,,True,False,Hotel Demand,Drug / Therapy Demand,Economic-driver text match,1.2
TRAVEL_DEMAND,Consumer,Travel Demand,IBIT,Digital Assets,Crypto,Crypto Assets,Contextual,20,Single contextual evidence source,False,,True,False,Hotel Demand,Bitcoin Spot Demand,Economic-driver text match,1.2
TRAVEL_DEMAND,Consumer,Travel Demand,IEF,Fixed Income,Treasuries,Intermediate Treasuries,Contextual,20,Single contextual evidence source,False,,True,False,Hotel Demand,Safe-Haven Demand,Economic-driver text match,1.2
TRAVEL_DEMAND,Consumer,Travel Demand,ITA,Equities,Industrials,Aerospace & Defense,Contextual,20,Single contextual evidence source,False,,True,False,Hotel Demand,Aircraft Demand | Geopolitical Security Demand,Economic-driver text match,1.2
TRAVEL_DEMAND,Consumer,Travel Demand,LITP,Equities,Materials,Energy Transition Materials,Contextual,20,Single contextual evidence source,False,,True,False,Hotel Demand,China Demand | Energy Transition Demand | Industrial Demand,Economic-driver text match,1.2
TRAVEL_DEMAND,Consumer,Travel Demand,ONLN,Equities,Consumer Discretionary,E-Commerce,Contextual,20,Single contextual evidence source,False,,True,False,Hotel Demand,E-Commerce Demand | Travel Demand,Economic-driver text match,1.2
TRAVEL_DEMAND,Consumer,Travel Demand,PAVE,Equities,Industrials,Infrastructure,Contextual,20,Single contextual evidence source,False,,True,False,Hotel Demand,Transportation Demand,Economic-driver text match,1.2
TRAVEL_DEMAND,Consumer,Travel Demand,PDBC,Commodities,Broad Commodities,Broad Commodities,Contextual,20,Single contextual evidence source,False,,True,False,Hotel Demand,Global Supply / Demand,Economic-driver text match,1.2
TRAVEL_DEMAND,Consumer,Travel Demand,PEJ,Equities,Consumer Discretionary,Travel & Leisure,Contextual,20,Single contextual evidence source,False,,True,False,Hotel Demand,E-Commerce Demand | Travel Demand,Economic-driver text match,1.2
TRAVEL_DEMAND,Consumer,Travel Demand,PPH,Equities,Health Care,Pharmaceuticals,Contextual,20,Single contextual evidence source,False,,True,False,Hotel Demand,Drug / Therapy Demand,Economic-driver text match,1.2
TRAVEL_DEMAND,Consumer,Travel Demand,REZ,Equities,Real Estate,Real Estate,Contextual,20,Single contextual evidence source,False,,True,False,Hotel Demand,Property Demand,Economic-driver text match,1.2
TRAVEL_DEMAND,Consumer,Travel Demand,SHY,Fixed Income,Treasuries,Short Treasuries,Contextual,20,Single contextual evidence source,False,,True,False,Hotel Demand,Safe-Haven Demand,Economic-driver text match,1.2
TRAVEL_DEMAND,Consumer,Travel Demand,SLV,Commodities,Precious Metals,Precious Metals,Contextual,20,Single contextual evidence source,False,,True,False,Hotel Demand,Industrial Silver Demand | Precious Metals Demand | Solar / Electronics Demand,Economic-driver text match,1.2
TRAVEL_DEMAND,Consumer,Travel Demand,SLX,Equities,Materials,Metals & Mining,Contextual,20,Single contextual evidence source,False,,True,False,Hotel Demand,China Demand | Energy Transition Demand | Industrial Demand,Economic-driver text match,1.2
TRAVEL_DEMAND,Consumer,Travel Demand,SMH,Equities,Technology,Semiconductors,Contextual,20,Single contextual evidence source,False,,True,False,Hotel Demand,AI Infrastructure Demand | Consumer Electronics Demand | Semiconductor Demand,Economic-driver text match,1.2
TRAVEL_DEMAND,Consumer,Travel Demand,SOXX,Equities,Technology,Semiconductors,Contextual,20,Single contextual evidence source,False,,True,False,Hotel Demand,AI Infrastructure Demand | Consumer Electronics Demand | Semiconductor Demand,Economic-driver text match,1.2
TRAVEL_DEMAND,Consumer,Travel Demand,SRVR,Equities,Real Estate,Digital Infrastructure,Contextual,20,Single contextual evidence source,False,,True,False,Hotel Demand,Data Center Demand,Economic-driver text match,1.2
TRAVEL_DEMAND,Consumer,Travel Demand,TIP,Fixed Income,Treasuries,Inflation-Protected Bonds,Contextual,20,Single contextual evidence source,False,,True,False,Hotel Demand,Safe-Haven Demand,Economic-driver text match,1.2
TRAVEL_DEMAND,Consumer,Travel Demand,TLT,Fixed Income,Treasuries,Long Treasuries,Contextual,20,Single contextual evidence source,False,,True,False,Hotel Demand,Safe-Haven Demand,Economic-driver text match,1.2
TRAVEL_DEMAND,Consumer,Travel Demand,UNG,Commodities,Energy,Energy Commodities,Contextual,20,Single contextual evidence source,False,,True,False,Hotel Demand,LNG Export Demand | Power Demand,Economic-driver text match,1.2
TRAVEL_DEMAND,Consumer,Travel Demand,USO,Commodities,Energy,Energy Commodities,Contextual,20,Single contextual evidence source,False,,True,False,Hotel Demand,Global Oil Demand,Economic-driver text match,1.2
TRAVEL_DEMAND,Consumer,Travel Demand,UUP,Currencies,U.S. Dollar,Currencies,Contextual,20,Single contextual evidence source,False,,True,False,Hotel Demand,Safe-Haven Demand | Safe-Haven Dollar Demand,Economic-driver text match,1.2
TRAVEL_DEMAND,Consumer,Travel Demand,VIXY,Volatility,Equity Volatility,Volatility,Contextual,20,Single contextual evidence source,False,,True,False,Hotel Demand,Options Demand,Economic-driver text match,1.2
TRAVEL_DEMAND,Consumer,Travel Demand,VNQ,Equities,Real Estate,Real Estate,Contextual,20,Single contextual evidence source,False,,True,False,Hotel Demand,Property Demand,Economic-driver text match,1.2
TRAVEL_DEMAND,Consumer,Travel Demand,XBI,Equities,Health Care,Biotechnology,Contextual,20,Single contextual evidence source,False,,True,False,Hotel Demand,Drug / Therapy Demand,Economic-driver text match,1.2
TRAVEL_DEMAND,Consumer,Travel Demand,XLB,Equities,Materials,Materials,Contextual,20,Single contextual evidence source,False,,True,False,Hotel Demand,China Demand | Energy Transition Demand | Industrial Demand,Economic-driver text match,1.2
TRAVEL_DEMAND,Consumer,Travel Demand,XLC,Equities,Communication Services,Communication Services,Contextual,20,Single contextual evidence source,False,,True,False,Hotel Demand,Advertising Demand,Economic-driver text match,1.2
TRAVEL_DEMAND,Consumer,Travel Demand,XLE,Equities,Energy,Energy,Contextual,20,Single contextual evidence source,False,,True,False,Hotel Demand,Energy Demand,Economic-driver text match,1.2
TRAVEL_DEMAND,Consumer,Travel Demand,XLI,Equities,Industrials,Industrials,Contextual,20,Single contextual evidence source,False,,True,False,Hotel Demand,Transportation Demand,Economic-driver text match,1.2
TRAVEL_DEMAND,Consumer,Travel Demand,XLP,Equities,Consumer Staples,Consumer Staples,Contextual,20,Single contextual evidence source,False,,True,False,Hotel Demand,Defensive Consumer Demand,Economic-driver text match,1.2
TRAVEL_DEMAND,Consumer,Travel Demand,XLRE,Equities,Real Estate,Real Estate,Contextual,20,Single contextual evidence source,False,,True,False,Hotel Demand,Property Demand,Economic-driver text match,1.2
TRAVEL_DEMAND,Consumer,Travel Demand,XLU,Equities,Utilities,Utilities,Contextual,20,Single contextual evidence source,False,,True,False,Hotel Demand,Data Center Power Demand | Electricity Demand,Economic-driver text match,1.2
TRAVEL_DEMAND,Consumer,Travel Demand,XLV,Equities,Health Care,Health Care,Contextual,20,Single contextual evidence source,False,,True,False,Hotel Demand,Drug / Therapy Demand,Economic-driver text match,1.2
TREASURY_AUCTION,Rates,Treasury Auction,IEF,Fixed Income,Treasuries,Intermediate Treasuries,Contextual,40,Multiple contextual evidence sources,True,Treasury Market,True,True,Indirect Demand,Safe-Haven Demand,37A-to-37B crosswalk | Economic-driver text match | 37B example exposure,1.2
TREASURY_AUCTION,Rates,Treasury Auction,SHY,Fixed Income,Treasuries,Short Treasuries,Contextual,40,Multiple contextual evidence sources,True,Treasury Market,True,True,Indirect Demand,Safe-Haven Demand,37A-to-37B crosswalk | Economic-driver text match | 37B example exposure,1.2
TREASURY_AUCTION,Rates,Treasury Auction,TIP,Fixed Income,Treasuries,Inflation-Protected Bonds,Contextual,40,Multiple contextual evidence sources,True,Treasury Market,True,False,Indirect Demand,Safe-Haven Demand,37A-to-37B crosswalk | Economic-driver text match,1.2
TREASURY_AUCTION,Rates,Treasury Auction,TLT,Fixed Income,Treasuries,Long Treasuries,Contextual,40,Multiple contextual evidence sources,True,Treasury Market,True,True,Indirect Demand,Safe-Haven Demand,37A-to-37B crosswalk | Economic-driver text match | 37B example exposure,1.2
TREASURY_AUCTION,Rates,Treasury Auction,AIRR,Equities,Industrials,Industrial Reshoring,Contextual,20,Single contextual evidence source,False,,True,False,Indirect Demand,Transportation Demand,Economic-driver text match,1.2
TREASURY_AUCTION,Rates,Treasury Auction,AMLP,Equities,Energy,Energy Infrastructure,Contextual,20,Single contextual evidence source,False,,True,False,Indirect Demand,Energy Infrastructure Demand,Economic-driver text match,1.2
TREASURY_AUCTION,Rates,Treasury Auction,ARKG,Equities,Health Care,Biotech & Genomics,Contextual,20,Single contextual evidence source,False,,True,False,Indirect Demand,Drug / Therapy Demand,Economic-driver text match,1.2
TREASURY_AUCTION,Rates,Treasury Auction,AWAY,Equities,Consumer Discretionary,Travel & Leisure,Contextual,20,Single contextual evidence source,False,,True,False,Indirect Demand,E-Commerce Demand | Travel Demand,Economic-driver text match,1.2
TREASURY_AUCTION,Rates,Treasury Auction,BATT,Equities,Materials,Energy Transition Materials,Contextual,20,Single contextual evidence source,False,,True,False,Indirect Demand,China Demand | Energy Transition Demand | Industrial Demand,Economic-driver text match,1.2
TREASURY_AUCTION,Rates,Treasury Auction,BETZ,Equities,Consumer Discretionary,Gaming & Betting,Contextual,20,Single contextual evidence source,False,,True,False,Indirect Demand,E-Commerce Demand | Travel Demand,Economic-driver text match,1.2
TREASURY_AUCTION,Rates,Treasury Auction,COPX,Equities,Materials,Metals & Mining,Contextual,20,Single contextual evidence source,False,,True,False,Indirect Demand,China Demand | Energy Transition Demand | Industrial Demand,Economic-driver text match,1.2
TREASURY_AUCTION,Rates,Treasury Auction,CORN,Commodities,Agriculture,Agriculture Commodities,Contextual,20,Single contextual evidence source,False,,True,False,Indirect Demand,Ethanol Demand | Export Demand,Economic-driver text match,1.2
TREASURY_AUCTION,Rates,Treasury Auction,CPER,Commodities,Metals,Industrial Metals,Contextual,20,Single contextual evidence source,False,,True,False,Indirect Demand,China Demand | Energy Transition Demand | Industrial Metals Demand,Economic-driver text match,1.2
TREASURY_AUCTION,Rates,Treasury Auction,DBA,Commodities,Agriculture,Agriculture Commodities,Contextual,20,Single contextual evidence source,False,,True,False,Indirect Demand,Agricultural Demand | Export Demand,Economic-driver text match,1.2
TREASURY_AUCTION,Rates,Treasury Auction,DRAM,Equities,Technology,Semiconductors,Contextual,20,Single contextual evidence source,False,,True,False,Indirect Demand,AI Infrastructure Demand | HBM Demand | PC Demand | Smartphone Demand,Economic-driver text match,1.2
TREASURY_AUCTION,Rates,Treasury Auction,ETHE,Digital Assets,Crypto,Crypto Assets,Contextual,20,Single contextual evidence source,False,,True,False,Indirect Demand,Ethereum Spot Demand,Economic-driver text match,1.2
TREASURY_AUCTION,Rates,Treasury Auction,GLD,Commodities,Precious Metals,Precious Metals,Contextual,20,Single contextual evidence source,False,,True,False,Indirect Demand,Central Bank Demand | Central Bank Gold Demand | Physical Demand | Safe-Haven Demand,Economic-driver text match,1.2
TREASURY_AUCTION,Rates,Treasury Auction,IBB,Equities,Health Care,Biotechnology,Contextual,20,Single contextual evidence source,False,,True,False,Indirect Demand,Drug / Therapy Demand,Economic-driver text match,1.2
TREASURY_AUCTION,Rates,Treasury Auction,IBIT,Digital Assets,Crypto,Crypto Assets,Contextual,20,Single contextual evidence source,False,,True,False,Indirect Demand,Bitcoin Spot Demand,Economic-driver text match,1.2
TREASURY_AUCTION,Rates,Treasury Auction,ITA,Equities,Industrials,Aerospace & Defense,Contextual,20,Single contextual evidence source,False,,True,False,Indirect Demand,Aircraft Demand | Geopolitical Security Demand,Economic-driver text match,1.2
TREASURY_AUCTION,Rates,Treasury Auction,LITP,Equities,Materials,Energy Transition Materials,Contextual,20,Single contextual evidence source,False,,True,False,Indirect Demand,China Demand | Energy Transition Demand | Industrial Demand,Economic-driver text match,1.2
TREASURY_AUCTION,Rates,Treasury Auction,ONLN,Equities,Consumer Discretionary,E-Commerce,Contextual,20,Single contextual evidence source,False,,True,False,Indirect Demand,E-Commerce Demand | Travel Demand,Economic-driver text match,1.2
TREASURY_AUCTION,Rates,Treasury Auction,PAVE,Equities,Industrials,Infrastructure,Contextual,20,Single contextual evidence source,False,,True,False,Indirect Demand,Transportation Demand,Economic-driver text match,1.2
TREASURY_AUCTION,Rates,Treasury Auction,PDBC,Commodities,Broad Commodities,Broad Commodities,Contextual,20,Single contextual evidence source,False,,True,False,Indirect Demand,Global Supply / Demand,Economic-driver text match,1.2
TREASURY_AUCTION,Rates,Treasury Auction,PEJ,Equities,Consumer Discretionary,Travel & Leisure,Contextual,20,Single contextual evidence source,False,,True,False,Indirect Demand,E-Commerce Demand | Travel Demand,Economic-driver text match,1.2
TREASURY_AUCTION,Rates,Treasury Auction,PPH,Equities,Health Care,Pharmaceuticals,Contextual,20,Single contextual evidence source,False,,True,False,Indirect Demand,Drug / Therapy Demand,Economic-driver text match,1.2
TREASURY_AUCTION,Rates,Treasury Auction,REZ,Equities,Real Estate,Real Estate,Contextual,20,Single contextual evidence source,False,,True,False,Indirect Demand,Property Demand,Economic-driver text match,1.2
TREASURY_AUCTION,Rates,Treasury Auction,SLV,Commodities,Precious Metals,Precious Metals,Contextual,20,Single contextual evidence source,False,,True,False,Indirect Demand,Industrial Silver Demand | Precious Metals Demand | Solar / Electronics Demand,Economic-driver text match,1.2
TREASURY_AUCTION,Rates,Treasury Auction,SLX,Equities,Materials,Metals & Mining,Contextual,20,Single contextual evidence source,False,,True,False,Indirect Demand,China Demand | Energy Transition Demand | Industrial Demand,Economic-driver text match,1.2
TREASURY_AUCTION,Rates,Treasury Auction,SMH,Equities,Technology,Semiconductors,Contextual,20,Single contextual evidence source,False,,True,False,Indirect Demand,AI Infrastructure Demand | Consumer Electronics Demand | Semiconductor Demand,Economic-driver text match,1.2
TREASURY_AUCTION,Rates,Treasury Auction,SOXX,Equities,Technology,Semiconductors,Contextual,20,Single contextual evidence source,False,,True,False,Indirect Demand,AI Infrastructure Demand | Consumer Electronics Demand | Semiconductor Demand,Economic-driver text match,1.2
TREASURY_AUCTION,Rates,Treasury Auction,SRVR,Equities,Real Estate,Digital Infrastructure,Contextual,20,Single contextual evidence source,False,,True,False,Indirect Demand,Data Center Demand,Economic-driver text match,1.2
TREASURY_AUCTION,Rates,Treasury Auction,UNG,Commodities,Energy,Energy Commodities,Contextual,20,Single contextual evidence source,False,,True,False,Indirect Demand,LNG Export Demand | Power Demand,Economic-driver text match,1.2
TREASURY_AUCTION,Rates,Treasury Auction,USO,Commodities,Energy,Energy Commodities,Contextual,20,Single contextual evidence source,False,,True,False,Indirect Demand,Global Oil Demand,Economic-driver text match,1.2
TREASURY_AUCTION,Rates,Treasury Auction,UUP,Currencies,U.S. Dollar,Currencies,Contextual,20,Single contextual evidence source,False,,True,False,Indirect Demand,Safe-Haven Demand | Safe-Haven Dollar Demand,Economic-driver text match,1.2
TREASURY_AUCTION,Rates,Treasury Auction,VIXY,Volatility,Equity Volatility,Volatility,Contextual,20,Single contextual evidence source,False,,True,False,Indirect Demand,Options Demand,Economic-driver text match,1.2
TREASURY_AUCTION,Rates,Treasury Auction,VNQ,Equities,Real Estate,Real Estate,Contextual,20,Single contextual evidence source,False,,True,False,Indirect Demand,Property Demand,Economic-driver text match,1.2
TREASURY_AUCTION,Rates,Treasury Auction,XBI,Equities,Health Care,Biotechnology,Contextual,20,Single contextual evidence source,False,,True,False,Indirect Demand,Drug / Therapy Demand,Economic-driver text match,1.2
TREASURY_AUCTION,Rates,Treasury Auction,XLB,Equities,Materials,Materials,Contextual,20,Single contextual evidence source,False,,True,False,Indirect Demand,China Demand | Energy Transition Demand | Industrial Demand,Economic-driver text match,1.2
TREASURY_AUCTION,Rates,Treasury Auction,XLC,Equities,Communication Services,Communication Services,Contextual,20,Single contextual evidence source,False,,True,False,Indirect Demand,Advertising Demand,Economic-driver text match,1.2
TREASURY_AUCTION,Rates,Treasury Auction,XLE,Equities,Energy,Energy,Contextual,20,Single contextual evidence source,False,,True,False,Indirect Demand,Energy Demand,Economic-driver text match,1.2
TREASURY_AUCTION,Rates,Treasury Auction,XLI,Equities,Industrials,Industrials,Contextual,20,Single contextual evidence source,False,,True,False,Indirect Demand,Transportation Demand,Economic-driver text match,1.2
TREASURY_AUCTION,Rates,Treasury Auction,XLP,Equities,Consumer Staples,Consumer Staples,Contextual,20,Single contextual evidence source,False,,True,False,Indirect Demand,Defensive Consumer Demand,Economic-driver text match,1.2
TREASURY_AUCTION,Rates,Treasury Auction,XLRE,Equities,Real Estate,Real Estate,Contextual,20,Single contextual evidence source,False,,True,False,Indirect Demand,Property Demand,Economic-driver text match,1.2
TREASURY_AUCTION,Rates,Treasury Auction,XLU,Equities,Utilities,Utilities,Contextual,20,Single contextual evidence source,False,,True,False,Indirect Demand,Data Center Power Demand | Electricity Demand,Economic-driver text match,1.2
TREASURY_AUCTION,Rates,Treasury Auction,XLV,Equities,Health Care,Health Care,Contextual,20,Single contextual evidence source,False,,True,False,Indirect Demand,Drug / Therapy Demand,Economic-driver text match,1.2
TREASURY_AUCTION,Rates,Treasury Auction,XLY,Equities,Consumer Discretionary,Consumer Discretionary,Contextual,20,Single contextual evidence source,False,,True,False,Indirect Demand,E-Commerce Demand | Travel Demand,Economic-driver text match,1.2
TREASURY_SUPPLY,Rates,Treasury Supply,IEF,Fixed Income,Treasuries,Intermediate Treasuries,Contextual,40,Multiple contextual evidence sources,True,Treasury Market,True,True,Treasury Issuance,Treasury Auctions | Treasury Supply | Treasury Yields,37A-to-37B crosswalk | Economic-driver text match | 37B example exposure,1.2
TREASURY_SUPPLY,Rates,Treasury Supply,SHY,Fixed Income,Treasuries,Short Treasuries,Contextual,40,Multiple contextual evidence sources,True,Treasury Market,True,True,Treasury Issuance,Short-Term Treasury Yields | Treasury Auctions | Treasury Supply,37A-to-37B crosswalk | Economic-driver text match | 37B example exposure,1.2
TREASURY_SUPPLY,Rates,Treasury Supply,TIP,Fixed Income,Treasuries,Inflation-Protected Bonds,Contextual,40,Multiple contextual evidence sources,True,Treasury Market,True,False,Treasury Issuance,Treasury Auctions | Treasury Supply | Treasury Yields,37A-to-37B crosswalk | Economic-driver text match,1.2
TREASURY_SUPPLY,Rates,Treasury Supply,TLT,Fixed Income,Treasuries,Long Treasuries,Contextual,40,Multiple contextual evidence sources,True,Treasury Market,True,True,Treasury Issuance,Long-Term Treasury Yields | Treasury Auctions | Treasury Supply,37A-to-37B crosswalk | Economic-driver text match | 37B example exposure,1.2
TREASURY_YIELDS,Rates,Treasury Yield Movement,CORN,Commodities,Agriculture,Agriculture Commodities,Contextual,20,Single contextual evidence source,False,,True,False,10Y Yield | 2Y Yield | 30Y Yield | Yield Curve,Corn Yield,Economic-driver text match,1.2
TREASURY_YIELDS,Rates,Treasury Yield Movement,IAI,Equities,Financials,Capital Markets,Contextual,20,Single contextual evidence source,False,,True,False,10Y Yield | 2Y Yield | 30Y Yield | Yield Curve,Yield Curve,Economic-driver text match,1.2
TREASURY_YIELDS,Rates,Treasury Yield Movement,KBE,Equities,Financials,Banking,Contextual,20,Single contextual evidence source,False,,True,False,10Y Yield | 2Y Yield | 30Y Yield | Yield Curve,Yield Curve,Economic-driver text match,1.2
TREASURY_YIELDS,Rates,Treasury Yield Movement,KBWD,Equities,Financials,Financial Income,Contextual,20,Single contextual evidence source,False,,True,False,10Y Yield | 2Y Yield | 30Y Yield | Yield Curve,Yield Curve,Economic-driver text match,1.2
TREASURY_YIELDS,Rates,Treasury Yield Movement,REZ,Equities,Real Estate,Real Estate,Contextual,20,Single contextual evidence source,False,,True,False,Real Yields,Real Estate Cash Flows,Economic-driver text match,1.2
TREASURY_YIELDS,Rates,Treasury Yield Movement,SLV,Commodities,Precious Metals,Precious Metals,Contextual,20,Single contextual evidence source,False,,True,False,Real Yields,Real Yields,Economic-driver text match,1.2
TREASURY_YIELDS,Rates,Treasury Yield Movement,WEAT,Commodities,Agriculture,Agriculture Commodities,Contextual,20,Single contextual evidence source,False,,True,False,10Y Yield | 2Y Yield | 30Y Yield | Yield Curve,Wheat Yield,Economic-driver text match,1.2
USDA_FORECAST,Agriculture,USDA Forecast,AMLP,Equities,Energy,Energy Infrastructure,Contextual,20,Single contextual evidence source,False,,True,False,Production Estimate,Energy Production,Economic-driver text match,1.2
USDA_FORECAST,Agriculture,USDA Forecast,IAI,Equities,Financials,Capital Markets,Contextual,20,Single contextual evidence source,False,,True,False,Yield Estimate,Yield Curve,Economic-driver text match,1.2
USDA_FORECAST,Agriculture,USDA Forecast,KBE,Equities,Financials,Banking,Contextual,20,Single contextual evidence source,False,,True,False,Yield Estimate,Yield Curve,Economic-driver text match,1.2
USDA_FORECAST,Agriculture,USDA Forecast,KBWD,Equities,Financials,Financial Income,Contextual,20,Single contextual evidence source,False,,True,False,Yield Estimate,Yield Curve,Economic-driver text match,1.2
USDA_FORECAST,Agriculture,USDA Forecast,KRE,Equities,Financials,Banking,Contextual,20,Single contextual evidence source,False,,True,False,Yield Estimate,Yield Curve,Economic-driver text match,1.2
USDA_FORECAST,Agriculture,USDA Forecast,OIH,Equities,Energy,Oil & Gas Services,Contextual,20,Single contextual evidence source,False,,True,False,Production Estimate,U.S. Production,Economic-driver text match,1.2
USDA_FORECAST,Agriculture,USDA Forecast,UNG,Commodities,Energy,Energy Commodities,Contextual,20,Single contextual evidence source,False,,True,False,Production Estimate,Production | U.S. Gas Production,Economic-driver text match,1.2
USDA_FORECAST,Agriculture,USDA Forecast,USO,Commodities,Energy,Energy Commodities,Contextual,20,Single contextual evidence source,False,,True,False,Production Estimate,U.S. Production,Economic-driver text match,1.2
USDA_FORECAST,Agriculture,USDA Forecast,XLE,Equities,Energy,Energy,Contextual,20,Single contextual evidence source,False,,True,False,Production Estimate,U.S. Production,Economic-driver text match,1.2
USDA_FORECAST,Agriculture,USDA Forecast,XLF,Equities,Financials,Financials,Contextual,20,Single contextual evidence source,False,,True,False,Yield Estimate,Yield Curve,Economic-driver text match,1.2
USDA_FORECAST,Agriculture,USDA Forecast,XOP,Equities,Energy,Oil & Gas E&P,Contextual,20,Single contextual evidence source,False,,True,False,Production Estimate,E&P Production Economics | U.S. Oil Production,Economic-driver text match,1.2
UTILITY_DEMAND,Utilities,Utility and Power Demand,SRVR,Equities,Real Estate,Digital Infrastructure,Contextual,40,Multiple contextual evidence sources,False,,True,True,Data Centers | Electricity Demand | Power Load,Data Center Demand | Data Center Leasing | Power Availability,Economic-driver text match | 37B example exposure,1.2
UTILITY_DEMAND,Utilities,Utility and Power Demand,XLU,Equities,Utilities,Utilities,Contextual,40,Multiple contextual evidence sources,False,,True,True,Data Centers | Electricity Demand | Power Load | Weather,Data Center Power Demand | Electricity Demand | Power Prices | Weather,Economic-driver text match | 37B example exposure,1.2
UTILITY_DEMAND,Utilities,Utility and Power Demand,AIRR,Equities,Industrials,Industrial Reshoring,Contextual,20,Single contextual evidence source,False,,True,False,Electricity Demand,Transportation Demand,Economic-driver text match,1.2
UTILITY_DEMAND,Utilities,Utility and Power Demand,AMLP,Equities,Energy,Energy Infrastructure,Contextual,20,Single contextual evidence source,False,,True,False,Electricity Demand,Energy Infrastructure Demand,Economic-driver text match,1.2
UTILITY_DEMAND,Utilities,Utility and Power Demand,ARKG,Equities,Health Care,Biotech & Genomics,Contextual,20,Single contextual evidence source,False,,True,False,Electricity Demand,Drug / Therapy Demand,Economic-driver text match,1.2
UTILITY_DEMAND,Utilities,Utility and Power Demand,AWAY,Equities,Consumer Discretionary,Travel & Leisure,Contextual,20,Single contextual evidence source,False,,True,False,Electricity Demand,E-Commerce Demand | Travel Demand,Economic-driver text match,1.2
UTILITY_DEMAND,Utilities,Utility and Power Demand,BATT,Equities,Materials,Energy Transition Materials,Contextual,20,Single contextual evidence source,False,,True,False,Electricity Demand,China Demand | Energy Transition Demand | Industrial Demand,Economic-driver text match,1.2
UTILITY_DEMAND,Utilities,Utility and Power Demand,BETZ,Equities,Consumer Discretionary,Gaming & Betting,Contextual,20,Single contextual evidence source,False,,True,False,Electricity Demand,E-Commerce Demand | Travel Demand,Economic-driver text match,1.2
UTILITY_DEMAND,Utilities,Utility and Power Demand,COPX,Equities,Materials,Metals & Mining,Contextual,20,Single contextual evidence source,False,,True,False,Electricity Demand,China Demand | Energy Transition Demand | Industrial Demand,Economic-driver text match,1.2
UTILITY_DEMAND,Utilities,Utility and Power Demand,CORN,Commodities,Agriculture,Agriculture Commodities,Contextual,20,Single contextual evidence source,False,,True,False,Electricity Demand | Weather,Ethanol Demand | Export Demand | Weather,Economic-driver text match,1.2
UTILITY_DEMAND,Utilities,Utility and Power Demand,CPER,Commodities,Metals,Industrial Metals,Contextual,20,Single contextual evidence source,False,,True,False,Electricity Demand,China Demand | Energy Transition Demand | Industrial Metals Demand,Economic-driver text match,1.2
UTILITY_DEMAND,Utilities,Utility and Power Demand,DBA,Commodities,Agriculture,Agriculture Commodities,Contextual,20,Single contextual evidence source,False,,True,False,Electricity Demand | Weather,Agricultural Demand | Export Demand | Weather,Economic-driver text match,1.2
UTILITY_DEMAND,Utilities,Utility and Power Demand,DRAM,Equities,Technology,Semiconductors,Contextual,20,Single contextual evidence source,False,,True,False,Data Centers | Electricity Demand,AI Infrastructure Demand | Data Center Capital Expenditure | HBM Demand | PC Demand | Smartphone Demand,Economic-driver text match,1.2
UTILITY_DEMAND,Utilities,Utility and Power Demand,ETHE,Digital Assets,Crypto,Crypto Assets,Contextual,20,Single contextual evidence source,False,,True,False,Electricity Demand,Ethereum Spot Demand,Economic-driver text match,1.2
UTILITY_DEMAND,Utilities,Utility and Power Demand,GLD,Commodities,Precious Metals,Precious Metals,Contextual,20,Single contextual evidence source,False,,True,False,Electricity Demand,Central Bank Demand | Central Bank Gold Demand | Physical Demand | Safe-Haven Demand,Economic-driver text match,1.2
UTILITY_DEMAND,Utilities,Utility and Power Demand,IBB,Equities,Health Care,Biotechnology,Contextual,20,Single contextual evidence source,False,,True,False,Electricity Demand,Drug / Therapy Demand,Economic-driver text match,1.2
UTILITY_DEMAND,Utilities,Utility and Power Demand,IBIT,Digital Assets,Crypto,Crypto Assets,Contextual,20,Single contextual evidence source,False,,True,False,Electricity Demand,Bitcoin Spot Demand,Economic-driver text match,1.2
UTILITY_DEMAND,Utilities,Utility and Power Demand,IEF,Fixed Income,Treasuries,Intermediate Treasuries,Contextual,20,Single contextual evidence source,False,,True,False,Electricity Demand,Safe-Haven Demand,Economic-driver text match,1.2
UTILITY_DEMAND,Utilities,Utility and Power Demand,ITA,Equities,Industrials,Aerospace & Defense,Contextual,20,Single contextual evidence source,False,,True,False,Electricity Demand,Aircraft Demand | Geopolitical Security Demand,Economic-driver text match,1.2
UTILITY_DEMAND,Utilities,Utility and Power Demand,LITP,Equities,Materials,Energy Transition Materials,Contextual,20,Single contextual evidence source,False,,True,False,Electricity Demand,China Demand | Energy Transition Demand | Industrial Demand,Economic-driver text match,1.2
UTILITY_DEMAND,Utilities,Utility and Power Demand,ONLN,Equities,Consumer Discretionary,E-Commerce,Contextual,20,Single contextual evidence source,False,,True,False,Electricity Demand,E-Commerce Demand | Travel Demand,Economic-driver text match,1.2
UTILITY_DEMAND,Utilities,Utility and Power Demand,PAVE,Equities,Industrials,Infrastructure,Contextual,20,Single contextual evidence source,False,,True,False,Electricity Demand,Transportation Demand,Economic-driver text match,1.2
UTILITY_DEMAND,Utilities,Utility and Power Demand,PDBC,Commodities,Broad Commodities,Broad Commodities,Contextual,20,Single contextual evidence source,False,,True,False,Electricity Demand,Global Supply / Demand,Economic-driver text match,1.2
UTILITY_DEMAND,Utilities,Utility and Power Demand,PEJ,Equities,Consumer Discretionary,Travel & Leisure,Contextual,20,Single contextual evidence source,False,,True,False,Electricity Demand,E-Commerce Demand | Travel Demand,Economic-driver text match,1.2
UTILITY_DEMAND,Utilities,Utility and Power Demand,PPH,Equities,Health Care,Pharmaceuticals,Contextual,20,Single contextual evidence source,False,,True,False,Electricity Demand,Drug / Therapy Demand,Economic-driver text match,1.2
UTILITY_DEMAND,Utilities,Utility and Power Demand,REZ,Equities,Real Estate,Real Estate,Contextual,20,Single contextual evidence source,False,,True,False,Electricity Demand,Property Demand,Economic-driver text match,1.2
UTILITY_DEMAND,Utilities,Utility and Power Demand,SHY,Fixed Income,Treasuries,Short Treasuries,Contextual,20,Single contextual evidence source,False,,True,False,Electricity Demand,Safe-Haven Demand,Economic-driver text match,1.2
UTILITY_DEMAND,Utilities,Utility and Power Demand,SLV,Commodities,Precious Metals,Precious Metals,Contextual,20,Single contextual evidence source,False,,True,False,Electricity Demand,Industrial Silver Demand | Precious Metals Demand | Solar / Electronics Demand,Economic-driver text match,1.2
UTILITY_DEMAND,Utilities,Utility and Power Demand,SLX,Equities,Materials,Metals & Mining,Contextual,20,Single contextual evidence source,False,,True,False,Electricity Demand,China Demand | Energy Transition Demand | Industrial Demand,Economic-driver text match,1.2
UTILITY_DEMAND,Utilities,Utility and Power Demand,SMH,Equities,Technology,Semiconductors,Contextual,20,Single contextual evidence source,False,,True,False,Data Centers | Electricity Demand,AI Infrastructure Demand | Consumer Electronics Demand | Data Center Capital Expenditure | Semiconductor Demand,Economic-driver text match,1.2
UTILITY_DEMAND,Utilities,Utility and Power Demand,SOXX,Equities,Technology,Semiconductors,Contextual,20,Single contextual evidence source,False,,True,False,Data Centers | Electricity Demand,AI Infrastructure Demand | Consumer Electronics Demand | Data Center Capital Expenditure | Semiconductor Demand,Economic-driver text match,1.2
UTILITY_DEMAND,Utilities,Utility and Power Demand,TIP,Fixed Income,Treasuries,Inflation-Protected Bonds,Contextual,20,Single contextual evidence source,False,,True,False,Electricity Demand,Safe-Haven Demand,Economic-driver text match,1.2
UTILITY_DEMAND,Utilities,Utility and Power Demand,TLT,Fixed Income,Treasuries,Long Treasuries,Contextual,20,Single contextual evidence source,False,,True,False,Electricity Demand,Safe-Haven Demand,Economic-driver text match,1.2
UTILITY_DEMAND,Utilities,Utility and Power Demand,UNG,Commodities,Energy,Energy Commodities,Contextual,20,Single contextual evidence source,False,,True,False,Electricity Demand | Power Load | Weather,LNG Export Demand | Power Demand | Weather,Economic-driver text match,1.2
UTILITY_DEMAND,Utilities,Utility and Power Demand,USO,Commodities,Energy,Energy Commodities,Contextual,20,Single contextual evidence source,False,,True,False,Electricity Demand,Global Oil Demand,Economic-driver text match,1.2
UTILITY_DEMAND,Utilities,Utility and Power Demand,UUP,Currencies,U.S. Dollar,Currencies,Contextual,20,Single contextual evidence source,False,,True,False,Electricity Demand,Safe-Haven Demand | Safe-Haven Dollar Demand,Economic-driver text match,1.2
UTILITY_DEMAND,Utilities,Utility and Power Demand,VIXY,Volatility,Equity Volatility,Volatility,Contextual,20,Single contextual evidence source,False,,True,False,Electricity Demand,Options Demand,Economic-driver text match,1.2
UTILITY_DEMAND,Utilities,Utility and Power Demand,VNQ,Equities,Real Estate,Real Estate,Contextual,20,Single contextual evidence source,False,,True,False,Electricity Demand,Property Demand,Economic-driver text match,1.2
UTILITY_DEMAND,Utilities,Utility and Power Demand,WEAT,Commodities,Agriculture,Agriculture Commodities,Contextual,20,Single contextual evidence source,False,,True,False,Weather,Weather,Economic-driver text match,1.2
UTILITY_DEMAND,Utilities,Utility and Power Demand,XBI,Equities,Health Care,Biotechnology,Contextual,20,Single contextual evidence source,False,,True,False,Electricity Demand,Drug / Therapy Demand,Economic-driver text match,1.2
UTILITY_DEMAND,Utilities,Utility and Power Demand,XLB,Equities,Materials,Materials,Contextual,20,Single contextual evidence source,False,,True,False,Electricity Demand,China Demand | Energy Transition Demand | Industrial Demand,Economic-driver text match,1.2
UTILITY_DEMAND,Utilities,Utility and Power Demand,XLC,Equities,Communication Services,Communication Services,Contextual,20,Single contextual evidence source,False,,True,False,Electricity Demand,Advertising Demand,Economic-driver text match,1.2
UTILITY_DEMAND,Utilities,Utility and Power Demand,XLE,Equities,Energy,Energy,Contextual,20,Single contextual evidence source,False,,True,False,Electricity Demand,Energy Demand,Economic-driver text match,1.2
UTILITY_DEMAND,Utilities,Utility and Power Demand,XLI,Equities,Industrials,Industrials,Contextual,20,Single contextual evidence source,False,,True,False,Electricity Demand,Transportation Demand,Economic-driver text match,1.2
UTILITY_DEMAND,Utilities,Utility and Power Demand,XLP,Equities,Consumer Staples,Consumer Staples,Contextual,20,Single contextual evidence source,False,,True,False,Electricity Demand | Power Load,Defensive Consumer Demand | Pricing Power,Economic-driver text match,1.2
UTILITY_DEMAND,Utilities,Utility and Power Demand,XLRE,Equities,Real Estate,Real Estate,Contextual,20,Single contextual evidence source,False,,True,False,Electricity Demand,Property Demand,Economic-driver text match,1.2
UTILITY_DEMAND,Utilities,Utility and Power Demand,XLV,Equities,Health Care,Health Care,Contextual,20,Single contextual evidence source,False,,True,False,Electricity Demand,Drug / Therapy Demand,Economic-driver text match,1.2
UTILITY_DEMAND,Utilities,Utility and Power Demand,XLY,Equities,Consumer Discretionary,Consumer Discretionary,Contextual,20,Single contextual evidence source,False,,True,False,Electricity Demand,E-Commerce Demand | Travel Demand,Economic-driver text match,1.2
YIELD_CURVE,Financials,Yield Curve,KRE,Equities,Financials,Banking,Contextual,40,Multiple contextual evidence sources,False,,True,True,Curve Flattening | Curve Steepening,Yield Curve,Economic-driver text match | 37B example exposure,1.2
YIELD_CURVE,Financials,Yield Curve,XLF,Equities,Financials,Financials,Contextual,40,Multiple contextual evidence sources,False,,True,True,Curve Flattening | Curve Steepening,Yield Curve,Economic-driver text match | 37B example exposure,1.2
YIELD_CURVE,Financials,Yield Curve,IAI,Equities,Financials,Capital Markets,Contextual,20,Single contextual evidence source,False,,True,False,Curve Flattening | Curve Steepening,Yield Curve,Economic-driver text match,1.2
YIELD_CURVE,Financials,Yield Curve,IEF,Fixed Income,Treasuries,Intermediate Treasuries,Contextual,20,Single contextual evidence source,False,,False,True,,,37B example exposure,1.2
YIELD_CURVE,Financials,Yield Curve,KBE,Equities,Financials,Banking,Contextual,20,Single contextual evidence source,False,,True,False,Curve Flattening | Curve Steepening,Yield Curve,Economic-driver text match,1.2
YIELD_CURVE,Financials,Yield Curve,KBWD,Equities,Financials,Financial Income,Contextual,20,Single contextual evidence source,False,,True,False,Curve Flattening | Curve Steepening,Yield Curve,Economic-driver text match,1.2
YIELD_CURVE,Financials,Yield Curve,TLT,Fixed Income,Treasuries,Long Treasuries,Contextual,20,Single contextual evidence source,False,,False,True,,,37B example exposure,1.2
